ISO-10303-21;
HEADER;
FILE_DESCRIPTION (( 'STEP AP214' ),
    '1' );
FILE_NAME ('äÓî¬ÉPÅ[ÉX.STEP',
    '2024-10-05T17:40:18',
    ( '' ),
    ( '' ),
    'SwSTEP 2.0',
    'SolidWorks 2023',
    '' );
FILE_SCHEMA (( 'AUTOMOTIVE_DESIGN' ));
ENDSEC;

DATA;
#1 = EDGE_CURVE ( 'NONE', #888, #1858, #2215, .T. ) ;
#2 = ORIENTED_EDGE ( 'NONE', *, *, #182, .T. ) ;
#3 = DIRECTION ( 'NONE',  ( 0.000000000000000000, 0.000000000000000000, 1.000000000000000000 ) ) ;
#4 = EDGE_CURVE ( 'NONE', #638, #1120, #1215, .T. ) ;
#5 = ORIENTED_EDGE ( 'NONE', *, *, #259, .F. ) ;
#6 = DIRECTION ( 'NONE',  ( 0.000000000000000000, 0.000000000000000000, 1.000000000000000000 ) ) ;
#7 = CARTESIAN_POINT ( 'NONE',  ( 92.00000000000000000, 3.000000000000000000, 38.00000000000000711 ) ) ;
#8 = CARTESIAN_POINT ( 'NONE',  ( 92.00000000000000000, 3.000000000000000000, 23.00000000000000711 ) ) ;
#9 = ORIENTED_EDGE ( 'NONE', *, *, #471, .F. ) ;
#10 = LINE ( 'NONE', #757, #1912 ) ;
#11 = CARTESIAN_POINT ( 'NONE',  ( 15.00000000000000711, 15.00000000000000000, 2.999999999999999112 ) ) ;
#12 = VERTEX_POINT ( 'NONE', #2223 ) ;
#13 = DIRECTION ( 'NONE',  ( 1.000000000000000000, 0.000000000000000000, 0.000000000000000000 ) ) ;
#14 = EDGE_CURVE ( 'NONE', #2204, #751, #2194, .T. ) ;
#15 = VERTEX_POINT ( 'NONE', #706 ) ;
#16 = ADVANCED_FACE ( 'NONE', ( #1566 ), #142, .T. ) ;
#17 = LINE ( 'NONE', #889, #740 ) ;
#18 = CYLINDRICAL_SURFACE ( 'NONE', #772, 1.500000000000001332 ) ;
#19 = DIRECTION ( 'NONE',  ( -0.000000000000000000, -0.000000000000000000, 1.000000000000000000 ) ) ;
#20 = AXIS2_PLACEMENT_3D ( 'NONE', #1666, #1862, #117 ) ;
#21 = VERTEX_POINT ( 'NONE', #2256 ) ;
#22 = DIRECTION ( 'NONE',  ( 0.000000000000000000, 0.000000000000000000, -1.000000000000000000 ) ) ;
#23 = VECTOR ( 'NONE', #114, 1000.000000000000000 ) ;
#24 = DIRECTION ( 'NONE',  ( -1.000000000000000000, 0.000000000000000000, 0.000000000000000000 ) ) ;
#25 = AXIS2_PLACEMENT_3D ( 'NONE', #1254, #1113, #2105 ) ;
#26 = ORIENTED_EDGE ( 'NONE', *, *, #1000, .T. ) ;
#27 = DIRECTION ( 'NONE',  ( -1.000000000000000000, 0.000000000000000000, 0.000000000000000000 ) ) ;
#28 = AXIS2_PLACEMENT_3D ( 'NONE', #1023, #139, #920 ) ;
#29 = CIRCLE ( 'NONE', #1292, 1.500000000000001332 ) ;
#30 = AXIS2_PLACEMENT_3D ( 'NONE', #96, #984, #1378 ) ;
#31 = ORIENTED_EDGE ( 'NONE', *, *, #954, .T. ) ;
#32 = DIRECTION ( 'NONE',  ( -0.000000000000000000, 1.000000000000000000, -0.000000000000000000 ) ) ;
#33 = AXIS2_PLACEMENT_3D ( 'NONE', #2077, #317, #1714 ) ;
#34 = EDGE_CURVE ( 'NONE', #567, #92, #2230, .T. ) ;
#35 = EDGE_CURVE ( 'NONE', #780, #54, #247, .T. ) ;
#36 = PLANE ( 'NONE',  #1656 ) ;
#37 = CYLINDRICAL_SURFACE ( 'NONE', #848, 1.500000000000001332 ) ;
#38 = ORIENTED_EDGE ( 'NONE', *, *, #123, .T. ) ;
#39 = VECTOR ( 'NONE', #32, 1000.000000000000000 ) ;
#40 = DIRECTION ( 'NONE',  ( -0.000000000000000000, 1.000000000000000000, 0.000000000000000000 ) ) ;
#41 = EDGE_LOOP ( 'NONE', ( #1729, #1350, #817, #1870, #1463, #1598, #336, #1591, #1354, #1047, #115, #100, #985, #240, #630, #930 ) ) ;
#42 = DIRECTION ( 'NONE',  ( -1.000000000000000000, 0.000000000000000000, 0.000000000000000000 ) ) ;
#43 = ORIENTED_EDGE ( 'NONE', *, *, #514, .F. ) ;
#44 = DIRECTION ( 'NONE',  ( 0.000000000000000000, 0.000000000000000000, 1.000000000000000000 ) ) ;
#45 = CARTESIAN_POINT ( 'NONE',  ( 92.00000000000000000, 44.00000000000000711, 21.59997800000000012 ) ) ;
#46 = EDGE_CURVE ( 'NONE', #871, #195, #2266, .T. ) ;
#47 = CARTESIAN_POINT ( 'NONE',  ( 15.00000000000000711, 15.00000000000000000, 2.999999999999999112 ) ) ;
#48 = EDGE_LOOP ( 'NONE', ( #1165, #975, #917, #1016 ) ) ;
#49 = LINE ( 'NONE', #228, #351 ) ;
#50 = EDGE_CURVE ( 'NONE', #619, #468, #887, .T. ) ;
#51 = DIRECTION ( 'NONE',  ( -0.000000000000000000, 1.000000000000000000, 0.000000000000000000 ) ) ;
#52 = ORIENTED_EDGE ( 'NONE', *, *, #186, .T. ) ;
#53 = CARTESIAN_POINT ( 'NONE',  ( 3.000000000000000000, 3.000000000000000000, 38.00000000000000711 ) ) ;
#54 = VERTEX_POINT ( 'NONE', #2271 ) ;
#55 = DIRECTION ( 'NONE',  ( 0.000000000000000000, 0.000000000000000000, 1.000000000000000000 ) ) ;
#56 = CARTESIAN_POINT ( 'NONE',  ( 3.000000000000000000, 3.000000000000000000, 3.000000000000000000 ) ) ;
#57 = PRODUCT_DEFINITION ( 'UNKNOWN', '', #1003, #1105 ) ;
#58 = EDGE_LOOP ( 'NONE', ( #854, #1951, #1676, #1246 ) ) ;
#59 = CARTESIAN_POINT ( 'NONE',  ( 15.00000000000000711, 15.00000000000000000, 11.00000000000000000 ) ) ;
#60 = DIRECTION ( 'NONE',  ( 0.000000000000000000, 0.000000000000000000, 1.000000000000000000 ) ) ;
#61 = ORIENTED_EDGE ( 'NONE', *, *, #1356, .T. ) ;
#62 = DIRECTION ( 'NONE',  ( 1.000000000000000000, 0.000000000000000000, 0.000000000000000000 ) ) ;
#63 = VECTOR ( 'NONE', #291, 1000.000000000000000 ) ;
#64 = ORIENTED_EDGE ( 'NONE', *, *, #2102, .F. ) ;
#65 = CIRCLE ( 'NONE', #881, 3.500000000000003109 ) ;
#66 = DIRECTION ( 'NONE',  ( 1.000000000000000000, 0.000000000000000000, 0.000000000000000000 ) ) ;
#67 = ORIENTED_EDGE ( 'NONE', *, *, #241, .F. ) ;
#68 = LINE ( 'NONE', #976, #990 ) ;
#69 = CARTESIAN_POINT ( 'NONE',  ( 0.000000000000000000, 0.000000000000000000, 3.000000000000000000 ) ) ;
#70 = ORIENTED_EDGE ( 'NONE', *, *, #1380, .T. ) ;
#71 = CARTESIAN_POINT ( 'NONE',  ( 3.000000000000000000, 3.000000000000000000, 23.00000000000000711 ) ) ;
#72 = EDGE_CURVE ( 'NONE', #963, #733, #845, .T. ) ;
#73 = EDGE_CURVE ( 'NONE', #355, #597, #2013, .T. ) ;
#74 = EDGE_LOOP ( 'NONE', ( #1627, #728, #1787, #510 ) ) ;
#75 = DIRECTION ( 'NONE',  ( -1.000000000000000000, 0.000000000000000000, 0.000000000000000000 ) ) ;
#76 = EDGE_LOOP ( 'NONE', ( #178, #1056, #1226, #899 ) ) ;
#77 = FACE_OUTER_BOUND ( 'NONE', #1750, .T. ) ;
#78 = CARTESIAN_POINT ( 'NONE',  ( 78.50000000000000000, 15.00000000000000000, 2.999999999999999112 ) ) ;
#79 = ORIENTED_EDGE ( 'NONE', *, *, #756, .F. ) ;
#80 = DIRECTION ( 'NONE',  ( 0.000000000000000000, -0.000000000000000000, 1.000000000000000000 ) ) ;
#81 = ADVANCED_FACE ( 'NONE', ( #716, #2075 ), #1376, .T. ) ;
#82 = VERTEX_POINT ( 'NONE', #1057 ) ;
#83 = DIRECTION ( 'NONE',  ( 0.000000000000000000, 0.000000000000000000, 1.000000000000000000 ) ) ;
#84 = DIRECTION ( 'NONE',  ( 0.000000000000000000, 0.000000000000000000, -1.000000000000000000 ) ) ;
#85 = ORIENTED_EDGE ( 'NONE', *, *, #1142, .F. ) ;
#86 = DIRECTION ( 'NONE',  ( 0.000000000000000000, 0.000000000000000000, -1.000000000000000000 ) ) ;
#87 = CARTESIAN_POINT ( 'NONE',  ( 80.00000000000000000, 55.00000000000000711, 11.00000000000000000 ) ) ;
#88 = ORIENTED_EDGE ( 'NONE', *, *, #46, .F. ) ;
#89 = CARTESIAN_POINT ( 'NONE',  ( 3.000000000000000000, 3.000000000000000000, 23.00000000000000711 ) ) ;
#90 = DIRECTION ( 'NONE',  ( 0.000000000000000000, 1.000000000000000000, 0.000000000000000000 ) ) ;
#91 = AXIS2_PLACEMENT_3D ( 'NONE', #1525, #2188, #267 ) ;
#92 = VERTEX_POINT ( 'NONE', #337 ) ;
#93 = DIRECTION ( 'NONE',  ( 1.000000000000000000, 0.000000000000000000, 0.000000000000000000 ) ) ;
#94 = VECTOR ( 'NONE', #507, 1000.000000000000000 ) ;
#95 = CONICAL_SURFACE ( 'NONE', #392, 3.500000000000001332, 0.3587706702705747430 ) ;
#96 = CARTESIAN_POINT ( 'NONE',  ( 90.50000000000000000, 7.500000000000000000, 38.00000000000000711 ) ) ;
#97 = EDGE_CURVE ( 'NONE', #1834, #322, #29, .T. ) ;
#98 = AXIS2_PLACEMENT_3D ( 'NONE', #1410, #536, #2099 ) ;
#99 = VECTOR ( 'NONE', #579, 1000.000000000000114 ) ;
#100 = ORIENTED_EDGE ( 'NONE', *, *, #2022, .T. ) ;
#101 = CIRCLE ( 'NONE', #1404, 1.500000000000001332 ) ;
#102 = CYLINDRICAL_SURFACE ( 'NONE', #503, 1.499999999999999556 ) ;
#103 = FACE_OUTER_BOUND ( 'NONE', #2128, .T. ) ;
#104 = AXIS2_PLACEMENT_3D ( 'NONE', #459, #1890, #2068 ) ;
#105 = ORIENTED_EDGE ( 'NONE', *, *, #2070, .T. ) ;
#106 = FACE_OUTER_BOUND ( 'NONE', #978, .T. ) ;
#107 = DIRECTION ( 'NONE',  ( -0.000000000000000000, 0.000000000000000000, 1.000000000000000000 ) ) ;
#108 = ORIENTED_EDGE ( 'NONE', *, *, #1123, .F. ) ;
#109 = CIRCLE ( 'NONE', #2096, 3.000000000000000000 ) ;
#110 = LINE ( 'NONE', #824, #2162 ) ;
#111 = FACE_BOUND ( 'NONE', #1530, .T. ) ;
#112 = ORIENTED_EDGE ( 'NONE', *, *, #2022, .F. ) ;
#113 = ADVANCED_FACE ( 'NONE', ( #855 ), #1921, .F. ) ;
#114 = DIRECTION ( 'NONE',  ( -0.000000000000000000, -0.000000000000000000, 1.000000000000000000 ) ) ;
#115 = ORIENTED_EDGE ( 'NONE', *, *, #2239, .T. ) ;
#116 = ADVANCED_FACE ( 'NONE', ( #680 ), #2101, .F. ) ;
#117 = DIRECTION ( 'NONE',  ( 1.000000000000000000, 0.000000000000000000, 0.000000000000000000 ) ) ;
#118 = CARTESIAN_POINT ( 'NONE',  ( 15.00000000000000178, 55.00000000000000000, 11.00000000000000000 ) ) ;
#119 = ORIENTED_EDGE ( 'NONE', *, *, #895, .T. ) ;
#120 = DIRECTION ( 'NONE',  ( -0.000000000000000000, -0.000000000000000000, 1.000000000000000000 ) ) ;
#121 = DIRECTION ( 'NONE',  ( -0.000000000000000000, -0.000000000000000000, 1.000000000000000000 ) ) ;
#122 = DIRECTION ( 'NONE',  ( 1.000000000000000000, 0.000000000000000000, -0.000000000000000000 ) ) ;
#123 = EDGE_CURVE ( 'NONE', #1127, #1429, #527, .T. ) ;
#124 = ORIENTED_EDGE ( 'NONE', *, *, #467, .F. ) ;
#125 = DIRECTION ( 'NONE',  ( -0.000000000000000000, -0.000000000000000000, 1.000000000000000000 ) ) ;
#126 = DIRECTION ( 'NONE',  ( 0.000000000000000000, 0.000000000000000000, 1.000000000000000000 ) ) ;
#127 = EDGE_CURVE ( 'NONE', #751, #574, #314, .T. ) ;
#128 = VERTEX_POINT ( 'NONE', #1422 ) ;
#129 = EDGE_LOOP ( 'NONE', ( #1975, #1744, #1992, #1601 ) ) ;
#130 = DIRECTION ( 'NONE',  ( 0.000000000000000000, 0.000000000000000000, 1.000000000000000000 ) ) ;
#131 = VECTOR ( 'NONE', #1306, 1000.000000000000000 ) ;
#132 = DIRECTION ( 'NONE',  ( 0.000000000000000000, -1.000000000000000000, 0.000000000000000000 ) ) ;
#133 = AXIS2_PLACEMENT_3D ( 'NONE', #11, #2073, #1767 ) ;
#134 = CARTESIAN_POINT ( 'NONE',  ( 90.50000000000000000, 67.00000000000000000, 23.00000000000000711 ) ) ;
#135 = AXIS2_PLACEMENT_3D ( 'NONE', #782, #1328, #1696 ) ;
#136 = AXIS2_PLACEMENT_3D ( 'NONE', #261, #533, #1945 ) ;
#137 = EDGE_LOOP ( 'NONE', ( #861, #1719, #1436, #479 ) ) ;
#138 = FACE_OUTER_BOUND ( 'NONE', #1747, .T. ) ;
#139 = DIRECTION ( 'NONE',  ( 0.000000000000000000, 0.000000000000000000, 1.000000000000000000 ) ) ;
#140 = VECTOR ( 'NONE', #1995, 1000.000000000000000 ) ;
#141 = ORIENTED_EDGE ( 'NONE', *, *, #631, .F. ) ;
#142 = CYLINDRICAL_SURFACE ( 'NONE', #695, 3.000000000000002665 ) ;
#143 = EDGE_CURVE ( 'NONE', #902, #1432, #1027, .T. ) ;
#144 = CONICAL_SURFACE ( 'NONE', #1225, 3.500000000000003109, 0.3587706702705740769 ) ;
#145 = ADVANCED_FACE ( 'NONE', ( #1783 ), #897, .F. ) ;
#146 = CARTESIAN_POINT ( 'NONE',  ( 78.50000000000000000, 55.00000000000000711, 11.00000000000000000 ) ) ;
#147 = PLANE ( 'NONE',  #623 ) ;
#148 = VERTEX_POINT ( 'NONE', #1201 ) ;
#149 = PLANE ( 'NONE',  #1573 ) ;
#150 = DIRECTION ( 'NONE',  ( 0.000000000000000000, 0.000000000000000000, -1.000000000000000000 ) ) ;
#151 = ORIENTED_EDGE ( 'NONE', *, *, #14, .T. ) ;
#152 = DIRECTION ( 'NONE',  ( 0.000000000000000000, 0.000000000000000000, 1.000000000000000000 ) ) ;
#153 = PRODUCT_RELATED_PRODUCT_CATEGORY ( 'part', '', ( #1285 ) ) ;
#154 = VERTEX_POINT ( 'NONE', #1908 ) ;
#155 = DIRECTION ( 'NONE',  ( -0.000000000000000000, -0.000000000000000000, 1.000000000000000000 ) ) ;
#156 = EDGE_CURVE ( 'NONE', #432, #715, #2197, .T. ) ;
#157 = FACE_BOUND ( 'NONE', #681, .T. ) ;
#158 = EDGE_LOOP ( 'NONE', ( #333, #892, #1712, #397 ) ) ;
#159 = DIRECTION ( 'NONE',  ( 1.000000000000000000, 0.000000000000000000, 0.000000000000000000 ) ) ;
#160 = CARTESIAN_POINT ( 'NONE',  ( 76.50000000000000000, 55.00000000000000711, 10.99999999999987388 ) ) ;
#161 = ORIENTED_EDGE ( 'NONE', *, *, #1875, .T. ) ;
#162 = DIRECTION ( 'NONE',  ( 0.000000000000000000, 0.000000000000000000, 1.000000000000000000 ) ) ;
#163 = ORIENTED_EDGE ( 'NONE', *, *, #1722, .F. ) ;
#164 = LINE ( 'NONE', #349, #1111 ) ;
#165 = VECTOR ( 'NONE', #2108, 1000.000000000000000 ) ;
#166 = DIRECTION ( 'NONE',  ( -1.000000000000000000, 0.000000000000000000, 0.000000000000000000 ) ) ;
#167 = EDGE_CURVE ( 'NONE', #313, #1301, #660, .T. ) ;
#168 = DIRECTION ( 'NONE',  ( -0.000000000000000000, -0.000000000000000000, 1.000000000000000000 ) ) ;
#169 = ORIENTED_EDGE ( 'NONE', *, *, #542, .T. ) ;
#170 = AXIS2_PLACEMENT_3D ( 'NONE', #646, #268, #1352 ) ;
#171 = VECTOR ( 'NONE', #1072, 1000.000000000000000 ) ;
#172 = DIRECTION ( 'NONE',  ( -1.000000000000000000, 0.000000000000000000, 0.000000000000000000 ) ) ;
#173 = CARTESIAN_POINT ( 'NONE',  ( 58.00000000000002132, 15.00000000000000000, 30.50000000000001066 ) ) ;
#174 = CIRCLE ( 'NONE', #1734, 1.500000000000001332 ) ;
#175 = EDGE_LOOP ( 'NONE', ( #2107, #1319 ) ) ;
#176 = CARTESIAN_POINT ( 'NONE',  ( 87.50000000000000000, 3.000000000000000000, 3.000000000000002665 ) ) ;
#177 = AXIS2_PLACEMENT_3D ( 'NONE', #1551, #2217, #1357 ) ;
#178 = ORIENTED_EDGE ( 'NONE', *, *, #4, .F. ) ;
#179 = DIRECTION ( 'NONE',  ( 0.000000000000000000, 0.000000000000000000, 1.000000000000000000 ) ) ;
#180 = DIRECTION ( 'NONE',  ( 0.000000000000000000, 0.000000000000000000, 1.000000000000000000 ) ) ;
#181 = DIRECTION ( 'NONE',  ( -1.000000000000000000, 0.000000000000000000, 0.000000000000000000 ) ) ;
#182 = EDGE_CURVE ( 'NONE', #384, #1127, #810, .T. ) ;
#183 = VERTEX_POINT ( 'NONE', #1970 ) ;
#184 = CARTESIAN_POINT ( 'NONE',  ( 0.000000000000000000, 67.00000000000000000, 3.000000000000000000 ) ) ;
#185 = CARTESIAN_POINT ( 'NONE',  ( 89.00000000000000000, 4.500000000000000888, 3.000000000000000000 ) ) ;
#186 = EDGE_CURVE ( 'NONE', #1413, #1518, #1882, .T. ) ;
#187 = VERTEX_POINT ( 'NONE', #1449 ) ;
#188 = CARTESIAN_POINT ( 'NONE',  ( 80.00000000000000000, 44.00000000000000711, 21.59997800000000012 ) ) ;
#189 = VERTEX_POINT ( 'NONE', #1299 ) ;
#190 = DIRECTION ( 'NONE',  ( -0.000000000000000000, -0.000000000000000000, 1.000000000000000000 ) ) ;
#191 = DIRECTION ( 'NONE',  ( 1.000000000000000000, 0.000000000000000000, 0.000000000000000000 ) ) ;
#192 = ORIENTED_EDGE ( 'NONE', *, *, #2239, .F. ) ;
#193 = DIRECTION ( 'NONE',  ( -1.000000000000000000, 0.000000000000000000, -3.469446951953611231E-16 ) ) ;
#194 = DIRECTION ( 'NONE',  ( -0.000000000000000000, -0.000000000000000000, 1.000000000000000000 ) ) ;
#195 = VERTEX_POINT ( 'NONE', #1820 ) ;
#196 = LINE ( 'NONE', #1468, #1504 ) ;
#197 = EDGE_CURVE ( 'NONE', #1286, #1683, #955, .T. ) ;
#198 = ORIENTED_EDGE ( 'NONE', *, *, #1311, .F. ) ;
#199 = LINE ( 'NONE', #1074, #39 ) ;
#200 = PLANE ( 'NONE',  #1366 ) ;
#201 = DIRECTION ( 'NONE',  ( 0.000000000000000000, 0.000000000000000000, -1.000000000000000000 ) ) ;
#202 = ORIENTED_EDGE ( 'NONE', *, *, #856, .F. ) ;
#203 = FACE_OUTER_BOUND ( 'NONE', #1068, .T. ) ;
#204 = VECTOR ( 'NONE', #1761, 1000.000000000000000 ) ;
#205 = CARTESIAN_POINT ( 'NONE',  ( 0.000000000000000000, 70.00000000000000000, 3.000000000000000000 ) ) ;
#206 = CIRCLE ( 'NONE', #2083, 3.500000000000001332 ) ;
#207 = AXIS2_PLACEMENT_3D ( 'NONE', #2237, #490, #670 ) ;
#208 = ORIENTED_EDGE ( 'NONE', *, *, #186, .F. ) ;
#209 = CARTESIAN_POINT ( 'NONE',  ( 92.00000000000000000, 70.00000000000000000, 3.000000000000000000 ) ) ;
#210 = VECTOR ( 'NONE', #1682, 1000.000000000000000 ) ;
#211 = CIRCLE ( 'NONE', #2078, 3.500000000000003109 ) ;
#212 = EDGE_CURVE ( 'NONE', #1683, #187, #923, .T. ) ;
#213 = VERTEX_POINT ( 'NONE', #1830 ) ;
#214 = CIRCLE ( 'NONE', #513, 1.500000000000001332 ) ;
#215 = DIRECTION ( 'NONE',  ( 0.000000000000000000, 0.000000000000000000, -1.000000000000000000 ) ) ;
#216 = CARTESIAN_POINT ( 'NONE',  ( 81.50000000000000000, 15.00000000000000000, 2.999999999999999112 ) ) ;
#217 = ORIENTED_EDGE ( 'NONE', *, *, #34, .F. ) ;
#218 = SURFACE_STYLE_FILL_AREA ( #1988 ) ;
#219 = CARTESIAN_POINT ( 'NONE',  ( 11.50000000000000711, 15.00000000000000000, 10.99999999999995026 ) ) ;
#220 = UNCERTAINTY_MEASURE_WITH_UNIT (LENGTH_MEASURE( 1.000000000000000082E-05 ), #1484, 'distance_accuracy_value', 'NONE');
#221 = ORIENTED_EDGE ( 'NONE', *, *, #1494, .F. ) ;
#222 = DIRECTION ( 'NONE',  ( 1.000000000000000000, 0.000000000000000000, 0.000000000000000000 ) ) ;
#223 = ORIENTED_EDGE ( 'NONE', *, *, #441, .F. ) ;
#224 = CARTESIAN_POINT ( 'NONE',  ( 16.50000000000000000, 55.00000000000000000, 11.00000000000000000 ) ) ;
#225 = FACE_OUTER_BOUND ( 'NONE', #137, .T. ) ;
#226 = EDGE_CURVE ( 'NONE', #871, #1946, #407, .T. ) ;
#227 = ORIENTED_EDGE ( 'NONE', *, *, #458, .T. ) ;
#228 = CARTESIAN_POINT ( 'NONE',  ( 92.00000000000000000, 7.500000000000000000, 38.00000000000000711 ) ) ;
#229 = CARTESIAN_POINT ( 'NONE',  ( 65.50000000000002842, 0.000000000000000000, 38.00000000000000711 ) ) ;
#230 = ORIENTED_EDGE ( 'NONE', *, *, #2043, .F. ) ;
#231 = CYLINDRICAL_SURFACE ( 'NONE', #501, 1.500000000000000444 ) ;
#232 = ORIENTED_EDGE ( 'NONE', *, *, #1092, .T. ) ;
#233 = DIRECTION ( 'NONE',  ( 1.000000000000000000, -0.000000000000000000, 0.000000000000000000 ) ) ;
#234 = CARTESIAN_POINT ( 'NONE',  ( 0.000000000000000000, 0.000000000000000000, 38.00000000000000711 ) ) ;
#235 = ORIENTED_EDGE ( 'NONE', *, *, #368, .T. ) ;
#236 = EDGE_CURVE ( 'NONE', #1861, #989, #243, .T. ) ;
#237 = ADVANCED_FACE ( 'NONE', ( #590 ), #506, .T. ) ;
#238 = DIRECTION ( 'NONE',  ( 1.000000000000000000, -0.000000000000000000, -0.000000000000000000 ) ) ;
#239 = FACE_OUTER_BOUND ( 'NONE', #58, .T. ) ;
#240 = ORIENTED_EDGE ( 'NONE', *, *, #1667, .T. ) ;
#241 = EDGE_CURVE ( 'NONE', #2190, #1969, #1433, .T. ) ;
#242 = AXIS2_PLACEMENT_3D ( 'NONE', #1005, #967, #2041 ) ;
#243 = LINE ( 'NONE', #1803, #1140 ) ;
#244 = VECTOR ( 'NONE', #2119, 1000.000000000000000 ) ;
#245 = ORIENTED_EDGE ( 'NONE', *, *, #46, .T. ) ;
#246 = CIRCLE ( 'NONE', #25, 3.000000000000000000 ) ;
#247 = CIRCLE ( 'NONE', #434, 3.500000000000001332 ) ;
#248 = CIRCLE ( 'NONE', #1848, 2.499999999999998668 ) ;
#249 = AXIS2_PLACEMENT_3D ( 'NONE', #1267, #2106, #1232 ) ;
#250 = FACE_OUTER_BOUND ( 'NONE', #260, .T. ) ;
#251 = VERTEX_POINT ( 'NONE', #1309 ) ;
#252 = CARTESIAN_POINT ( 'NONE',  ( 92.00000000000000000, 3.000000000000000000, 38.00000000000000711 ) ) ;
#253 = CARTESIAN_POINT ( 'NONE',  ( 93.50000000000000000, 67.00000000000000000, 23.00000000000000711 ) ) ;
#254 = ADVANCED_FACE ( 'NONE', ( #1274 ), #231, .T. ) ;
#255 = CIRCLE ( 'NONE', #2276, 1.500000000000001332 ) ;
#256 = ORIENTED_EDGE ( 'NONE', *, *, #1588, .T. ) ;
#257 = CARTESIAN_POINT ( 'NONE',  ( 87.50000000000000000, 4.500000000000000888, 38.00000000000000711 ) ) ;
#258 = DIRECTION ( 'NONE',  ( 1.000000000000000000, 0.000000000000000000, 0.000000000000000000 ) ) ;
#259 = EDGE_CURVE ( 'NONE', #2187, #946, #1652, .T. ) ;
#260 = EDGE_LOOP ( 'NONE', ( #665, #1521, #1724, #230 ) ) ;
#261 = CARTESIAN_POINT ( 'NONE',  ( 92.00000000000000000, 3.000000000000000000, 38.00000000000000711 ) ) ;
#262 = DIRECTION ( 'NONE',  ( 1.000000000000000000, 0.000000000000000000, -0.000000000000000000 ) ) ;
#263 = ORIENTED_EDGE ( 'NONE', *, *, #1281, .T. ) ;
#264 = DIRECTION ( 'NONE',  ( -1.000000000000000000, 0.000000000000000000, 0.000000000000000000 ) ) ;
#265 = CARTESIAN_POINT ( 'NONE',  ( 92.00000000000000000, 3.000000000000000000, 23.00000000000000711 ) ) ;
#266 = ORIENTED_EDGE ( 'NONE', *, *, #485, .T. ) ;
#267 = DIRECTION ( 'NONE',  ( 1.000000000000000000, 0.000000000000000000, 0.000000000000000000 ) ) ;
#268 = DIRECTION ( 'NONE',  ( 0.000000000000000000, 0.000000000000000000, 1.000000000000000000 ) ) ;
#269 = ORIENTED_EDGE ( 'NONE', *, *, #969, .T. ) ;
#270 = ADVANCED_FACE ( 'NONE', ( #1261 ), #1128, .T. ) ;
#271 = EDGE_CURVE ( 'NONE', #277, #128, #568, .T. ) ;
#272 = CARTESIAN_POINT ( 'NONE',  ( 3.000000000000000000, 67.00000000000000000, 23.00000000000000711 ) ) ;
#273 = CYLINDRICAL_SURFACE ( 'NONE', #701, 1.499999999999997780 ) ;
#274 = ORIENTED_EDGE ( 'NONE', *, *, #1135, .F. ) ;
#275 = DIRECTION ( 'NONE',  ( -0.000000000000000000, -0.000000000000000000, 1.000000000000000000 ) ) ;
#276 = DIRECTION ( 'NONE',  ( 0.000000000000000000, 0.000000000000000000, 1.000000000000000000 ) ) ;
#277 = VERTEX_POINT ( 'NONE', #209 ) ;
#278 = CARTESIAN_POINT ( 'NONE',  ( 0.000000000000000000, 70.00000000000000000, 38.00000000000000711 ) ) ;
#279 = CARTESIAN_POINT ( 'NONE',  ( 0.000000000000000000, 67.00000000000000000, 3.000000000000000000 ) ) ;
#280 = CIRCLE ( 'NONE', #1058, 1.499999999999999556 ) ;
#281 = VERTEX_POINT ( 'NONE', #1639 ) ;
#282 = DIRECTION ( 'NONE',  ( -0.000000000000000000, -0.000000000000000000, 1.000000000000000000 ) ) ;
#283 = CIRCLE ( 'NONE', #1979, 1.500000000000000444 ) ;
#284 = EDGE_CURVE ( 'NONE', #183, #1448, #196, .T. ) ;
#285 = VECTOR ( 'NONE', #1590, 1000.000000000000000 ) ;
#286 = DIRECTION ( 'NONE',  ( 0.000000000000000000, 0.000000000000000000, 1.000000000000000000 ) ) ;
#287 = DIRECTION ( 'NONE',  ( 0.000000000000000000, 0.000000000000000000, -1.000000000000000000 ) ) ;
#288 = CIRCLE ( 'NONE', #1139, 3.000000000000000000 ) ;
#289 = ORIENTED_EDGE ( 'NONE', *, *, #1966, .T. ) ;
#290 = CIRCLE ( 'NONE', #361, 6.499999999999977796 ) ;
#291 = DIRECTION ( 'NONE',  ( 0.000000000000000000, -1.000000000000000000, -0.000000000000000000 ) ) ;
#292 = ORIENTED_EDGE ( 'NONE', *, *, #1241, .F. ) ;
#293 = LINE ( 'NONE', #1531, #699 ) ;
#294 = ORIENTED_EDGE ( 'NONE', *, *, #2015, .F. ) ;
#295 = EDGE_LOOP ( 'NONE', ( #1668, #516, #1275, #1680 ) ) ;
#296 = LINE ( 'NONE', #2026, #627 ) ;
#297 = CARTESIAN_POINT ( 'NONE',  ( 3.000000000000000000, 67.00000000000000000, 3.000000000000000000 ) ) ;
#298 = CARTESIAN_POINT ( 'NONE',  ( 15.00000000000000711, 15.00000000000000000, 11.00000000000000000 ) ) ;
#299 = ORIENTED_EDGE ( 'NONE', *, *, #1000, .F. ) ;
#300 = LINE ( 'NONE', #1541, #2087 ) ;
#301 = DIRECTION ( 'NONE',  ( -0.000000000000000000, -0.000000000000000000, 1.000000000000000000 ) ) ;
#302 = EDGE_LOOP ( 'NONE', ( #208, #971, #1499, #2277 ) ) ;
#303 = ORIENTED_EDGE ( 'NONE', *, *, #1722, .T. ) ;
#304 = DIRECTION ( 'NONE',  ( -0.000000000000000000, -0.000000000000000000, 1.000000000000000000 ) ) ;
#305 = CARTESIAN_POINT ( 'NONE',  ( 58.00000000000002132, 0.000000000000000000, 28.00000000000001066 ) ) ;
#306 = LINE ( 'NONE', #1020, #2262 ) ;
#307 = EDGE_CURVE ( 'NONE', #2062, #339, #1984, .T. ) ;
#308 = EDGE_CURVE ( 'NONE', #313, #2062, #750, .T. ) ;
#309 = ORIENTED_EDGE ( 'NONE', *, *, #543, .F. ) ;
#310 = CYLINDRICAL_SURFACE ( 'NONE', #1766, 3.000000000000000000 ) ;
#311 = CARTESIAN_POINT ( 'NONE',  ( 1.499999999999999112, 67.00000000000000000, 23.00000000000000711 ) ) ;
#312 = ADVANCED_FACE ( 'NONE', ( #957 ), #621, .T. ) ;
#313 = VERTEX_POINT ( 'NONE', #1331 ) ;
#314 = LINE ( 'NONE', #176, #285 ) ;
#315 = VECTOR ( 'NONE', #1384, 1000.000000000000000 ) ;
#316 = AXIS2_PLACEMENT_3D ( 'NONE', #389, #585, #1116 ) ;
#317 = DIRECTION ( 'NONE',  ( 0.000000000000000000, 0.000000000000000000, -1.000000000000000000 ) ) ;
#318 = CIRCLE ( 'NONE', #170, 3.500000000000003109 ) ;
#319 = DIRECTION ( 'NONE',  ( 1.000000000000000000, 0.000000000000000000, 0.000000000000000000 ) ) ;
#320 = AXIS2_PLACEMENT_3D ( 'NONE', #391, #2135, #1789 ) ;
#321 = AXIS2_PLACEMENT_3D ( 'NONE', #1527, #832, #1192 ) ;
#322 = VERTEX_POINT ( 'NONE', #1885 ) ;
#323 = DIRECTION ( 'NONE',  ( 0.000000000000000000, 0.000000000000000000, 1.000000000000000000 ) ) ;
#324 = CARTESIAN_POINT ( 'NONE',  ( 3.000000000000000000, 3.000000000000000000, 38.00000000000000711 ) ) ;
#325 = EDGE_CURVE ( 'NONE', #1386, #1963, #804, .T. ) ;
#326 = AXIS2_PLACEMENT_3D ( 'NONE', #492, #1029, #504 ) ;
#327 = ORIENTED_EDGE ( 'NONE', *, *, #565, .T. ) ;
#328 = CARTESIAN_POINT ( 'NONE',  ( 3.000000000000000000, 7.500000000000000000, 3.000000000000002665 ) ) ;
#329 = EDGE_CURVE ( 'NONE', #835, #189, #1948, .T. ) ;
#330 = ORIENTED_EDGE ( 'NONE', *, *, #72, .F. ) ;
#331 = CARTESIAN_POINT ( 'NONE',  ( 15.00000000000000178, 55.00000000000000000, 2.999999999999999112 ) ) ;
#332 = DIRECTION ( 'NONE',  ( -6.938893903907227392E-16, 0.000000000000000000, -1.000000000000000000 ) ) ;
#333 = ORIENTED_EDGE ( 'NONE', *, *, #2264, .F. ) ;
#334 = LINE ( 'NONE', #836, #1208 ) ;
#335 = PLANE ( 'NONE',  #1883 ) ;
#336 = ORIENTED_EDGE ( 'NONE', *, *, #2181, .T. ) ;
#337 = CARTESIAN_POINT ( 'NONE',  ( 13.50000000000000178, 55.00000000000000000, 2.999999999999999112 ) ) ;
#338 = EDGE_CURVE ( 'NONE', #343, #213, #1188, .T. ) ;
#339 = VERTEX_POINT ( 'NONE', #784 ) ;
#340 = DIRECTION ( 'NONE',  ( 0.000000000000000000, 0.000000000000000000, -1.000000000000000000 ) ) ;
#341 = LINE ( 'NONE', #2061, #1804 ) ;
#342 = FACE_OUTER_BOUND ( 'NONE', #424, .T. ) ;
#343 = VERTEX_POINT ( 'NONE', #1491 ) ;
#344 = DIRECTION ( 'NONE',  ( 1.000000000000000000, 0.000000000000000000, 0.000000000000000000 ) ) ;
#345 = LINE ( 'NONE', #1070, #1294 ) ;
#346 = ORIENTED_EDGE ( 'NONE', *, *, #2212, .F. ) ;
#347 = DIRECTION ( 'NONE',  ( -1.000000000000000000, 0.000000000000000000, 0.000000000000000000 ) ) ;
#348 = ORIENTED_EDGE ( 'NONE', *, *, #35, .T. ) ;
#349 = CARTESIAN_POINT ( 'NONE',  ( 6.000000000000000888, 65.50000000000000000, 38.00000000000000711 ) ) ;
#350 = EDGE_CURVE ( 'NONE', #1301, #313, #211, .T. ) ;
#351 = VECTOR ( 'NONE', #1780, 1000.000000000000000 ) ;
#352 = DIRECTION ( 'NONE',  ( -0.000000000000000000, 1.000000000000000000, -0.000000000000000000 ) ) ;
#353 = FACE_OUTER_BOUND ( 'NONE', #1330, .T. ) ;
#354 = ADVANCED_FACE ( 'NONE', ( #478 ), #795, .F. ) ;
#355 = VERTEX_POINT ( 'NONE', #829 ) ;
#356 = CARTESIAN_POINT ( 'NONE',  ( 7.500000000000007105, 65.50000000000000000, 3.000000000000002665 ) ) ;
#357 = FACE_OUTER_BOUND ( 'NONE', #489, .T. ) ;
#358 = AXIS2_PLACEMENT_3D ( 'NONE', #1837, #40, #370 ) ;
#359 = EDGE_LOOP ( 'NONE', ( #828, #2158 ) ) ;
#360 = DIRECTION ( 'NONE',  ( 1.000000000000000000, 0.000000000000000000, 0.000000000000000000 ) ) ;
#361 = AXIS2_PLACEMENT_3D ( 'NONE', #698, #1814, #181 ) ;
#362 = ORIENTED_EDGE ( 'NONE', *, *, #236, .T. ) ;
#363 = DIRECTION ( 'NONE',  ( 0.000000000000000000, 0.000000000000000000, -1.000000000000000000 ) ) ;
#364 = CARTESIAN_POINT ( 'NONE',  ( 63.00000000000002842, 0.000000000000000000, 28.00000000000001421 ) ) ;
#365 = CARTESIAN_POINT ( 'NONE',  ( 92.00000000000000000, 67.00000000000000000, 3.000000000000000000 ) ) ;
#366 = EDGE_LOOP ( 'NONE', ( #1778, #163 ) ) ;
#367 = EDGE_CURVE ( 'NONE', #468, #1260, #1910, .T. ) ;
#368 = EDGE_CURVE ( 'NONE', #92, #567, #280, .T. ) ;
#369 = CARTESIAN_POINT ( 'NONE',  ( 90.50000000000000000, 64.00000000000000000, 3.000000000000000000 ) ) ;
#370 = DIRECTION ( 'NONE',  ( 0.000000000000000000, 0.000000000000000000, 1.000000000000000000 ) ) ;
#371 = ORIENTED_EDGE ( 'NONE', *, *, #2130, .T. ) ;
#372 = DIRECTION ( 'NONE',  ( 0.000000000000000000, 0.000000000000000000, 1.000000000000000000 ) ) ;
#373 = ORIENTED_EDGE ( 'NONE', *, *, #410, .T. ) ;
#374 = DIRECTION ( 'NONE',  ( 1.000000000000000000, 0.000000000000000000, 0.000000000000000000 ) ) ;
#375 = CARTESIAN_POINT ( 'NONE',  ( 80.00000000000000000, 15.00000000000000000, 2.999999999999999112 ) ) ;
#376 = DIRECTION ( 'NONE',  ( -0.000000000000000000, -0.000000000000000000, 1.000000000000000000 ) ) ;
#377 = ORIENTED_EDGE ( 'NONE', *, *, #826, .T. ) ;
#378 =( NAMED_UNIT ( * ) SI_UNIT ( $, .STERADIAN. ) SOLID_ANGLE_UNIT ( ) );
#379 = DIRECTION ( 'NONE',  ( 0.000000000000000000, 0.000000000000000000, -1.000000000000000000 ) ) ;
#380 = EDGE_CURVE ( 'NONE', #1913, #2169, #807, .T. ) ;
#381 = ORIENTED_EDGE ( 'NONE', *, *, #717, .T. ) ;
#382 = CARTESIAN_POINT ( 'NONE',  ( 4.500000000000000888, 4.500000000000000888, -0.002000000000002000178 ) ) ;
#383 = ADVANCED_FACE ( 'NONE', ( #106 ), #2177, .F. ) ;
#384 = VERTEX_POINT ( 'NONE', #645 ) ;
#385 = APPLICATION_PROTOCOL_DEFINITION ( 'draft international standard', 'automotive_design', 1998, #1640 ) ;
#386 = DIRECTION ( 'NONE',  ( 1.000000000000000000, 0.000000000000000000, -0.000000000000000000 ) ) ;
#387 = VECTOR ( 'NONE', #2032, 1000.000000000000000 ) ;
#388 = ORIENTED_EDGE ( 'NONE', *, *, #2212, .T. ) ;
#389 = CARTESIAN_POINT ( 'NONE',  ( 3.000000000000000000, 67.00000000000000000, 3.000000000000000000 ) ) ;
#390 = VECTOR ( 'NONE', #193, 1000.000000000000000 ) ;
#391 = CARTESIAN_POINT ( 'NONE',  ( 92.00000000000000000, 67.00000000000000000, 3.000000000000000000 ) ) ;
#392 = AXIS2_PLACEMENT_3D ( 'NONE', #2234, #1006, #454 ) ;
#393 = ORIENTED_EDGE ( 'NONE', *, *, #1836, .T. ) ;
#394 = DIRECTION ( 'NONE',  ( 0.000000000000000000, 0.000000000000000000, 1.000000000000000000 ) ) ;
#395 = VECTOR ( 'NONE', #1636, 1000.000000000000000 ) ;
#396 = CIRCLE ( 'NONE', #1887, 6.000000000000001776 ) ;
#397 = ORIENTED_EDGE ( 'NONE', *, *, #577, .F. ) ;
#398 = EDGE_CURVE ( 'NONE', #251, #195, #453, .T. ) ;
#399 = AXIS2_PLACEMENT_3D ( 'NONE', #1219, #121, #2209 ) ;
#400 = DIRECTION ( 'NONE',  ( 1.000000000000000000, 0.000000000000000000, 0.000000000000000000 ) ) ;
#401 = DIRECTION ( 'NONE',  ( 1.000000000000000000, 0.000000000000000000, 0.000000000000000000 ) ) ;
#402 = ORIENTED_EDGE ( 'NONE', *, *, #398, .F. ) ;
#403 = AXIS2_PLACEMENT_3D ( 'NONE', #1751, #877, #1615 ) ;
#404 = CYLINDRICAL_SURFACE ( 'NONE', #1060, 1.500000000000001332 ) ;
#405 = CYLINDRICAL_SURFACE ( 'NONE', #1548, 1.500000000000001332 ) ;
#406 = ORIENTED_EDGE ( 'NONE', *, *, #2060, .T. ) ;
#407 = LINE ( 'NONE', #53, #549 ) ;
#408 = ORIENTED_EDGE ( 'NONE', *, *, #1112, .T. ) ;
#409 = PRODUCT_CONTEXT ( 'NONE', #1715, 'mechanical' ) ;
#410 = EDGE_CURVE ( 'NONE', #1120, #638, #988, .T. ) ;
#411 = ADVANCED_FACE ( 'NONE', ( #1163 ), #1871, .F. ) ;
#412 = DIRECTION ( 'NONE',  ( 1.000000000000000000, 0.000000000000000000, 0.000000000000000000 ) ) ;
#413 = ADVANCED_FACE ( 'NONE', ( #2214 ), #1854, .T. ) ;
#414 = VERTEX_POINT ( 'NONE', #1351 ) ;
#415 = DIRECTION ( 'NONE',  ( 1.000000000000000000, 0.000000000000000000, 0.000000000000000000 ) ) ;
#416 = CARTESIAN_POINT ( 'NONE',  ( 89.00000000000000000, 65.50000000000000000, 3.000000000000002665 ) ) ;
#417 = VERTEX_POINT ( 'NONE', #463 ) ;
#418 = CARTESIAN_POINT ( 'NONE',  ( 78.50000000000000000, 55.00000000000000711, 2.999999999999999112 ) ) ;
#419 = VERTEX_POINT ( 'NONE', #1175 ) ;
#420 = DIRECTION ( 'NONE',  ( 0.000000000000000000, 0.000000000000000000, -1.000000000000000000 ) ) ;
#421 = CARTESIAN_POINT ( 'NONE',  ( 78.50000000000000000, 15.00000000000000000, 2.999999999999999112 ) ) ;
#422 = EDGE_CURVE ( 'NONE', #1605, #343, #293, .T. ) ;
#423 = CARTESIAN_POINT ( 'NONE',  ( 92.00000000000000000, 67.00000000000000000, 23.00000000000000711 ) ) ;
#424 = EDGE_LOOP ( 'NONE', ( #2167, #1089, #1115, #1124 ) ) ;
#425 = CARTESIAN_POINT ( 'NONE',  ( 80.00000000000000000, 15.00000000000000000, 2.999999999999999112 ) ) ;
#426 = EDGE_CURVE ( 'NONE', #1635, #1940, #1320, .T. ) ;
#427 = CARTESIAN_POINT ( 'NONE',  ( 92.00000000000000000, 67.00000000000000000, 23.00000000000000711 ) ) ;
#428 = ORIENTED_EDGE ( 'NONE', *, *, #2058, .T. ) ;
#429 = AXIS2_PLACEMENT_3D ( 'NONE', #747, #22, #1271 ) ;
#430 = CYLINDRICAL_SURFACE ( 'NONE', #505, 1.499999999999999556 ) ;
#431 = VECTOR ( 'NONE', #90, 1000.000000000000000 ) ;
#432 = VERTEX_POINT ( 'NONE', #666 ) ;
#433 = CIRCLE ( 'NONE', #552, 3.000000000000000000 ) ;
#434 = AXIS2_PLACEMENT_3D ( 'NONE', #865, #152, #1577 ) ;
#435 = CIRCLE ( 'NONE', #1146, 1.500000000000000000 ) ;
#436 = AXIS2_PLACEMENT_3D ( 'NONE', #833, #287, #1924 ) ;
#437 = CARTESIAN_POINT ( 'NONE',  ( 3.000000000000000000, 62.49999999999998579, 38.00000000000000711 ) ) ;
#438 = ORIENTED_EDGE ( 'NONE', *, *, #483, .T. ) ;
#439 = DIRECTION ( 'NONE',  ( 1.000000000000000000, 0.000000000000000000, 0.000000000000000000 ) ) ;
#440 = LINE ( 'NONE', #78, #2125 ) ;
#441 = EDGE_CURVE ( 'NONE', #128, #600, #1689, .T. ) ;
#442 = ADVANCED_FACE ( 'NONE', ( #1045, #524 ), #149, .T. ) ;
#443 = EDGE_LOOP ( 'NONE', ( #2082, #956 ) ) ;
#444 = DIRECTION ( 'NONE',  ( 1.000000000000000000, 0.000000000000000000, 0.000000000000000000 ) ) ;
#445 = DIRECTION ( 'NONE',  ( 1.000000000000000000, 0.000000000000000000, 0.000000000000000000 ) ) ;
#446 = ORIENTED_EDGE ( 'NONE', *, *, #1863, .T. ) ;
#447 = FACE_OUTER_BOUND ( 'NONE', #1873, .T. ) ;
#448 = DIRECTION ( 'NONE',  ( -1.000000000000000000, 0.000000000000000000, 6.938893903907227392E-16 ) ) ;
#449 = EDGE_LOOP ( 'NONE', ( #1229, #526, #1674, #1864 ) ) ;
#450 = FACE_OUTER_BOUND ( 'NONE', #850, .T. ) ;
#451 = CARTESIAN_POINT ( 'NONE',  ( 92.00000000000000000, 3.000000000000000000, 0.000000000000000000 ) ) ;
#452 = ORIENTED_EDGE ( 'NONE', *, *, #1340, .F. ) ;
#453 = LINE ( 'NONE', #1711, #387 ) ;
#454 = DIRECTION ( 'NONE',  ( -1.000000000000000000, 0.000000000000000000, 0.000000000000000000 ) ) ;
#455 = EDGE_CURVE ( 'NONE', #456, #213, #996, .T. ) ;
#456 = VERTEX_POINT ( 'NONE', #2072 ) ;
#457 = CARTESIAN_POINT ( 'NONE',  ( 15.00000000000000178, 55.00000000000000000, 11.00000000000000000 ) ) ;
#458 = EDGE_CURVE ( 'NONE', #1360, #1562, #2267, .T. ) ;
#459 = CARTESIAN_POINT ( 'NONE',  ( 15.00000000000000178, 55.00000000000000000, 2.999999999999999112 ) ) ;
#460 = ORIENTED_EDGE ( 'NONE', *, *, #1076, .F. ) ;
#461 = DIRECTION ( 'NONE',  ( 0.000000000000000000, -1.000000000000000000, 0.000000000000000000 ) ) ;
#462 = ORIENTED_EDGE ( 'NONE', *, *, #212, .T. ) ;
#463 = CARTESIAN_POINT ( 'NONE',  ( 0.000000000000000000, 3.000000000000000000, 3.000000000000000000 ) ) ;
#464 = CARTESIAN_POINT ( 'NONE',  ( 3.000000000000000000, 3.000000000000000000, 23.00000000000000711 ) ) ;
#465 = AXIS2_PLACEMENT_3D ( 'NONE', #59, #1788, #1069 ) ;
#466 = ORIENTED_EDGE ( 'NONE', *, *, #1109, .T. ) ;
#467 = EDGE_CURVE ( 'NONE', #1040, #2204, #2155, .T. ) ;
#468 = VERTEX_POINT ( 'NONE', #511 ) ;
#469 = DIRECTION ( 'NONE',  ( -0.000000000000000000, -0.000000000000000000, -1.000000000000000000 ) ) ;
#470 = COLOUR_RGB ( '',0.7921568627450980005, 0.8196078431372548767, 0.9333333333333333481 ) ;
#471 = EDGE_CURVE ( 'NONE', #417, #2169, #1419, .T. ) ;
#472 = CIRCLE ( 'NONE', #1881, 6.000000000000001776 ) ;
#473 = DIRECTION ( 'NONE',  ( 0.000000000000000000, 0.000000000000000000, -1.000000000000000000 ) ) ;
#474 = AXIS2_PLACEMENT_3D ( 'NONE', #571, #1121, #55 ) ;
#475 = CIRCLE ( 'NONE', #136, 3.000000000000002665 ) ;
#476 = CARTESIAN_POINT ( 'NONE',  ( 80.00000000000000000, 55.00000000000000711, 3.000000000000000000 ) ) ;
#477 = ORIENTED_EDGE ( 'NONE', *, *, #1904, .F. ) ;
#478 = FACE_OUTER_BOUND ( 'NONE', #1651, .T. ) ;
#479 = ORIENTED_EDGE ( 'NONE', *, *, #367, .T. ) ;
#480 = AXIS2_PLACEMENT_3D ( 'NONE', #531, #1416, #742 ) ;
#481 = CYLINDRICAL_SURFACE ( 'NONE', #1067, 1.500000000000001332 ) ;
#482 = CARTESIAN_POINT ( 'NONE',  ( 11.50000000000000711, 15.00000000000000000, 11.00000000000000000 ) ) ;
#483 = EDGE_CURVE ( 'NONE', #1562, #1480, #1976, .T. ) ;
#484 = DIRECTION ( 'NONE',  ( -0.000000000000000000, -0.000000000000000000, -1.000000000000000000 ) ) ;
#485 = EDGE_CURVE ( 'NONE', #1448, #414, #618, .T. ) ;
#486 = ORIENTED_EDGE ( 'NONE', *, *, #1677, .T. ) ;
#487 = CARTESIAN_POINT ( 'NONE',  ( 0.000000000000000000, 3.000000000000000000, 3.000000000000000000 ) ) ;
#488 = CYLINDRICAL_SURFACE ( 'NONE', #28, 1.500000000000001332 ) ;
#489 = EDGE_LOOP ( 'NONE', ( #1187, #1826, #460, #1758 ) ) ;
#490 = DIRECTION ( 'NONE',  ( 0.000000000000000000, 0.000000000000000000, -1.000000000000000000 ) ) ;
#491 = CARTESIAN_POINT ( 'NONE',  ( 13.50000000000000178, 55.00000000000000000, 2.999999999999999112 ) ) ;
#492 = CARTESIAN_POINT ( 'NONE',  ( 4.500000000000000888, 62.49999999999998579, 38.00000000000000711 ) ) ;
#493 = EDGE_CURVE ( 'NONE', #82, #1408, #1876, .T. ) ;
#494 = CARTESIAN_POINT ( 'NONE',  ( 92.00000000000000000, 3.000000000000000000, 3.000000000000000000 ) ) ;
#495 = ORIENTED_EDGE ( 'NONE', *, *, #907, .T. ) ;
#496 = EDGE_CURVE ( 'NONE', #2207, #574, #2098, .T. ) ;
#497 = CARTESIAN_POINT ( 'NONE',  ( 90.50000000000000000, 4.499999999999999112, 38.00000000000000711 ) ) ;
#498 = CARTESIAN_POINT ( 'NONE',  ( 13.50000000000000888, 15.00000000000000000, 11.00000000000000000 ) ) ;
#499 = ORIENTED_EDGE ( 'NONE', *, *, #2113, .F. ) ;
#500 = DIRECTION ( 'NONE',  ( 0.000000000000000000, 0.000000000000000000, -1.000000000000000000 ) ) ;
#501 = AXIS2_PLACEMENT_3D ( 'NONE', #1090, #1458, #222 ) ;
#502 = ORIENTED_EDGE ( 'NONE', *, *, #1852, .T. ) ;
#503 = AXIS2_PLACEMENT_3D ( 'NONE', #1160, #1125, #439 ) ;
#504 = DIRECTION ( 'NONE',  ( 1.000000000000000000, 0.000000000000000000, 0.000000000000000000 ) ) ;
#505 = AXIS2_PLACEMENT_3D ( 'NONE', #1702, #107, #258 ) ;
#506 = CONICAL_SURFACE ( 'NONE', #1807, 3.500000000000003109, 0.3587706702705740769 ) ;
#507 = DIRECTION ( 'NONE',  ( -0.000000000000000000, -0.000000000000000000, 1.000000000000000000 ) ) ;
#508 = AXIS2_PLACEMENT_3D ( 'NONE', #1564, #150, #2279 ) ;
#509 = VECTOR ( 'NONE', #125, 1000.000000000000000 ) ;
#510 = ORIENTED_EDGE ( 'NONE', *, *, #1013, .F. ) ;
#511 = CARTESIAN_POINT ( 'NONE',  ( 16.50000000000000355, 15.00000000000000000, 11.00000000000000000 ) ) ;
#512 = FACE_OUTER_BOUND ( 'NONE', #580, .T. ) ;
#513 = AXIS2_PLACEMENT_3D ( 'NONE', #1726, #2241, #911 ) ;
#514 = EDGE_CURVE ( 'NONE', #1648, #12, #677, .T. ) ;
#515 = EDGE_CURVE ( 'NONE', #715, #15, #1198, .T. ) ;
#516 = ORIENTED_EDGE ( 'NONE', *, *, #1760, .F. ) ;
#517 = DIRECTION ( 'NONE',  ( -0.000000000000000000, -0.000000000000000000, 1.000000000000000000 ) ) ;
#518 = AXIS2_PLACEMENT_3D ( 'NONE', #2273, #1276, #2115 ) ;
#519 = ORIENTED_EDGE ( 'NONE', *, *, #2130, .F. ) ;
#520 = DIRECTION ( 'NONE',  ( 1.000000000000000000, 0.000000000000000000, 0.000000000000000000 ) ) ;
#521 = DIRECTION ( 'NONE',  ( -0.000000000000000000, -0.000000000000000000, 1.000000000000000000 ) ) ;
#522 = FACE_OUTER_BOUND ( 'NONE', #76, .T. ) ;
#523 = EDGE_LOOP ( 'NONE', ( #1483, #2035, #534, #864 ) ) ;
#524 = FACE_OUTER_BOUND ( 'NONE', #1971, .T. ) ;
#525 = CYLINDRICAL_SURFACE ( 'NONE', #1473, 2.499999999999998668 ) ;
#526 = ORIENTED_EDGE ( 'NONE', *, *, #410, .F. ) ;
#527 = LINE ( 'NONE', #328, #171 ) ;
#528 = ADVANCED_FACE ( 'NONE', ( #535 ), #851, .F. ) ;
#529 = ORIENTED_EDGE ( 'NONE', *, *, #1645, .T. ) ;
#530 = EDGE_CURVE ( 'NONE', #2150, #1923, #334, .T. ) ;
#531 = CARTESIAN_POINT ( 'NONE',  ( 4.500000000000000888, 4.500000000000000888, 38.00000000000000711 ) ) ;
#532 = CARTESIAN_POINT ( 'NONE',  ( 0.000000000000000000, 67.00000000000000000, 3.000000000000000000 ) ) ;
#533 = DIRECTION ( 'NONE',  ( 0.000000000000000000, 0.000000000000000000, 1.000000000000000000 ) ) ;
#534 = ORIENTED_EDGE ( 'NONE', *, *, #471, .T. ) ;
#535 = FACE_OUTER_BOUND ( 'NONE', #48, .T. ) ;
#536 = DIRECTION ( 'NONE',  ( 0.000000000000000000, 1.000000000000000000, 0.000000000000000000 ) ) ;
#537 = ORIENTED_EDGE ( 'NONE', *, *, #1041, .T. ) ;
#538 = CARTESIAN_POINT ( 'NONE',  ( 7.500000000000000000, 4.500000000000000888, 38.00000000000000711 ) ) ;
#539 = ADVANCED_FACE ( 'NONE', ( #138 ), #310, .T. ) ;
#540 = ORIENTED_EDGE ( 'NONE', *, *, #226, .F. ) ;
#541 = CARTESIAN_POINT ( 'NONE',  ( 89.00000000000000000, 4.499999999999999112, 38.00000000000000711 ) ) ;
#542 = EDGE_CURVE ( 'NONE', #1021, #1408, #300, .T. ) ;
#543 = EDGE_CURVE ( 'NONE', #2207, #871, #1393, .T. ) ;
#544 = CIRCLE ( 'NONE', #1841, 6.500000000000005329 ) ;
#545 = CARTESIAN_POINT ( 'NONE',  ( 63.00000000000002842, 2.999999999999999112, 28.00000000000001421 ) ) ;
#546 = AXIS2_PLACEMENT_3D ( 'NONE', #2018, #86, #964 ) ;
#547 = ORIENTED_EDGE ( 'NONE', *, *, #815, .F. ) ;
#548 = AXIS2_PLACEMENT_3D ( 'NONE', #1776, #914, #559 ) ;
#549 = VECTOR ( 'NONE', #1081, 1000.000000000000000 ) ;
#550 = CARTESIAN_POINT ( 'NONE',  ( 90.50000000000000000, 67.00000000000000000, 23.00000000000000711 ) ) ;
#551 = LINE ( 'NONE', #1259, #2012 ) ;
#552 = AXIS2_PLACEMENT_3D ( 'NONE', #599, #1117, #1088 ) ;
#553 = EDGE_LOOP ( 'NONE', ( #1334, #105, #612, #198 ) ) ;
#554 = DIRECTION ( 'NONE',  ( -1.000000000000000000, 0.000000000000000000, 0.000000000000000000 ) ) ;
#555 = CIRCLE ( 'NONE', #1851, 1.500000000000000000 ) ;
#556 = ORIENTED_EDGE ( 'NONE', *, *, #1091, .T. ) ;
#557 = DIRECTION ( 'NONE',  ( -1.000000000000000000, 0.000000000000000000, 0.000000000000000000 ) ) ;
#558 = CARTESIAN_POINT ( 'NONE',  ( 3.000000000000000000, 3.000000000000000000, 23.00000000000000711 ) ) ;
#559 = DIRECTION ( 'NONE',  ( 0.000000000000000000, 0.000000000000000000, 1.000000000000000000 ) ) ;
#560 = EDGE_CURVE ( 'NONE', #1432, #841, #2165, .T. ) ;
#561 = EDGE_CURVE ( 'NONE', #1260, #468, #2045, .T. ) ;
#562 = FACE_BOUND ( 'NONE', #1007, .T. ) ;
#563 = ORIENTED_EDGE ( 'NONE', *, *, #745, .F. ) ;
#564 = DIRECTION ( 'NONE',  ( 1.000000000000000000, 0.000000000000000000, 0.000000000000000000 ) ) ;
#565 = EDGE_CURVE ( 'NONE', #1853, #1665, #49, .T. ) ;
#566 = CARTESIAN_POINT ( 'NONE',  ( 92.00000000000000000, 3.000000000000000000, 23.00000000000000711 ) ) ;
#567 = VERTEX_POINT ( 'NONE', #931 ) ;
#568 = LINE ( 'NONE', #2124, #2259 ) ;
#569 = ORIENTED_EDGE ( 'NONE', *, *, #2240, .T. ) ;
#570 = DIRECTION ( 'NONE',  ( 0.000000000000000000, 0.000000000000000000, -1.000000000000000000 ) ) ;
#571 = CARTESIAN_POINT ( 'NONE',  ( 0.000000000000000000, 3.000000000000000000, 3.000000000000000000 ) ) ;
#572 = DIRECTION ( 'NONE',  ( 1.000000000000000000, 0.000000000000000000, 0.000000000000000000 ) ) ;
#573 = DIRECTION ( 'NONE',  ( -1.000000000000000000, -0.000000000000000000, -0.000000000000000000 ) ) ;
#574 = VERTEX_POINT ( 'NONE', #768 ) ;
#575 = CARTESIAN_POINT ( 'NONE',  ( 0.000000000000000000, 0.000000000000000000, 38.00000000000000711 ) ) ;
#576 = DIRECTION ( 'NONE',  ( -0.000000000000000000, -0.000000000000000000, 1.000000000000000000 ) ) ;
#577 = EDGE_CURVE ( 'NONE', #1082, #1421, #1692, .T. ) ;
#578 = ORIENTED_EDGE ( 'NONE', *, *, #1300, .F. ) ;
#579 = DIRECTION ( 'NONE',  ( -0.3511234415883933702, 0.000000000000000000, -0.9363291775690438801 ) ) ;
#580 = EDGE_LOOP ( 'NONE', ( #2236, #108, #1017, #2138 ) ) ;
#581 = FACE_OUTER_BOUND ( 'NONE', #1967, .T. ) ;
#582 = DIRECTION ( 'NONE',  ( 0.000000000000000000, 1.000000000000000000, 0.000000000000000000 ) ) ;
#583 = AXIS2_PLACEMENT_3D ( 'NONE', #1409, #1034, #1731 ) ;
#584 = ORIENTED_EDGE ( 'NONE', *, *, #787, .F. ) ;
#585 = DIRECTION ( 'NONE',  ( 0.000000000000000000, 1.000000000000000000, 0.000000000000000000 ) ) ;
#586 = CARTESIAN_POINT ( 'NONE',  ( 58.00000000000002132, 3.000000000000000000, 28.00000000000001066 ) ) ;
#587 = AXIS2_PLACEMENT_3D ( 'NONE', #1303, #286, #764 ) ;
#588 = AXIS2_PLACEMENT_3D ( 'NONE', #1977, #394, #2000 ) ;
#589 = EDGE_LOOP ( 'NONE', ( #67, #64, #1961, #408 ) ) ;
#590 = FACE_OUTER_BOUND ( 'NONE', #553, .T. ) ;
#591 = EDGE_CURVE ( 'NONE', #2038, #966, #10, .T. ) ;
#592 = AXIS2_PLACEMENT_3D ( 'NONE', #1296, #576, #24 ) ;
#593 = AXIS2_PLACEMENT_3D ( 'NONE', #272, #130, #1535 ) ;
#594 = ORIENTED_EDGE ( 'NONE', *, *, #1892, .F. ) ;
#595 = LINE ( 'NONE', #1678, #2086 ) ;
#596 = CARTESIAN_POINT ( 'NONE',  ( 90.50000000000000000, 4.499999999999999112, -0.002000000000002000178 ) ) ;
#597 = VERTEX_POINT ( 'NONE', #369 ) ;
#598 = LINE ( 'NONE', #1430, #244 ) ;
#599 = CARTESIAN_POINT ( 'NONE',  ( 3.000000000000000000, 3.000000000000000000, 3.000000000000000000 ) ) ;
#600 = VERTEX_POINT ( 'NONE', #184 ) ;
#601 = DIRECTION ( 'NONE',  ( 1.000000000000000000, 0.000000000000000000, 0.000000000000000000 ) ) ;
#602 = ADVANCED_FACE ( 'NONE', ( #203 ), #903, .F. ) ;
#603 = VERTEX_POINT ( 'NONE', #550 ) ;
#604 = APPLICATION_PROTOCOL_DEFINITION ( 'draft international standard', 'automotive_design', 1998, #1715 ) ;
#605 = EDGE_CURVE ( 'NONE', #1413, #1337, #1606, .T. ) ;
#606 = FACE_OUTER_BOUND ( 'NONE', #302, .T. ) ;
#607 = ORIENTED_EDGE ( 'NONE', *, *, #212, .F. ) ;
#608 = CARTESIAN_POINT ( 'NONE',  ( 92.00000000000000000, 70.00000000000000000, 38.00000000000000711 ) ) ;
#609 = CARTESIAN_POINT ( 'NONE',  ( 65.50000000000002842, 2.999999999999999112, 38.00000000000000711 ) ) ;
#610 = ORIENTED_EDGE ( 'NONE', *, *, #1423, .T. ) ;
#611 = DIRECTION ( 'NONE',  ( -0.000000000000000000, -0.000000000000000000, 1.000000000000000000 ) ) ;
#612 = ORIENTED_EDGE ( 'NONE', *, *, #635, .F. ) ;
#613 = DIRECTION ( 'NONE',  ( 0.000000000000000000, 0.000000000000000000, 1.000000000000000000 ) ) ;
#614 = EDGE_CURVE ( 'NONE', #1337, #2038, #1817, .T. ) ;
#615 = ORIENTED_EDGE ( 'NONE', *, *, #485, .F. ) ;
#616 = DIRECTION ( 'NONE',  ( 0.000000000000000000, -0.000000000000000000, -1.000000000000000000 ) ) ;
#617 = FACE_BOUND ( 'NONE', #2040, .T. ) ;
#618 = CIRCLE ( 'NONE', #2189, 3.000000000000000000 ) ;
#619 = VERTEX_POINT ( 'NONE', #1279 ) ;
#620 = AXIS2_PLACEMENT_3D ( 'NONE', #1859, #2029, #616 ) ;
#621 = PLANE ( 'NONE',  #655 ) ;
#622 = CARTESIAN_POINT ( 'NONE',  ( 93.50000000000000000, 3.000000000000000000, 23.00000000000000711 ) ) ;
#623 = AXIS2_PLACEMENT_3D ( 'NONE', #860, #2260, #1406 ) ;
#624 = ORIENTED_EDGE ( 'NONE', *, *, #338, .T. ) ;
#625 = VECTOR ( 'NONE', #379, 1000.000000000000000 ) ;
#626 = CARTESIAN_POINT ( 'NONE',  ( 90.50000000000000000, 67.00000000000000000, 38.00000000000000711 ) ) ;
#627 = VECTOR ( 'NONE', #1008, 1000.000000000000000 ) ;
#628 = AXIS2_PLACEMENT_3D ( 'NONE', #1528, #2249, #999 ) ;
#629 = CARTESIAN_POINT ( 'NONE',  ( 95.00000000000000000, 44.00000000000000711, 21.59997800000000012 ) ) ;
#630 = ORIENTED_EDGE ( 'NONE', *, *, #1135, .T. ) ;
#631 = EDGE_CURVE ( 'NONE', #1286, #1493, #598, .T. ) ;
#632 = LINE ( 'NONE', #1997, #658 ) ;
#633 = DIRECTION ( 'NONE',  ( 1.000000000000000000, 0.000000000000000000, 0.000000000000000000 ) ) ;
#634 = ORIENTED_EDGE ( 'NONE', *, *, #2264, .T. ) ;
#635 = EDGE_CURVE ( 'NONE', #1926, #1700, #1508, .T. ) ;
#636 = DIRECTION ( 'NONE',  ( 1.000000000000000000, 0.000000000000000000, 0.000000000000000000 ) ) ;
#637 = CARTESIAN_POINT ( 'NONE',  ( 92.00000000000000000, 62.50000000000000000, 38.00000000000000711 ) ) ;
#638 = VERTEX_POINT ( 'NONE', #1799 ) ;
#639 = LINE ( 'NONE', #1713, #1479 ) ;
#640 = LINE ( 'NONE', #1347, #924 ) ;
#641 = ORIENTED_EDGE ( 'NONE', *, *, #635, .T. ) ;
#642 = CARTESIAN_POINT ( 'NONE',  ( 55.50000000000002842, 15.00000000000000000, 38.00000000000001421 ) ) ;
#643 = MANIFOLD_SOLID_BREP ( 'Ã®⁄Øƒ10', #1735 ) ;
#644 = ORIENTED_EDGE ( 'NONE', *, *, #1356, .F. ) ;
#645 = CARTESIAN_POINT ( 'NONE',  ( 4.500000000000000888, 6.000000000000000000, 38.00000000000000711 ) ) ;
#646 = CARTESIAN_POINT ( 'NONE',  ( 80.00000000000000000, 55.00000000000000711, 11.00000000000000000 ) ) ;
#647 = EDGE_CURVE ( 'NONE', #797, #600, #952, .T. ) ;
#648 = CARTESIAN_POINT ( 'NONE',  ( 0.000000000000000000, 0.000000000000000000, 38.00000000000000711 ) ) ;
#649 = CARTESIAN_POINT ( 'NONE',  ( 80.00000000000000000, 55.00000000000000711, 2.999999999999999112 ) ) ;
#650 = FACE_BOUND ( 'NONE', #702, .T. ) ;
#651 = DIRECTION ( 'NONE',  ( -1.000000000000000000, 0.000000000000000000, 0.000000000000000000 ) ) ;
#652 = ORIENTED_EDGE ( 'NONE', *, *, #2222, .T. ) ;
#653 = DIRECTION ( 'NONE',  ( 1.000000000000000000, 0.000000000000000000, 0.000000000000000000 ) ) ;
#654 = CARTESIAN_POINT ( 'NONE',  ( 92.00000000000000000, 3.000000000000000000, 38.00000000000000711 ) ) ;
#655 = AXIS2_PLACEMENT_3D ( 'NONE', #71, #2023, #1154 ) ;
#656 = CARTESIAN_POINT ( 'NONE',  ( 87.50000000000000000, 4.500000000000000888, 38.00000000000000711 ) ) ;
#657 = ADVANCED_FACE ( 'NONE', ( #1295 ), #404, .F. ) ;
#658 = VECTOR ( 'NONE', #781, 1000.000000000000000 ) ;
#659 = CIRCLE ( 'NONE', #878, 3.000000000000000000 ) ;
#660 = CIRCLE ( 'NONE', #2126, 3.500000000000003109 ) ;
#661 = CARTESIAN_POINT ( 'NONE',  ( 13.50000000000000888, 15.00000000000000000, 2.999999999999999112 ) ) ;
#662 = CIRCLE ( 'NONE', #1179, 1.500000000000000444 ) ;
#663 = CIRCLE ( 'NONE', #1813, 3.000000000000000000 ) ;
#664 = FACE_OUTER_BOUND ( 'NONE', #1539, .T. ) ;
#665 = ORIENTED_EDGE ( 'NONE', *, *, #1507, .F. ) ;
#666 = CARTESIAN_POINT ( 'NONE',  ( 95.00000000000000000, 67.00000000000000000, 38.00000000000000711 ) ) ;
#667 = DIRECTION ( 'NONE',  ( 1.000000000000000000, 0.000000000000000000, 0.000000000000000000 ) ) ;
#668 = CIRCLE ( 'NONE', #853, 1.500000000000001332 ) ;
#669 = ORIENTED_EDGE ( 'NONE', *, *, #1978, .F. ) ;
#670 = DIRECTION ( 'NONE',  ( -1.000000000000000000, 0.000000000000000000, 0.000000000000000000 ) ) ;
#671 = DIRECTION ( 'NONE',  ( -0.000000000000000000, -0.000000000000000000, 1.000000000000000000 ) ) ;
#672 = ADVANCED_FACE ( 'NONE', ( #450 ), #102, .F. ) ;
#673 = FACE_OUTER_BOUND ( 'NONE', #1496, .T. ) ;
#674 = EDGE_CURVE ( 'NONE', #1562, #841, #1497, .T. ) ;
#675 = LINE ( 'NONE', #134, #94 ) ;
#676 = ORIENTED_EDGE ( 'NONE', *, *, #2112, .T. ) ;
#677 = LINE ( 'NONE', #1563, #1172 ) ;
#678 = DIRECTION ( 'NONE',  ( -1.000000000000000000, 0.000000000000000000, 0.000000000000000000 ) ) ;
#679 = VERTEX_POINT ( 'NONE', #1349 ) ;
#680 = FACE_OUTER_BOUND ( 'NONE', #2210, .T. ) ;
#681 = EDGE_LOOP ( 'NONE', ( #2252, #705 ) ) ;
#682 = CARTESIAN_POINT ( 'NONE',  ( 3.000000000000000000, 67.00000000000000000, 38.00000000000000711 ) ) ;
#683 = CARTESIAN_POINT ( 'NONE',  ( 15.00000000000000711, 15.00000000000000000, 3.000000000000000000 ) ) ;
#684 = EDGE_CURVE ( 'NONE', #414, #1480, #1136, .T. ) ;
#685 = EDGE_LOOP ( 'NONE', ( #1589, #346, #1170, #446 ) ) ;
#686 = DIRECTION ( 'NONE',  ( 3.469446951953611231E-16, 0.000000000000000000, -1.000000000000000000 ) ) ;
#687 = DIRECTION ( 'NONE',  ( 0.000000000000000000, 0.000000000000000000, 1.000000000000000000 ) ) ;
#688 = EDGE_LOOP ( 'NONE', ( #724, #227, #876, #1059, #1987, #676, #1268, #1157, #2184, #1467 ) ) ;
#689 = CARTESIAN_POINT ( 'NONE',  ( 15.00000000000000178, 55.00000000000000000, 2.999999999999999112 ) ) ;
#690 = AXIS2_PLACEMENT_3D ( 'NONE', #2063, #1022, #159 ) ;
#691 = EDGE_LOOP ( 'NONE', ( #79, #31, #362, #269 ) ) ;
#692 = AXIS2_PLACEMENT_3D ( 'NONE', #1902, #1221, #1935 ) ;
#693 = DIRECTION ( 'NONE',  ( -1.000000000000000000, 0.000000000000000000, 0.000000000000000000 ) ) ;
#694 = AXIS2_PLACEMENT_3D ( 'NONE', #7, #937, #720 ) ;
#695 = AXIS2_PLACEMENT_3D ( 'NONE', #2066, #1748, #875 ) ;
#696 = DIRECTION ( 'NONE',  ( 6.938893903907227392E-16, -0.000000000000000000, 1.000000000000000000 ) ) ;
#697 = AXIS2_PLACEMENT_3D ( 'NONE', #1746, #1055, #1555 ) ;
#698 = CARTESIAN_POINT ( 'NONE',  ( 80.00000000000000000, 15.00000000000000000, 3.000000000000000000 ) ) ;
#699 = VECTOR ( 'NONE', #1554, 1000.000000000000000 ) ;
#700 = ADVANCED_FACE ( 'NONE', ( #77 ), #1672, .T. ) ;
#701 = AXIS2_PLACEMENT_3D ( 'NONE', #47, #1122, #2011 ) ;
#702 = EDGE_LOOP ( 'NONE', ( #1424, #1756 ) ) ;
#703 = DIRECTION ( 'NONE',  ( 0.000000000000000000, 0.000000000000000000, 1.000000000000000000 ) ) ;
#704 = PLANE ( 'NONE',  #98 ) ;
#705 = ORIENTED_EDGE ( 'NONE', *, *, #561, .F. ) ;
#706 = CARTESIAN_POINT ( 'NONE',  ( 3.000000000000002665, 70.00000000000000000, 38.00000000000000711 ) ) ;
#707 = VECTOR ( 'NONE', #420, 1000.000000000000000 ) ;
#708 = ORIENTED_EDGE ( 'NONE', *, *, #647, .F. ) ;
#709 = DIRECTION ( 'NONE',  ( 0.000000000000000000, 1.000000000000000000, 0.000000000000000000 ) ) ;
#710 = DIRECTION ( 'NONE',  ( 0.000000000000000000, 0.000000000000000000, 1.000000000000000000 ) ) ;
#711 = DIRECTION ( 'NONE',  ( 0.000000000000000000, 0.000000000000000000, -1.000000000000000000 ) ) ;
#712 = ORIENTED_EDGE ( 'NONE', *, *, #398, .T. ) ;
#713 = DIRECTION ( 'NONE',  ( 1.000000000000000000, 0.000000000000000000, 0.000000000000000000 ) ) ;
#714 = DIRECTION ( 'NONE',  ( 0.000000000000000000, 0.000000000000000000, 1.000000000000000000 ) ) ;
#715 = VERTEX_POINT ( 'NONE', #608 ) ;
#716 = FACE_BOUND ( 'NONE', #1831, .T. ) ;
#717 = EDGE_CURVE ( 'NONE', #1683, #1286, #1288, .T. ) ;
#718 = ORIENTED_EDGE ( 'NONE', *, *, #2181, .F. ) ;
#719 = DIRECTION ( 'NONE',  ( 0.000000000000000000, 0.000000000000000000, 1.000000000000000000 ) ) ;
#720 = DIRECTION ( 'NONE',  ( 0.000000000000000000, 0.000000000000000000, 1.000000000000000000 ) ) ;
#721 = ORIENTED_EDGE ( 'NONE', *, *, #1228, .F. ) ;
#722 = CARTESIAN_POINT ( 'NONE',  ( 58.00000000000002132, 0.000000000000000000, 28.00000000000001066 ) ) ;
#723 = SPHERICAL_SURFACE ( 'NONE', #320, 3.000000000000000000 ) ;
#724 = ORIENTED_EDGE ( 'NONE', *, *, #1662, .T. ) ;
#725 = DIRECTION ( 'NONE',  ( 1.000000000000000000, -0.000000000000000000, -0.000000000000000000 ) ) ;
#726 = ADVANCED_FACE ( 'NONE', ( #1835 ), #792, .T. ) ;
#727 = EDGE_CURVE ( 'NONE', #1784, #384, #68, .T. ) ;
#728 = ORIENTED_EDGE ( 'NONE', *, *, #1709, .T. ) ;
#729 = CARTESIAN_POINT ( 'NONE',  ( 80.00000000000000000, 15.00000000000000000, 10.99999999999987388 ) ) ;
#730 = CARTESIAN_POINT ( 'NONE',  ( 92.00000000000000000, 67.00000000000000000, 0.000000000000000000 ) ) ;
#731 = CARTESIAN_POINT ( 'NONE',  ( 90.50000000000000000, 5.999999999999999112, 3.000000000000000000 ) ) ;
#732 = AXIS2_PLACEMENT_3D ( 'NONE', #1965, #400, #1085 ) ;
#733 = VERTEX_POINT ( 'NONE', #1849 ) ;
#734 = AXIS2_PLACEMENT_3D ( 'NONE', #656, #1365, #2056 ) ;
#735 =( LENGTH_UNIT ( ) NAMED_UNIT ( * ) SI_UNIT ( .MILLI., .METRE. ) );
#736 = DIRECTION ( 'NONE',  ( 1.000000000000000000, 0.000000000000000000, 0.000000000000000000 ) ) ;
#737 = AXIS2_PLACEMENT_3D ( 'NONE', #2261, #19, #1407 ) ;
#738 = ORIENTED_EDGE ( 'NONE', *, *, #560, .T. ) ;
#739 = CARTESIAN_POINT ( 'NONE',  ( 80.00000000000000000, 15.00000000000000000, 11.00000000000000000 ) ) ;
#740 = VECTOR ( 'NONE', #1592, 1000.000000000000000 ) ;
#741 = ORIENTED_EDGE ( 'NONE', *, *, #226, .T. ) ;
#742 = DIRECTION ( 'NONE',  ( 1.000000000000000000, 0.000000000000000000, 0.000000000000000000 ) ) ;
#743 = CARTESIAN_POINT ( 'NONE',  ( 0.000000000000000000, 0.000000000000000000, 0.000000000000000000 ) ) ;
#744 = FACE_OUTER_BOUND ( 'NONE', #1973, .T. ) ;
#745 = EDGE_CURVE ( 'NONE', #597, #154, #1878, .T. ) ;
#746 = EDGE_LOOP ( 'NONE', ( #388, #393 ) ) ;
#747 = CARTESIAN_POINT ( 'NONE',  ( 80.00000000000000000, 55.00000000000000711, 3.000000000000000000 ) ) ;
#748 = CARTESIAN_POINT ( 'NONE',  ( 63.00000000000002842, 3.000000000000000000, 28.00000000000001421 ) ) ;
#749 = ORIENTED_EDGE ( 'NONE', *, *, #167, .T. ) ;
#750 = LINE ( 'NONE', #2145, #99 ) ;
#751 = VERTEX_POINT ( 'NONE', #1660 ) ;
#752 = DIRECTION ( 'NONE',  ( 0.000000000000000000, -0.000000000000000000, 1.000000000000000000 ) ) ;
#753 = PLANE ( 'NONE',  #2229 ) ;
#754 = DIRECTION ( 'NONE',  ( 0.000000000000000000, 0.000000000000000000, -1.000000000000000000 ) ) ;
#755 = ORIENTED_EDGE ( 'NONE', *, *, #926, .F. ) ;
#756 = EDGE_CURVE ( 'NONE', #2074, #1932, #825, .T. ) ;
#757 = CARTESIAN_POINT ( 'NONE',  ( 65.50000000000002842, 0.000000000000000000, 28.00000000000001421 ) ) ;
#758 = DIRECTION ( 'NONE',  ( 0.000000000000000000, 0.000000000000000000, 1.000000000000000000 ) ) ;
#759 = EDGE_LOOP ( 'NONE', ( #1897, #718, #1218, #1929 ) ) ;
#760 = DIRECTION ( 'NONE',  ( 0.000000000000000000, 0.000000000000000000, 1.000000000000000000 ) ) ;
#761 = ORIENTED_EDGE ( 'NONE', *, *, #2003, .F. ) ;
#762 = LINE ( 'NONE', #2179, #707 ) ;
#763 = LINE ( 'NONE', #1653, #1476 ) ;
#764 = DIRECTION ( 'NONE',  ( 1.000000000000000000, 0.000000000000000000, 0.000000000000000000 ) ) ;
#765 = CARTESIAN_POINT ( 'NONE',  ( 55.50000000000002842, 0.000000000000000000, 38.00000000000000711 ) ) ;
#766 = AXIS2_PLACEMENT_3D ( 'NONE', #991, #1675, #2008 ) ;
#767 = EDGE_LOOP ( 'NONE', ( #2164, #1829 ) ) ;
#768 = CARTESIAN_POINT ( 'NONE',  ( 87.50000000000000000, 3.000000000000000000, 3.000000000000000000 ) ) ;
#769 = AXIS2_PLACEMENT_3D ( 'NONE', #986, #2039, #264 ) ;
#770 = DIRECTION ( 'NONE',  ( -0.000000000000000000, -0.000000000000000000, -1.000000000000000000 ) ) ;
#771 = EDGE_CURVE ( 'NONE', #128, #15, #1681, .T. ) ;
#772 = AXIS2_PLACEMENT_3D ( 'NONE', #901, #890, #1453 ) ;
#773 = VECTOR ( 'NONE', #1178, 1000.000000000000000 ) ;
#774 = ORIENTED_EDGE ( 'NONE', *, *, #819, .F. ) ;
#775 = DIRECTION ( 'NONE',  ( -0.000000000000000000, -0.000000000000000000, 1.000000000000000000 ) ) ;
#776 = ADVANCED_FACE ( 'NONE', ( #1529 ), #2218, .T. ) ;
#777 = AXIS2_PLACEMENT_3D ( 'NONE', #423, #2149, #401 ) ;
#778 = EDGE_LOOP ( 'NONE', ( #1236, #1372, #1847, #785 ) ) ;
#779 = DIRECTION ( 'NONE',  ( -0.000000000000000000, -0.000000000000000000, -1.000000000000000000 ) ) ;
#780 = VERTEX_POINT ( 'NONE', #1708 ) ;
#781 = DIRECTION ( 'NONE',  ( 0.000000000000000000, 1.000000000000000000, 0.000000000000000000 ) ) ;
#782 = CARTESIAN_POINT ( 'NONE',  ( 95.00000000000000000, 0.000000000000000000, 3.000000000000000000 ) ) ;
#783 = ORIENTED_EDGE ( 'NONE', *, *, #1109, .F. ) ;
#784 = CARTESIAN_POINT ( 'NONE',  ( 86.49999999999998579, 15.00000000000000000, 3.000000000000000000 ) ) ;
#785 = ORIENTED_EDGE ( 'NONE', *, *, #815, .T. ) ;
#786 = EDGE_CURVE ( 'NONE', #322, #1834, #1654, .T. ) ;
#787 = EDGE_CURVE ( 'NONE', #148, #432, #632, .T. ) ;
#788 = DIRECTION ( 'NONE',  ( 0.000000000000000000, 0.000000000000000000, 1.000000000000000000 ) ) ;
#789 = DIRECTION ( 'NONE',  ( -1.000000000000000000, 0.000000000000000000, -0.000000000000000000 ) ) ;
#790 = CARTESIAN_POINT ( 'NONE',  ( 92.00000000000000000, 7.500000000000000000, 3.000000000000000000 ) ) ;
#791 = ORIENTED_EDGE ( 'NONE', *, *, #1966, .F. ) ;
#792 = CYLINDRICAL_SURFACE ( 'NONE', #546, 3.000000000000002665 ) ;
#793 = CARTESIAN_POINT ( 'NONE',  ( 65.50000000000002842, 3.000000000000000000, 30.50000000000001421 ) ) ;
#794 = ORIENTED_EDGE ( 'NONE', *, *, #307, .T. ) ;
#795 = CYLINDRICAL_SURFACE ( 'NONE', #1094, 1.500000000000001332 ) ;
#796 = FACE_OUTER_BOUND ( 'NONE', #158, .T. ) ;
#797 = VERTEX_POINT ( 'NONE', #2174 ) ;
#798 = DIRECTION ( 'NONE',  ( -0.000000000000000000, -0.000000000000000000, 1.000000000000000000 ) ) ;
#799 = EDGE_CURVE ( 'NONE', #1518, #902, #1338, .T. ) ;
#800 = CARTESIAN_POINT ( 'NONE',  ( 55.50000000000002842, 15.00000000000000000, 38.00000000000001421 ) ) ;
#801 = ORIENTED_EDGE ( 'NONE', *, *, #167, .F. ) ;
#802 = CARTESIAN_POINT ( 'NONE',  ( 3.000000000000000000, 70.00000000000000000, 3.000000000000000000 ) ) ;
#803 = CARTESIAN_POINT ( 'NONE',  ( 3.000000000000000000, 3.000000000000000000, 38.00000000000000711 ) ) ;
#804 = CIRCLE ( 'NONE', #1101, 3.499999999999999556 ) ;
#805 = ORIENTED_EDGE ( 'NONE', *, *, #1832, .T. ) ;
#806 = VECTOR ( 'NONE', #484, 1000.000000000000000 ) ;
#807 = LINE ( 'NONE', #278, #2226 ) ;
#808 = DIRECTION ( 'NONE',  ( 0.000000000000000000, 0.000000000000000000, 1.000000000000000000 ) ) ;
#809 = VECTOR ( 'NONE', #1442, 1000.000000000000000 ) ;
#810 = CIRCLE ( 'NONE', #1474, 1.499999999999999556 ) ;
#811 = ORIENTED_EDGE ( 'NONE', *, *, #1836, .F. ) ;
#812 = VECTOR ( 'NONE', #1234, 1000.000000000000000 ) ;
#813 = DIRECTION ( 'NONE',  ( 1.000000000000000000, 0.000000000000000000, 0.000000000000000000 ) ) ;
#814 = VECTOR ( 'NONE', #282, 1000.000000000000000 ) ;
#815 = EDGE_CURVE ( 'NONE', #1946, #1858, #2211, .T. ) ;
#816 = CARTESIAN_POINT ( 'NONE',  ( 90.50000000000000000, 4.499999999999999112, 3.000000000000000000 ) ) ;
#817 = ORIENTED_EDGE ( 'NONE', *, *, #1340, .T. ) ;
#818 = CARTESIAN_POINT ( 'NONE',  ( 80.00000000000000000, 44.00000000000000711, 27.59997800000000012 ) ) ;
#819 = EDGE_CURVE ( 'NONE', #1459, #1940, #1880, .T. ) ;
#820 = VECTOR ( 'NONE', #155, 1000.000000000000000 ) ;
#821 = ORIENTED_EDGE ( 'NONE', *, *, #1612, .F. ) ;
#822 = CARTESIAN_POINT ( 'NONE',  ( 92.00000000000000000, 3.000000000000000000, 23.00000000000000711 ) ) ;
#823 = EDGE_LOOP ( 'NONE', ( #2243, #908 ) ) ;
#824 = CARTESIAN_POINT ( 'NONE',  ( 4.500000000000000888, 3.000000000000000000, 23.00000000000000711 ) ) ;
#825 = LINE ( 'NONE', #818, #2047 ) ;
#826 = EDGE_CURVE ( 'NONE', #858, #21, #1211, .T. ) ;
#827 = EDGE_CURVE ( 'NONE', #1853, #355, #1358, .T. ) ;
#828 = ORIENTED_EDGE ( 'NONE', *, *, #1570, .T. ) ;
#829 = CARTESIAN_POINT ( 'NONE',  ( 92.00000000000000000, 62.50000000000000000, 3.000000000000000000 ) ) ;
#830 = LINE ( 'NONE', #837, #844 ) ;
#831 = DIRECTION ( 'NONE',  ( 0.000000000000000000, 0.000000000000000000, 1.000000000000000000 ) ) ;
#832 = DIRECTION ( 'NONE',  ( 0.000000000000000000, 0.000000000000000000, 1.000000000000000000 ) ) ;
#833 = CARTESIAN_POINT ( 'NONE',  ( 0.000000000000000000, 0.000000000000000000, 3.000000000000000000 ) ) ;
#834 = DIRECTION ( 'NONE',  ( -1.000000000000000000, 0.000000000000000000, 0.000000000000000000 ) ) ;
#835 = VERTEX_POINT ( 'NONE', #2079 ) ;
#836 = CARTESIAN_POINT ( 'NONE',  ( 3.000000000000000000, 62.49999999999998579, 38.00000000000000711 ) ) ;
#837 = CARTESIAN_POINT ( 'NONE',  ( 1.499999999999999334, 3.000000000000000000, 23.00000000000000711 ) ) ;
#838 = EDGE_CURVE ( 'NONE', #780, #858, #341, .T. ) ;
#839 = CIRCLE ( 'NONE', #2080, 1.500000000000000000 ) ;
#840 = ORIENTED_EDGE ( 'NONE', *, *, #1662, .F. ) ;
#841 = VERTEX_POINT ( 'NONE', #1911 ) ;
#842 = DIRECTION ( 'NONE',  ( -0.000000000000000000, 0.000000000000000000, -1.000000000000000000 ) ) ;
#843 = EDGE_CURVE ( 'NONE', #1858, #1388, #880, .T. ) ;
#844 = VECTOR ( 'NONE', #1855, 1000.000000000000000 ) ;
#845 = CIRCLE ( 'NONE', #2160, 1.499999999999999556 ) ;
#846 = PLANE ( 'NONE',  #436 ) ;
#847 = VECTOR ( 'NONE', #2121, 999.9999999999998863 ) ;
#848 = AXIS2_PLACEMENT_3D ( 'NONE', #1582, #1066, #1797 ) ;
#849 = DIRECTION ( 'NONE',  ( 0.3511234415883940363, 4.300021988468293821E-17, -0.9363291775690436580 ) ) ;
#850 = EDGE_LOOP ( 'NONE', ( #1856, #2007, #940, #1819 ) ) ;
#851 = PLANE ( 'NONE',  #1470 ) ;
#852 = CYLINDRICAL_SURFACE ( 'NONE', #697, 1.500000000000001332 ) ;
#853 = AXIS2_PLACEMENT_3D ( 'NONE', #1061, #719, #2129 ) ;
#854 = ORIENTED_EDGE ( 'NONE', *, *, #35, .F. ) ;
#855 = FACE_OUTER_BOUND ( 'NONE', #1953, .T. ) ;
#856 = EDGE_CURVE ( 'NONE', #946, #597, #1581, .T. ) ;
#857 = EDGE_CURVE ( 'NONE', #419, #2100, #544, .T. ) ;
#858 = VERTEX_POINT ( 'NONE', #1043 ) ;
#859 = SPHERICAL_SURFACE ( 'NONE', #628, 3.000000000000000000 ) ;
#860 = CARTESIAN_POINT ( 'NONE',  ( 15.00000000000000711, 15.00000000000000000, 2.999999999999999112 ) ) ;
#861 = ORIENTED_EDGE ( 'NONE', *, *, #2081, .F. ) ;
#862 = DIRECTION ( 'NONE',  ( 0.000000000000000000, 0.000000000000000000, 1.000000000000000000 ) ) ;
#863 = FACE_OUTER_BOUND ( 'NONE', #1317, .T. ) ;
#864 = ORIENTED_EDGE ( 'NONE', *, *, #380, .F. ) ;
#865 = CARTESIAN_POINT ( 'NONE',  ( 15.00000000000000178, 55.00000000000000000, 11.00000000000000000 ) ) ;
#866 = EDGE_LOOP ( 'NONE', ( #1197, #2065, #299, #1037 ) ) ;
#867 = CARTESIAN_POINT ( 'NONE',  ( 80.00000000000000000, 15.00000000000000000, 11.00000000000000000 ) ) ;
#868 = EDGE_CURVE ( 'NONE', #603, #1635, #675, .T. ) ;
#869 = FACE_OUTER_BOUND ( 'NONE', #1475, .T. ) ;
#870 = EDGE_CURVE ( 'NONE', #1429, #1784, #839, .T. ) ;
#871 = VERTEX_POINT ( 'NONE', #2242 ) ;
#872 = CARTESIAN_POINT ( 'NONE',  ( 92.00000000000000000, 67.00000000000000000, 3.000000000000000000 ) ) ;
#873 = DIRECTION ( 'NONE',  ( -0.3511234415883933702, 0.000000000000000000, -0.9363291775690438801 ) ) ;
#874 = EDGE_LOOP ( 'NONE', ( #2146, #2123, #2270, #1418 ) ) ;
#875 = DIRECTION ( 'NONE',  ( -1.000000000000000000, 0.000000000000000000, 0.000000000000000000 ) ) ;
#876 = ORIENTED_EDGE ( 'NONE', *, *, #674, .T. ) ;
#877 = DIRECTION ( 'NONE',  ( -0.000000000000000000, -0.000000000000000000, 1.000000000000000000 ) ) ;
#878 = AXIS2_PLACEMENT_3D ( 'NONE', #1224, #687, #2254 ) ;
#879 = AXIS2_PLACEMENT_3D ( 'NONE', #188, #1237, #500 ) ;
#880 = LINE ( 'NONE', #1561, #1538 ) ;
#881 = AXIS2_PLACEMENT_3D ( 'NONE', #87, #1498, #1860 ) ;
#882 = CIRCLE ( 'NONE', #177, 3.000000000000000000 ) ;
#883 = VERTEX_POINT ( 'NONE', #1381 ) ;
#884 = CARTESIAN_POINT ( 'NONE',  ( 92.00000000000000000, 0.000000000000000000, 3.000000000000000000 ) ) ;
#885 = FACE_OUTER_BOUND ( 'NONE', #2219, .T. ) ;
#886 = ORIENTED_EDGE ( 'NONE', *, *, #530, .T. ) ;
#887 = LINE ( 'NONE', #1398, #1846 ) ;
#888 = VERTEX_POINT ( 'NONE', #1194 ) ;
#889 = CARTESIAN_POINT ( 'NONE',  ( 0.000000000000000000, 3.000000000000000000, 3.000000000000000000 ) ) ;
#890 = DIRECTION ( 'NONE',  ( -0.000000000000000000, -0.000000000000000000, 1.000000000000000000 ) ) ;
#891 = FACE_OUTER_BOUND ( 'NONE', #1613, .T. ) ;
#892 = ORIENTED_EDGE ( 'NONE', *, *, #455, .F. ) ;
#893 = DIRECTION ( 'NONE',  ( -0.000000000000000000, 0.000000000000000000, 1.000000000000000000 ) ) ;
#894 = LINE ( 'NONE', #160, #1440 ) ;
#895 = EDGE_CURVE ( 'NONE', #1700, #1926, #2120, .T. ) ;
#896 = ORIENTED_EDGE ( 'NONE', *, *, #1760, .T. ) ;
#897 = CYLINDRICAL_SURFACE ( 'NONE', #207, 1.500000000000000000 ) ;
#898 = ADVANCED_FACE ( 'NONE', ( #869 ), #1052, .F. ) ;
#899 = ORIENTED_EDGE ( 'NONE', *, *, #1010, .F. ) ;
#900 = DIRECTION ( 'NONE',  ( -0.000000000000000000, -0.000000000000000000, 1.000000000000000000 ) ) ;
#901 = CARTESIAN_POINT ( 'NONE',  ( 92.00000000000000000, 67.00000000000000000, 23.00000000000000711 ) ) ;
#902 = VERTEX_POINT ( 'NONE', #1231 ) ;
#903 = CYLINDRICAL_SURFACE ( 'NONE', #1323, 1.500000000000000444 ) ;
#904 = CARTESIAN_POINT ( 'NONE',  ( 87.50000000000000000, 65.50000000000000000, 38.00000000000000711 ) ) ;
#905 = ORIENTED_EDGE ( 'NONE', *, *, #72, .T. ) ;
#906 = DIRECTION ( 'NONE',  ( -0.000000000000000000, -1.000000000000000000, -0.000000000000000000 ) ) ;
#907 = EDGE_CURVE ( 'NONE', #1816, #797, #2069, .T. ) ;
#908 = ORIENTED_EDGE ( 'NONE', *, *, #329, .F. ) ;
#909 = EDGE_CURVE ( 'NONE', #187, #1493, #283, .T. ) ;
#910 = AXIS2_PLACEMENT_3D ( 'NONE', #1915, #1207, #172 ) ;
#911 = DIRECTION ( 'NONE',  ( 1.000000000000000000, 0.000000000000000000, 0.000000000000000000 ) ) ;
#912 = CYLINDRICAL_SURFACE ( 'NONE', #474, 3.000000000000000000 ) ;
#913 = VECTOR ( 'NONE', #1171, 1000.000000000000000 ) ;
#914 = DIRECTION ( 'NONE',  ( 0.000000000000000000, 1.000000000000000000, 0.000000000000000000 ) ) ;
#915 = CARTESIAN_POINT ( 'NONE',  ( 3.000000000000000000, 3.000000000000000000, 0.000000000000000000 ) ) ;
#916 = VECTOR ( 'NONE', #352, 1000.000000000000000 ) ;
#917 = ORIENTED_EDGE ( 'NONE', *, *, #591, .T. ) ;
#918 = CIRCLE ( 'NONE', #1983, 6.499999999999983125 ) ;
#919 = AXIS2_PLACEMENT_3D ( 'NONE', #1038, #1930, #1048 ) ;
#920 = DIRECTION ( 'NONE',  ( 1.000000000000000000, 0.000000000000000000, 0.000000000000000000 ) ) ;
#921 = CIRCLE ( 'NONE', #959, 6.000000000000001776 ) ;
#922 = ORIENTED_EDGE ( 'NONE', *, *, #647, .T. ) ;
#923 = LINE ( 'NONE', #2137, #1512 ) ;
#924 = VECTOR ( 'NONE', #1169, 1000.000000000000114 ) ;
#925 = ORIENTED_EDGE ( 'NONE', *, *, #308, .F. ) ;
#926 = EDGE_CURVE ( 'NONE', #1791, #1946, #306, .T. ) ;
#927 = ADVANCED_FACE ( 'NONE', ( #157, #1185 ), #1727, .T. ) ;
#928 = PLANE ( 'NONE',  #1329 ) ;
#929 = FACE_OUTER_BOUND ( 'NONE', #1801, .T. ) ;
#930 = ORIENTED_EDGE ( 'NONE', *, *, #496, .T. ) ;
#931 = CARTESIAN_POINT ( 'NONE',  ( 16.50000000000000000, 55.00000000000000000, 2.999999999999999112 ) ) ;
#932 = DIRECTION ( 'NONE',  ( -1.000000000000000000, 0.000000000000000000, 0.000000000000000000 ) ) ;
#933 = ORIENTED_EDGE ( 'NONE', *, *, #543, .T. ) ;
#934 = CARTESIAN_POINT ( 'NONE',  ( 3.000000000000000000, 67.00000000000000000, 23.00000000000000711 ) ) ;
#935 = ORIENTED_EDGE ( 'NONE', *, *, #308, .T. ) ;
#936 = CARTESIAN_POINT ( 'NONE',  ( 92.00000000000000000, 0.000000000000000000, 3.000000000000000000 ) ) ;
#937 = DIRECTION ( 'NONE',  ( -1.000000000000000000, 0.000000000000000000, 0.000000000000000000 ) ) ;
#938 = ADVANCED_FACE ( 'NONE', ( #1032 ), #1742, .F. ) ;
#939 = DIRECTION ( 'NONE',  ( 1.000000000000000000, 0.000000000000000000, 0.000000000000000000 ) ) ;
#940 = ORIENTED_EDGE ( 'NONE', *, *, #727, .F. ) ;
#941 = FILL_AREA_STYLE_COLOUR ( '', #470 ) ;
#942 = ADVANCED_FACE ( 'NONE', ( #664 ), #147, .T. ) ;
#943 = CARTESIAN_POINT ( 'NONE',  ( 55.50000000000002132, 0.000000000000000000, 30.50000000000001421 ) ) ;
#944 = EDGE_LOOP ( 'NONE', ( #2001, #38, #112, #886 ) ) ;
#945 = CARTESIAN_POINT ( 'NONE',  ( 4.500000000000000888, 7.500000000000000000, 38.00000000000000711 ) ) ;
#946 = VERTEX_POINT ( 'NONE', #1972 ) ;
#947 = PLANE ( 'NONE',  #1663 ) ;
#948 = AXIS2_PLACEMENT_3D ( 'NONE', #822, #2205, #1343 ) ;
#949 = EDGE_CURVE ( 'NONE', #619, #1450, #2193, .T. ) ;
#950 = ORIENTED_EDGE ( 'NONE', *, *, #1779, .F. ) ;
#951 = DIRECTION ( 'NONE',  ( 0.000000000000000000, 0.000000000000000000, 1.000000000000000000 ) ) ;
#952 = CIRCLE ( 'NONE', #316, 3.000000000000000000 ) ;
#953 = CARTESIAN_POINT ( 'NONE',  ( 3.000000000000000000, 7.500000000000000000, 3.000000000000000000 ) ) ;
#954 = EDGE_CURVE ( 'NONE', #2074, #1861, #472, .T. ) ;
#955 = CIRCLE ( 'NONE', #1544, 1.500000000000000444 ) ;
#956 = ORIENTED_EDGE ( 'NONE', *, *, #954, .F. ) ;
#957 = FACE_OUTER_BOUND ( 'NONE', #359, .T. ) ;
#958 = VECTOR ( 'NONE', #1673, 999.9999999999998863 ) ;
#959 = AXIS2_PLACEMENT_3D ( 'NONE', #629, #939, #1857 ) ;
#960 = ORIENTED_EDGE ( 'NONE', *, *, #1300, .T. ) ;
#961 = DIRECTION ( 'NONE',  ( -0.000000000000000000, -0.000000000000000000, 1.000000000000000000 ) ) ;
#962 = FACE_OUTER_BOUND ( 'NONE', #778, .T. ) ;
#963 = VERTEX_POINT ( 'NONE', #224 ) ;
#964 = DIRECTION ( 'NONE',  ( -1.000000000000000000, 0.000000000000000000, 0.000000000000000000 ) ) ;
#965 = LINE ( 'NONE', #2030, #958 ) ;
#966 = VERTEX_POINT ( 'NONE', #364 ) ;
#967 = DIRECTION ( 'NONE',  ( 0.000000000000000000, 1.000000000000000000, 0.000000000000000000 ) ) ;
#968 = FACE_OUTER_BOUND ( 'NONE', #874, .T. ) ;
#969 = EDGE_CURVE ( 'NONE', #989, #1932, #1843, .T. ) ;
#970 = ADVANCED_FACE ( 'NONE', ( #1277 ), #753, .T. ) ;
#971 = ORIENTED_EDGE ( 'NONE', *, *, #1064, .F. ) ;
#972 = DIRECTION ( 'NONE',  ( 0.000000000000000000, 0.000000000000000000, -1.000000000000000000 ) ) ;
#973 = ADVANCED_FACE ( 'NONE', ( #1417, #581 ), #2132, .T. ) ;
#974 = DIRECTION ( 'NONE',  ( 1.000000000000000000, 0.000000000000000000, 0.000000000000000000 ) ) ;
#975 = ORIENTED_EDGE ( 'NONE', *, *, #614, .T. ) ;
#976 = CARTESIAN_POINT ( 'NONE',  ( 4.500000000000000888, 6.000000000000000000, 38.00000000000000711 ) ) ;
#977 = CARTESIAN_POINT ( 'NONE',  ( 13.50000000000000888, 15.00000000000000000, 2.999999999999999112 ) ) ;
#978 = EDGE_LOOP ( 'NONE', ( #1391, #2246, #1293, #1153 ) ) ;
#979 = DIRECTION ( 'NONE',  ( 1.000000000000000000, 0.000000000000000000, 0.000000000000000000 ) ) ;
#980 = CARTESIAN_POINT ( 'NONE',  ( 3.000000000000000000, 7.500000000000000000, 38.00000000000000711 ) ) ;
#981 = ORIENTED_EDGE ( 'NONE', *, *, #127, .T. ) ;
#982 = CARTESIAN_POINT ( 'NONE',  ( 95.00000000000000000, 67.00000000000000000, 3.000000000000000000 ) ) ;
#983 = EDGE_CURVE ( 'NONE', #797, #128, #246, .T. ) ;
#984 = DIRECTION ( 'NONE',  ( -0.000000000000000000, -0.000000000000000000, -1.000000000000000000 ) ) ;
#985 = ORIENTED_EDGE ( 'NONE', *, *, #870, .T. ) ;
#986 = CARTESIAN_POINT ( 'NONE',  ( 90.50000000000000000, 65.50000000000000000, 3.000000000000000000 ) ) ;
#987 = DIRECTION ( 'NONE',  ( 1.000000000000000000, 0.000000000000000000, -0.000000000000000000 ) ) ;
#988 = CIRCLE ( 'NONE', #948, 1.500000000000001332 ) ;
#989 = VERTEX_POINT ( 'NONE', #1266 ) ;
#990 = VECTOR ( 'NONE', #275, 1000.000000000000000 ) ;
#991 = CARTESIAN_POINT ( 'NONE',  ( 87.50000000000000000, 65.50000000000000000, 38.00000000000000711 ) ) ;
#992 = LINE ( 'NONE', #654, #431 ) ;
#993 = CIRCLE ( 'NONE', #2049, 1.499999999999999556 ) ;
#994 = AXIS2_PLACEMENT_3D ( 'NONE', #1557, #3, #2247 ) ;
#995 = ORIENTED_EDGE ( 'NONE', *, *, #1718, .T. ) ;
#996 = CIRCLE ( 'NONE', #690, 1.499999999999999556 ) ;
#997 = PLANE ( 'NONE',  #593 ) ;
#998 = CIRCLE ( 'NONE', #777, 1.500000000000001332 ) ;
#999 = DIRECTION ( 'NONE',  ( -1.000000000000000000, 0.000000000000000000, 0.000000000000000000 ) ) ;
#1000 = EDGE_CURVE ( 'NONE', #1298, #456, #1327, .T. ) ;
#1001 = ORIENTED_EDGE ( 'NONE', *, *, #799, .T. ) ;
#1002 = CARTESIAN_POINT ( 'NONE',  ( 93.50000000000000000, 67.00000000000000000, 23.00000000000000711 ) ) ;
#1003 = PRODUCT_DEFINITION_FORMATION_WITH_SPECIFIED_SOURCE ( 'ANY', '', #1285, .NOT_KNOWN. ) ;
#1004 = ORIENTED_EDGE ( 'NONE', *, *, #156, .T. ) ;
#1005 = CARTESIAN_POINT ( 'NONE',  ( 92.00000000000000000, 3.000000000000000000, 3.000000000000000000 ) ) ;
#1006 = DIRECTION ( 'NONE',  ( 0.000000000000000000, 0.000000000000000000, -1.000000000000000000 ) ) ;
#1007 = EDGE_LOOP ( 'NONE', ( #1415, #1310 ) ) ;
#1008 = DIRECTION ( 'NONE',  ( -0.3511234415883940363, 0.000000000000000000, -0.9363291775690436580 ) ) ;
#1009 = CARTESIAN_POINT ( 'NONE',  ( 80.00000000000000000, 55.00000000000000711, 2.999999999999999112 ) ) ;
#1010 = EDGE_CURVE ( 'NONE', #1120, #1834, #1427, .T. ) ;
#1011 = DIRECTION ( 'NONE',  ( -1.000000000000000000, 0.000000000000000000, 0.000000000000000000 ) ) ;
#1012 = ORIENTED_EDGE ( 'NONE', *, *, #969, .F. ) ;
#1013 = EDGE_CURVE ( 'NONE', #567, #963, #1603, .T. ) ;
#1014 = CARTESIAN_POINT ( 'NONE',  ( 3.000000000000000000, 3.000000000000000000, 3.000000000000000000 ) ) ;
#1015 = PLANE ( 'NONE',  #1914 ) ;
#1016 = ORIENTED_EDGE ( 'NONE', *, *, #1064, .T. ) ;
#1017 = ORIENTED_EDGE ( 'NONE', *, *, #1311, .T. ) ;
#1018 = PLANE ( 'NONE',  #1104 ) ;
#1019 = CARTESIAN_POINT ( 'NONE',  ( 21.50000000000001066, 15.00000000000000000, 3.000000000000000000 ) ) ;
#1020 = CARTESIAN_POINT ( 'NONE',  ( 55.50000000000002842, 3.000000000000000000, 37.99999999999997158 ) ) ;
#1021 = VERTEX_POINT ( 'NONE', #216 ) ;
#1022 = DIRECTION ( 'NONE',  ( -0.000000000000000000, -0.000000000000000000, -1.000000000000000000 ) ) ;
#1023 = CARTESIAN_POINT ( 'NONE',  ( 90.50000000000000000, 65.50000000000000000, -0.002000000000002000178 ) ) ;
#1024 = ADVANCED_FACE ( 'NONE', ( #929 ), #18, .F. ) ;
#1025 = AXIS2_PLACEMENT_3D ( 'NONE', #252, #951, #2200 ) ;
#1026 = ORIENTED_EDGE ( 'NONE', *, *, #983, .T. ) ;
#1027 = LINE ( 'NONE', #2111, #1617 ) ;
#1028 = AXIS2_PLACEMENT_3D ( 'NONE', #1796, #1824, #201 ) ;
#1029 = DIRECTION ( 'NONE',  ( -0.000000000000000000, -0.000000000000000000, -1.000000000000000000 ) ) ;
#1030 = CIRCLE ( 'NONE', #30, 1.500000000000001332 ) ;
#1031 = VECTOR ( 'NONE', #1520, 1000.000000000000000 ) ;
#1032 = FACE_OUTER_BOUND ( 'NONE', #691, .T. ) ;
#1033 = ORIENTED_EDGE ( 'NONE', *, *, #241, .T. ) ;
#1034 = DIRECTION ( 'NONE',  ( 1.000000000000000000, 0.000000000000000000, 0.000000000000000000 ) ) ;
#1035 = DIRECTION ( 'NONE',  ( 1.000000000000000000, 0.000000000000000000, 0.000000000000000000 ) ) ;
#1036 = AXIS2_PLACEMENT_3D ( 'NONE', #1264, #1964, #374 ) ;
#1037 = ORIENTED_EDGE ( 'NONE', *, *, #1612, .T. ) ;
#1038 = CARTESIAN_POINT ( 'NONE',  ( 80.00000000000000000, 15.00000000000000000, 11.00000000000000000 ) ) ;
#1039 = EDGE_CURVE ( 'NONE', #1913, #600, #1063, .T. ) ;
#1040 = VERTEX_POINT ( 'NONE', #1289 ) ;
#1041 = EDGE_CURVE ( 'NONE', #797, #414, #1461, .T. ) ;
#1042 = LINE ( 'NONE', #1240, #820 ) ;
#1043 = CARTESIAN_POINT ( 'NONE',  ( 21.49999999999998579, 55.00000000000000000, 3.000000000000000000 ) ) ;
#1044 = ORIENTED_EDGE ( 'NONE', *, *, #455, .T. ) ;
#1045 = FACE_BOUND ( 'NONE', #366, .T. ) ;
#1046 = DIRECTION ( 'NONE',  ( 0.000000000000000000, -0.000000000000000000, 1.000000000000000000 ) ) ;
#1047 = ORIENTED_EDGE ( 'NONE', *, *, #1901, .T. ) ;
#1048 = DIRECTION ( 'NONE',  ( 1.000000000000000000, 0.000000000000000000, -0.000000000000000000 ) ) ;
#1049 = ORIENTED_EDGE ( 'NONE', *, *, #983, .F. ) ;
#1050 = DIRECTION ( 'NONE',  ( 0.000000000000000000, 0.000000000000000000, -1.000000000000000000 ) ) ;
#1051 = ADVANCED_FACE ( 'NONE', ( #2116 ), #1242, .T. ) ;
#1052 = CYLINDRICAL_SURFACE ( 'NONE', #692, 1.499999999999999556 ) ;
#1053 = ORIENTED_EDGE ( 'NONE', *, *, #284, .T. ) ;
#1054 = CARTESIAN_POINT ( 'NONE',  ( 80.00000000000000000, 55.00000000000000711, 11.00000000000000000 ) ) ;
#1055 = DIRECTION ( 'NONE',  ( -0.000000000000000000, -0.000000000000000000, 1.000000000000000000 ) ) ;
#1056 = ORIENTED_EDGE ( 'NONE', *, *, #2183, .T. ) ;
#1057 = CARTESIAN_POINT ( 'NONE',  ( 78.50000000000000000, 15.00000000000000000, 11.00000000000000000 ) ) ;
#1058 = AXIS2_PLACEMENT_3D ( 'NONE', #1895, #1684, #979 ) ;
#1059 = ORIENTED_EDGE ( 'NONE', *, *, #560, .F. ) ;
#1060 = AXIS2_PLACEMENT_3D ( 'NONE', #1827, #2005, #415 ) ;
#1061 = CARTESIAN_POINT ( 'NONE',  ( 92.00000000000000000, 67.00000000000000000, 23.00000000000000711 ) ) ;
#1062 = AXIS2_PLACEMENT_3D ( 'NONE', #2085, #1906, #1245 ) ;
#1063 = LINE ( 'NONE', #532, #1253 ) ;
#1064 = EDGE_CURVE ( 'NONE', #966, #1413, #1944, .T. ) ;
#1065 = AXIS2_PLACEMENT_3D ( 'NONE', #2143, #1103, #932 ) ;
#1066 = DIRECTION ( 'NONE',  ( -0.000000000000000000, -0.000000000000000000, 1.000000000000000000 ) ) ;
#1067 = AXIS2_PLACEMENT_3D ( 'NONE', #649, #798, #813 ) ;
#1068 = EDGE_LOOP ( 'NONE', ( #1469, #1314, #556, #607 ) ) ;
#1069 = DIRECTION ( 'NONE',  ( 1.000000000000000000, 0.000000000000000000, 0.000000000000000000 ) ) ;
#1070 = CARTESIAN_POINT ( 'NONE',  ( 90.50000000000000000, 5.999999999999999112, -0.002000000000002000178 ) ) ;
#1071 = ORIENTED_EDGE ( 'NONE', *, *, #2058, .F. ) ;
#1072 = DIRECTION ( 'NONE',  ( 0.000000000000000000, 0.000000000000000000, -1.000000000000000000 ) ) ;
#1073 = ORIENTED_EDGE ( 'NONE', *, *, #4, .T. ) ;
#1074 = CARTESIAN_POINT ( 'NONE',  ( 55.50000000000002132, 2.999999999999999112, 30.50000000000001421 ) ) ;
#1075 = DIRECTION ( 'NONE',  ( 0.000000000000000000, 0.000000000000000000, 1.000000000000000000 ) ) ;
#1076 = EDGE_CURVE ( 'NONE', #2038, #1388, #2265, .T. ) ;
#1077 = EDGE_LOOP ( 'NONE', ( #1026, #1838, #950, #1907 ) ) ;
#1078 = CARTESIAN_POINT ( 'NONE',  ( 81.50000000000000000, 15.00000000000000000, 11.00000000000000000 ) ) ;
#1079 = ADVANCED_FACE ( 'NONE', ( #1620 ), #36, .T. ) ;
#1080 = ORIENTED_EDGE ( 'NONE', *, *, #1435, .T. ) ;
#1081 = DIRECTION ( 'NONE',  ( 1.000000000000000000, 0.000000000000000000, 0.000000000000000000 ) ) ;
#1082 = VERTEX_POINT ( 'NONE', #1168 ) ;
#1083 = DIRECTION ( 'NONE',  ( 0.000000000000000000, 0.000000000000000000, 1.000000000000000000 ) ) ;
#1084 = FACE_OUTER_BOUND ( 'NONE', #295, .T. ) ;
#1085 = DIRECTION ( 'NONE',  ( 0.000000000000000000, 0.000000000000000000, -1.000000000000000000 ) ) ;
#1086 = ORIENTED_EDGE ( 'NONE', *, *, #426, .F. ) ;
#1087 = DIRECTION ( 'NONE',  ( 0.000000000000000000, -1.000000000000000000, 0.000000000000000000 ) ) ;
#1088 = DIRECTION ( 'NONE',  ( -1.000000000000000000, 0.000000000000000000, 0.000000000000000000 ) ) ;
#1089 = ORIENTED_EDGE ( 'NONE', *, *, #1494, .T. ) ;
#1090 = CARTESIAN_POINT ( 'NONE',  ( 4.500000000000001776, 65.49999999999998579, -0.002000000000002000178 ) ) ;
#1091 = EDGE_CURVE ( 'NONE', #1493, #187, #1399, .T. ) ;
#1092 = EDGE_CURVE ( 'NONE', #1147, #355, #1994, .T. ) ;
#1093 = ORIENTED_EDGE ( 'NONE', *, *, #1691, .T. ) ;
#1094 = AXIS2_PLACEMENT_3D ( 'NONE', #257, #80, #1500 ) ;
#1095 = AXIS2_PLACEMENT_3D ( 'NONE', #476, #2251, #166 ) ;
#1096 = CARTESIAN_POINT ( 'NONE',  ( 4.500000000000001776, 65.49999999999998579, 38.00000000000000711 ) ) ;
#1097 = DIRECTION ( 'NONE',  ( 1.000000000000000000, -0.000000000000000000, 0.000000000000000000 ) ) ;
#1098 = AXIS2_PLACEMENT_3D ( 'NONE', #1888, #831, #1534 ) ;
#1099 = ORIENTED_EDGE ( 'NONE', *, *, #530, .F. ) ;
#1100 = CIRCLE ( 'NONE', #1772, 1.500000000000001332 ) ;
#1101 = AXIS2_PLACEMENT_3D ( 'NONE', #2220, #1701, #653 ) ;
#1102 = CARTESIAN_POINT ( 'NONE',  ( 3.000000000000003553, 3.000000000000000000, 27.99999999999999289 ) ) ;
#1103 = DIRECTION ( 'NONE',  ( 0.000000000000000000, 0.000000000000000000, -1.000000000000000000 ) ) ;
#1104 = AXIS2_PLACEMENT_3D ( 'NONE', #1725, #1202, #842 ) ;
#1105 = PRODUCT_DEFINITION_CONTEXT ( 'detailed design', #1640, 'design' ) ;
#1106 = EDGE_LOOP ( 'NONE', ( #2103, #1526, #981, #2071, #933, #741, #755, #2178, #2257, #52 ) ) ;
#1107 = DIRECTION ( 'NONE',  ( 1.000000000000000000, 0.000000000000000000, 0.000000000000000000 ) ) ;
#1108 = CIRCLE ( 'NONE', #326, 1.499999999999999556 ) ;
#1109 = EDGE_CURVE ( 'NONE', #54, #780, #206, .T. ) ;
#1110 = ORIENTED_EDGE ( 'NONE', *, *, #1852, .F. ) ;
#1111 = VECTOR ( 'NONE', #900, 1000.000000000000000 ) ;
#1112 = EDGE_CURVE ( 'NONE', #12, #1969, #1730, .T. ) ;
#1113 = DIRECTION ( 'NONE',  ( 1.000000000000000000, -0.000000000000000000, 0.000000000000000000 ) ) ;
#1114 = CARTESIAN_POINT ( 'NONE',  ( 92.00000000000000000, 44.00000000000000711, 21.59997800000000012 ) ) ;
#1115 = ORIENTED_EDGE ( 'NONE', *, *, #493, .T. ) ;
#1116 = DIRECTION ( 'NONE',  ( 0.000000000000000000, 0.000000000000000000, 1.000000000000000000 ) ) ;
#1117 = DIRECTION ( 'NONE',  ( -0.000000000000000000, -0.000000000000000000, 1.000000000000000000 ) ) ;
#1118 = ORIENTED_EDGE ( 'NONE', *, *, #1863, .F. ) ;
#1119 = DIRECTION ( 'NONE',  ( -0.000000000000000000, -0.000000000000000000, 1.000000000000000000 ) ) ;
#1120 = VERTEX_POINT ( 'NONE', #622 ) ;
#1121 = DIRECTION ( 'NONE',  ( -1.000000000000000000, 0.000000000000000000, 0.000000000000000000 ) ) ;
#1122 = DIRECTION ( 'NONE',  ( -0.000000000000000000, -0.000000000000000000, 1.000000000000000000 ) ) ;
#1123 = EDGE_CURVE ( 'NONE', #2176, #1397, #318, .T. ) ;
#1124 = ORIENTED_EDGE ( 'NONE', *, *, #542, .F. ) ;
#1125 = DIRECTION ( 'NONE',  ( 0.000000000000000000, 0.000000000000000000, 1.000000000000000000 ) ) ;
#1126 = FACE_OUTER_BOUND ( 'NONE', #129, .T. ) ;
#1127 = VERTEX_POINT ( 'NONE', #980 ) ;
#1128 = CYLINDRICAL_SURFACE ( 'NONE', #1699, 1.499999999999999556 ) ;
#1129 = ORIENTED_EDGE ( 'NONE', *, *, #1709, .F. ) ;
#1130 =( NAMED_UNIT ( * ) PLANE_ANGLE_UNIT ( ) SI_UNIT ( $, .RADIAN. ) );
#1131 = FACE_OUTER_BOUND ( 'NONE', #2092, .T. ) ;
#1132 = CARTESIAN_POINT ( 'NONE',  ( 4.500000000000001776, 65.49999999999998579, 3.000000000000000000 ) ) ;
#1133 = ORIENTED_EDGE ( 'NONE', *, *, #73, .F. ) ;
#1134 = EDGE_CURVE ( 'NONE', #1450, #619, #1214, .T. ) ;
#1135 = EDGE_CURVE ( 'NONE', #251, #2207, #993, .T. ) ;
#1136 = LINE ( 'NONE', #1488, #63 ) ;
#1137 = AXIS2_PLACEMENT_3D ( 'NONE', #279, #667, #1532 ) ;
#1138 = DIRECTION ( 'NONE',  ( -1.000000000000000000, 0.000000000000000000, 0.000000000000000000 ) ) ;
#1139 = AXIS2_PLACEMENT_3D ( 'NONE', #1637, #51, #758 ) ;
#1140 = VECTOR ( 'NONE', #725, 1000.000000000000000 ) ;
#1141 = ORIENTED_EDGE ( 'NONE', *, *, #1039, .F. ) ;
#1142 = EDGE_CURVE ( 'NONE', #1665, #1147, #992, .T. ) ;
#1143 = CARTESIAN_POINT ( 'NONE',  ( 92.00000000000000000, 67.00000000000000000, 38.00000000000000711 ) ) ;
#1144 = CARTESIAN_POINT ( 'NONE',  ( 15.00000000000000711, 15.00000000000000000, 2.999999999999999112 ) ) ;
#1145 = CONICAL_SURFACE ( 'NONE', #1065, 3.500000000000001332, 0.3587706702705747430 ) ;
#1146 = AXIS2_PLACEMENT_3D ( 'NONE', #1132, #84, #1336 ) ;
#1147 = VERTEX_POINT ( 'NONE', #637 ) ;
#1148 =( NAMED_UNIT ( * ) SI_UNIT ( $, .STERADIAN. ) SOLID_ANGLE_UNIT ( ) );
#1149 = CARTESIAN_POINT ( 'NONE',  ( 55.50000000000002842, 2.999999999999999112, 38.00000000000001421 ) ) ;
#1150 = ORIENTED_EDGE ( 'NONE', *, *, #565, .F. ) ;
#1151 = CARTESIAN_POINT ( 'NONE',  ( 92.00000000000000000, 0.000000000000000000, 3.000000000000000000 ) ) ;
#1152 = CARTESIAN_POINT ( 'NONE',  ( 92.00000000000000000, 67.00000000000000000, 3.000000000000000000 ) ) ;
#1153 = ORIENTED_EDGE ( 'NONE', *, *, #1718, .F. ) ;
#1154 = DIRECTION ( 'NONE',  ( 1.000000000000000000, 0.000000000000000000, -0.000000000000000000 ) ) ;
#1155 = DIRECTION ( 'NONE',  ( 1.000000000000000000, 0.000000000000000000, 0.000000000000000000 ) ) ;
#1156 = ADVANCED_FACE ( 'NONE', ( #1344 ), #1015, .T. ) ;
#1157 = ORIENTED_EDGE ( 'NONE', *, *, #1076, .T. ) ;
#1158 = FACE_OUTER_BOUND ( 'NONE', #74, .T. ) ;
#1159 = ORIENTED_EDGE ( 'NONE', *, *, #684, .T. ) ;
#1160 = CARTESIAN_POINT ( 'NONE',  ( 4.500000000000000888, 7.500000000000000000, 38.00000000000000711 ) ) ;
#1161 = DIRECTION ( 'NONE',  ( 0.000000000000000000, 0.000000000000000000, -1.000000000000000000 ) ) ;
#1162 = ORIENTED_EDGE ( 'NONE', *, *, #717, .F. ) ;
#1163 = FACE_OUTER_BOUND ( 'NONE', #759, .T. ) ;
#1164 = CYLINDRICAL_SURFACE ( 'NONE', #1137, 3.000000000000000000 ) ;
#1165 = ORIENTED_EDGE ( 'NONE', *, *, #605, .T. ) ;
#1166 = ADVANCED_FACE ( 'NONE', ( #2221 ), #95, .T. ) ;
#1167 = LINE ( 'NONE', #982, #1550 ) ;
#1168 = CARTESIAN_POINT ( 'NONE',  ( 7.500000000000007105, 67.00000000000000000, 3.000000000000000000 ) ) ;
#1169 = DIRECTION ( 'NONE',  ( 0.3511234415883933702, 4.300021988468286425E-17, -0.9363291775690438801 ) ) ;
#1170 = ORIENTED_EDGE ( 'NONE', *, *, #819, .T. ) ;
#1171 = DIRECTION ( 'NONE',  ( -0.000000000000000000, -1.000000000000000000, -0.000000000000000000 ) ) ;
#1172 = VECTOR ( 'NONE', #2244, 1000.000000000000000 ) ;
#1173 = EDGE_LOOP ( 'NONE', ( #330, #1375 ) ) ;
#1174 = MECHANICAL_DESIGN_GEOMETRIC_PRESENTATION_REPRESENTATION (  '', ( #1768 ), #1434 ) ;
#1175 = CARTESIAN_POINT ( 'NONE',  ( 8.500000000000000000, 15.00000000000000000, 3.000000000000000000 ) ) ;
#1176 = FACE_OUTER_BOUND ( 'NONE', #1077, .T. ) ;
#1177 = AXIS2_PLACEMENT_3D ( 'NONE', #1395, #2268, #678 ) ;
#1178 = DIRECTION ( 'NONE',  ( 1.000000000000000000, 0.000000000000000000, 0.000000000000000000 ) ) ;
#1179 = AXIS2_PLACEMENT_3D ( 'NONE', #558, #788, #1642 ) ;
#1180 = CARTESIAN_POINT ( 'NONE',  ( 4.500000000000000888, 4.500000000000000888, 3.000000000000000000 ) ) ;
#1181 = EDGE_CURVE ( 'NONE', #679, #883, #2122, .T. ) ;
#1182 = AXIS2_PLACEMENT_3D ( 'NONE', #1559, #1877, #1705 ) ;
#1183 = DIRECTION ( 'NONE',  ( -1.000000000000000000, 0.000000000000000000, 0.000000000000000000 ) ) ;
#1184 = EDGE_CURVE ( 'NONE', #679, #835, #830, .T. ) ;
#1185 = FACE_OUTER_BOUND ( 'NONE', #1629, .T. ) ;
#1186 =( GEOMETRIC_REPRESENTATION_CONTEXT ( 3 ) GLOBAL_UNCERTAINTY_ASSIGNED_CONTEXT ( ( #220 ) ) GLOBAL_UNIT_ASSIGNED_CONTEXT ( ( #1484, #1130, #1148 ) ) REPRESENTATION_CONTEXT ( 'NONE', 'WORKASPACE' ) );
#1187 = ORIENTED_EDGE ( 'NONE', *, *, #1439, .F. ) ;
#1188 = LINE ( 'NONE', #1143, #1248 ) ;
#1189 = DIRECTION ( 'NONE',  ( 0.000000000000000000, 0.000000000000000000, 1.000000000000000000 ) ) ;
#1190 = ORIENTED_EDGE ( 'NONE', *, *, #259, .T. ) ;
#1191 = ORIENTED_EDGE ( 'NONE', *, *, #422, .T. ) ;
#1192 = DIRECTION ( 'NONE',  ( 1.000000000000000000, 0.000000000000000000, 0.000000000000000000 ) ) ;
#1193 = FACE_BOUND ( 'NONE', #1487, .T. ) ;
#1194 = CARTESIAN_POINT ( 'NONE',  ( 3.000000000000000000, 0.000000000000000000, 38.00000000000000711 ) ) ;
#1195 = ADVANCED_FACE ( 'NONE', ( #1176 ), #1164, .T. ) ;
#1196 = ADVANCED_FACE ( 'NONE', ( #796 ), #430, .F. ) ;
#1197 = ORIENTED_EDGE ( 'NONE', *, *, #1901, .F. ) ;
#1198 = LINE ( 'NONE', #2278, #165 ) ;
#1199 = DIRECTION ( 'NONE',  ( 0.000000000000000000, 0.000000000000000000, 1.000000000000000000 ) ) ;
#1200 = ORIENTED_EDGE ( 'NONE', *, *, #1241, .T. ) ;
#1201 = CARTESIAN_POINT ( 'NONE',  ( 95.00000000000000000, 3.000000000000000000, 38.00000000000000711 ) ) ;
#1202 = DIRECTION ( 'NONE',  ( 1.000000000000000000, 0.000000000000000000, -0.000000000000000000 ) ) ;
#1203 = FACE_OUTER_BOUND ( 'NONE', #41, .T. ) ;
#1204 = DIRECTION ( 'NONE',  ( 0.000000000000000000, 0.000000000000000000, 1.000000000000000000 ) ) ;
#1205 = ADVANCED_FACE ( 'NONE', ( #968 ), #1886, .F. ) ;
#1206 = EDGE_LOOP ( 'NONE', ( #202, #5, #70, #563 ) ) ;
#1207 = DIRECTION ( 'NONE',  ( -0.000000000000000000, -0.000000000000000000, 1.000000000000000000 ) ) ;
#1208 = VECTOR ( 'NONE', #1223, 1000.000000000000000 ) ;
#1209 = FACE_BOUND ( 'NONE', #1173, .T. ) ;
#1210 = ADVANCED_FACE ( 'NONE', ( #863 ), #2159, .T. ) ;
#1211 = CIRCLE ( 'NONE', #1540, 6.499999999999983125 ) ;
#1212 = ORIENTED_EDGE ( 'NONE', *, *, #350, .T. ) ;
#1213 = DIRECTION ( 'NONE',  ( -0.000000000000000000, -0.000000000000000000, -1.000000000000000000 ) ) ;
#1214 = CIRCLE ( 'NONE', #1845, 1.499999999999997780 ) ;
#1215 = CIRCLE ( 'NONE', #1098, 1.500000000000001332 ) ;
#1216 = AXIS2_PLACEMENT_3D ( 'NONE', #904, #770, #736 ) ;
#1217 = AXIS2_PLACEMENT_3D ( 'NONE', #1720, #2084, #344 ) ;
#1218 = ORIENTED_EDGE ( 'NONE', *, *, #1380, .F. ) ;
#1219 = CARTESIAN_POINT ( 'NONE',  ( 92.00000000000000000, 67.00000000000000000, 3.000000000000000000 ) ) ;
#1220 = CIRCLE ( 'NONE', #2091, 1.500000000000001332 ) ;
#1221 = DIRECTION ( 'NONE',  ( 0.000000000000000000, 0.000000000000000000, -1.000000000000000000 ) ) ;
#1222 = ORIENTED_EDGE ( 'NONE', *, *, #1228, .T. ) ;
#1223 = DIRECTION ( 'NONE',  ( 0.000000000000000000, 0.000000000000000000, 1.000000000000000000 ) ) ;
#1224 = CARTESIAN_POINT ( 'NONE',  ( 3.000000000000000000, 3.000000000000000000, 38.00000000000000711 ) ) ;
#1225 = AXIS2_PLACEMENT_3D ( 'NONE', #729, #340, #693 ) ;
#1226 = ORIENTED_EDGE ( 'NONE', *, *, #786, .T. ) ;
#1227 = DIRECTION ( 'NONE',  ( 1.000000000000000000, 0.000000000000000000, 0.000000000000000000 ) ) ;
#1228 = EDGE_CURVE ( 'NONE', #2169, #888, #659, .T. ) ;
#1229 = ORIENTED_EDGE ( 'NONE', *, *, #2183, .F. ) ;
#1230 = CARTESIAN_POINT ( 'NONE',  ( 90.50000000000000000, 7.500000000000000000, 38.00000000000000711 ) ) ;
#1231 = CARTESIAN_POINT ( 'NONE',  ( 65.50000000000002842, 0.000000000000000000, 30.50000000000001421 ) ) ;
#1232 = DIRECTION ( 'NONE',  ( -1.000000000000000000, 0.000000000000000000, 0.000000000000000000 ) ) ;
#1233 = EDGE_LOOP ( 'NONE', ( #578, #294, #486, #124 ) ) ;
#1234 = DIRECTION ( 'NONE',  ( 1.000000000000000000, 0.000000000000000000, 0.000000000000000000 ) ) ;
#1235 = DIRECTION ( 'NONE',  ( 0.000000000000000000, 1.000000000000000000, 0.000000000000000000 ) ) ;
#1236 = ORIENTED_EDGE ( 'NONE', *, *, #843, .T. ) ;
#1237 = DIRECTION ( 'NONE',  ( 1.000000000000000000, -0.000000000000000000, -0.000000000000000000 ) ) ;
#1238 = ADVANCED_FACE ( 'NONE', ( #357 ), #525, .F. ) ;
#1239 = ORIENTED_EDGE ( 'NONE', *, *, #236, .F. ) ;
#1240 = CARTESIAN_POINT ( 'NONE',  ( 90.50000000000000000, 3.000000000000000000, 23.00000000000000711 ) ) ;
#1241 = EDGE_CURVE ( 'NONE', #1562, #183, #1437, .T. ) ;
#1242 = CYLINDRICAL_SURFACE ( 'NONE', #1028, 3.000000000000000000 ) ;
#1243 = EDGE_LOOP ( 'NONE', ( #1903, #801, #935, #2076 ) ) ;
#1244 = DIRECTION ( 'NONE',  ( -1.000000000000000000, 0.000000000000000000, 0.000000000000000000 ) ) ;
#1245 = DIRECTION ( 'NONE',  ( -1.000000000000000000, 0.000000000000000000, 0.000000000000000000 ) ) ;
#1246 = ORIENTED_EDGE ( 'NONE', *, *, #1691, .F. ) ;
#1247 = DIRECTION ( 'NONE',  ( 0.000000000000000000, 0.000000000000000000, 1.000000000000000000 ) ) ;
#1248 = VECTOR ( 'NONE', #1362, 1000.000000000000000 ) ;
#1249 = ORIENTED_EDGE ( 'NONE', *, *, #1763, .T. ) ;
#1250 = AXIS2_PLACEMENT_3D ( 'NONE', #1868, #2185, #1325 ) ;
#1251 = CARTESIAN_POINT ( 'NONE',  ( 65.50000000000002842, 3.000000000000000000, 38.00000000000000711 ) ) ;
#1252 = ADVANCED_FACE ( 'NONE', ( #2245 ), #852, .F. ) ;
#1253 = VECTOR ( 'NONE', #1632, 1000.000000000000000 ) ;
#1254 = CARTESIAN_POINT ( 'NONE',  ( 3.000000000000000000, 67.00000000000000000, 3.000000000000000000 ) ) ;
#1255 = CONICAL_SURFACE ( 'NONE', #2055, 3.500000000000003109, 0.3587706702705740769 ) ;
#1256 = VECTOR ( 'NONE', #2036, 1000.000000000000000 ) ;
#1257 = EDGE_LOOP ( 'NONE', ( #537, #1159, #896, #495 ) ) ;
#1258 = SURFACE_STYLE_USAGE ( .BOTH. , #1947 ) ;
#1259 = CARTESIAN_POINT ( 'NONE',  ( 65.50000000000002842, 15.00000000000000000, 38.00000000000000711 ) ) ;
#1260 = VERTEX_POINT ( 'NONE', #498 ) ;
#1261 = FACE_OUTER_BOUND ( 'NONE', #1920, .T. ) ;
#1262 = AXIS2_PLACEMENT_3D ( 'NONE', #331, #6, #1759 ) ;
#1263 = VERTEX_POINT ( 'NONE', #185 ) ;
#1264 = CARTESIAN_POINT ( 'NONE',  ( 15.00000000000000711, 15.00000000000000000, 11.00000000000000000 ) ) ;
#1265 = ADVANCED_BREP_SHAPE_REPRESENTATION ( '\X2\57fa677f30b130fc30b9\X0\', ( #643, #1302 ), #1186 ) ;
#1266 = CARTESIAN_POINT ( 'NONE',  ( 95.00000000000000000, 44.00000000000000711, 15.59997799999999657 ) ) ;
#1267 = CARTESIAN_POINT ( 'NONE',  ( 3.000000000000000000, 3.000000000000000000, 3.000000000000000000 ) ) ;
#1268 = ORIENTED_EDGE ( 'NONE', *, *, #591, .F. ) ;
#1269 = ADVANCED_FACE ( 'NONE', ( #512 ), #1918, .T. ) ;
#1270 = ADVANCED_FACE ( 'NONE', ( #1209, #1949 ), #335, .T. ) ;
#1271 = DIRECTION ( 'NONE',  ( -1.000000000000000000, 0.000000000000000000, 0.000000000000000000 ) ) ;
#1272 = DIRECTION ( 'NONE',  ( 1.000000000000000000, 0.000000000000000000, 0.000000000000000000 ) ) ;
#1273 = ORIENTED_EDGE ( 'NONE', *, *, #1619, .F. ) ;
#1274 = FACE_OUTER_BOUND ( 'NONE', #866, .T. ) ;
#1275 = ORIENTED_EDGE ( 'NONE', *, *, #483, .F. ) ;
#1276 = DIRECTION ( 'NONE',  ( -0.000000000000000000, -0.000000000000000000, 1.000000000000000000 ) ) ;
#1277 = FACE_OUTER_BOUND ( 'NONE', #746, .T. ) ;
#1278 = ORIENTED_EDGE ( 'NONE', *, *, #857, .F. ) ;
#1279 = CARTESIAN_POINT ( 'NONE',  ( 16.50000000000000355, 15.00000000000000000, 2.999999999999999112 ) ) ;
#1280 = DIRECTION ( 'NONE',  ( 0.000000000000000000, -1.000000000000000000, 0.000000000000000000 ) ) ;
#1281 = EDGE_CURVE ( 'NONE', #189, #835, #1616, .T. ) ;
#1282 = EDGE_LOOP ( 'NONE', ( #641, #119 ) ) ;
#1283 = DIRECTION ( 'NONE',  ( 1.000000000000000000, 0.000000000000000000, 0.000000000000000000 ) ) ;
#1284 = ADVANCED_FACE ( 'NONE', ( #885 ), #1586, .T. ) ;
#1285 = PRODUCT ( '\X2\57fa677f30b130fc30b9\X0\', '\X2\57fa677f30b130fc30b9\X0\', '', ( #409 ) ) ;
#1286 = VERTEX_POINT ( 'NONE', #311 ) ;
#1287 = DIRECTION ( 'NONE',  ( 0.000000000000000000, 0.000000000000000000, 1.000000000000000000 ) ) ;
#1288 = CIRCLE ( 'NONE', #1250, 1.500000000000000444 ) ;
#1289 = CARTESIAN_POINT ( 'NONE',  ( 90.50000000000000000, 5.999999999999999112, 38.00000000000000711 ) ) ;
#1290 = CARTESIAN_POINT ( 'NONE',  ( 90.50000000000000000, 62.50000000000000000, 38.00000000000000711 ) ) ;
#1291 = VECTOR ( 'NONE', #1332, 1000.000000000000000 ) ;
#1292 = AXIS2_PLACEMENT_3D ( 'NONE', #1757, #162, #360 ) ;
#1293 = ORIENTED_EDGE ( 'NONE', *, *, #329, .T. ) ;
#1294 = VECTOR ( 'NONE', #1046, 1000.000000000000000 ) ;
#1295 = FACE_OUTER_BOUND ( 'NONE', #1457, .T. ) ;
#1296 = CARTESIAN_POINT ( 'NONE',  ( 90.50000000000000000, 7.500000000000000000, 3.000000000000002665 ) ) ;
#1297 = AXIS2_PLACEMENT_3D ( 'NONE', #2195, #2002, #613 ) ;
#1298 = VERTEX_POINT ( 'NONE', #2064 ) ;
#1299 = CARTESIAN_POINT ( 'NONE',  ( 4.500000000000000888, 3.000000000000000000, 38.00000000000000711 ) ) ;
#1300 = EDGE_CURVE ( 'NONE', #1798, #1040, #345, .T. ) ;
#1301 = VERTEX_POINT ( 'NONE', #1755 ) ;
#1302 = AXIS2_PLACEMENT_3D ( 'NONE', #1808, #44, #2171 ) ;
#1303 = CARTESIAN_POINT ( 'NONE',  ( 3.000000000000000000, 67.00000000000000000, 38.00000000000000711 ) ) ;
#1304 = CARTESIAN_POINT ( 'NONE',  ( 92.00000000000000000, 70.00000000000000000, 3.000000000000000000 ) ) ;
#1305 = EDGE_LOOP ( 'NONE', ( #502, #499, #708, #1822 ) ) ;
#1306 = DIRECTION ( 'NONE',  ( -0.000000000000000000, -0.000000000000000000, 1.000000000000000000 ) ) ;
#1307 = CARTESIAN_POINT ( 'NONE',  ( 95.00000000000000000, 3.000000000000000000, 3.000000000000000000 ) ) ;
#1308 = ORIENTED_EDGE ( 'NONE', *, *, #467, .T. ) ;
#1309 = CARTESIAN_POINT ( 'NONE',  ( 6.000000000000000000, 4.500000000000000888, 3.000000000000000000 ) ) ;
#1310 = ORIENTED_EDGE ( 'NONE', *, *, #786, .F. ) ;
#1311 = EDGE_CURVE ( 'NONE', #2176, #1926, #894, .T. ) ;
#1312 = CYLINDRICAL_SURFACE ( 'NONE', #1297, 2.500000000000002220 ) ;
#1313 = EDGE_CURVE ( 'NONE', #21, #858, #918, .T. ) ;
#1314 = ORIENTED_EDGE ( 'NONE', *, *, #631, .T. ) ;
#1315 = DIRECTION ( 'NONE',  ( 1.000000000000000000, 0.000000000000000000, -0.000000000000000000 ) ) ;
#1316 = FACE_OUTER_BOUND ( 'NONE', #685, .T. ) ;
#1317 = EDGE_LOOP ( 'NONE', ( #2024, #2141, #1278, #1942 ) ) ;
#1318 = DIRECTION ( 'NONE',  ( 0.000000000000000000, -1.000000000000000000, 0.000000000000000000 ) ) ;
#1319 = ORIENTED_EDGE ( 'NONE', *, *, #1560, .T. ) ;
#1320 = CIRCLE ( 'NONE', #1217, 1.500000000000001332 ) ;
#1321 = ADVANCED_FACE ( 'NONE', ( #2109 ), #704, .F. ) ;
#1322 = CARTESIAN_POINT ( 'NONE',  ( 93.50000000000000000, 67.00000000000000000, 38.00000000000000711 ) ) ;
#1323 = AXIS2_PLACEMENT_3D ( 'NONE', #1646, #1596, #564 ) ;
#1324 = ORIENTED_EDGE ( 'NONE', *, *, #2060, .F. ) ;
#1325 = DIRECTION ( 'NONE',  ( 1.000000000000000000, 0.000000000000000000, 0.000000000000000000 ) ) ;
#1326 = ADVANCED_FACE ( 'NONE', ( #1374 ), #488, .T. ) ;
#1327 = CIRCLE ( 'NONE', #1981, 1.500000000000000444 ) ;
#1328 = DIRECTION ( 'NONE',  ( -1.000000000000000000, 0.000000000000000000, 0.000000000000000000 ) ) ;
#1329 = AXIS2_PLACEMENT_3D ( 'NONE', #1842, #1631, #752 ) ;
#1330 = EDGE_LOOP ( 'NONE', ( #141, #1162, #462, #2213 ) ) ;
#1331 = CARTESIAN_POINT ( 'NONE',  ( 76.50000000000000000, 15.00000000000000000, 11.00000000000000000 ) ) ;
#1332 = DIRECTION ( 'NONE',  ( 0.000000000000000000, 0.000000000000000000, -1.000000000000000000 ) ) ;
#1333 = VECTOR ( 'NONE', #132, 1000.000000000000000 ) ;
#1334 = ORIENTED_EDGE ( 'NONE', *, *, #1466, .F. ) ;
#1335 = CYLINDRICAL_SURFACE ( 'NONE', #1516, 1.500000000000000444 ) ;
#1336 = DIRECTION ( 'NONE',  ( -1.000000000000000000, 0.000000000000000000, 0.000000000000000000 ) ) ;
#1337 = VERTEX_POINT ( 'NONE', #586 ) ;
#1338 = LINE ( 'NONE', #1523, #1950 ) ;
#1339 = DIRECTION ( 'NONE',  ( -0.000000000000000000, -0.000000000000000000, 1.000000000000000000 ) ) ;
#1340 = EDGE_CURVE ( 'NONE', #1798, #1853, #2196, .T. ) ;
#1341 = ADVANCED_FACE ( 'NONE', ( #1968 ), #723, .T. ) ;
#1342 = EDGE_LOOP ( 'NONE', ( #2114, #1200, #644, #1446 ) ) ;
#1343 = DIRECTION ( 'NONE',  ( 1.000000000000000000, 0.000000000000000000, 0.000000000000000000 ) ) ;
#1344 = FACE_OUTER_BOUND ( 'NONE', #1703, .T. ) ;
#1345 = ORIENTED_EDGE ( 'NONE', *, *, #1645, .F. ) ;
#1346 = LINE ( 'NONE', #1889, #1256 ) ;
#1347 = CARTESIAN_POINT ( 'NONE',  ( 83.50000000000000000, 55.00000000000000711, 10.99999999999987388 ) ) ;
#1348 = EDGE_LOOP ( 'NONE', ( #2133, #256, #1595, #925 ) ) ;
#1349 = CARTESIAN_POINT ( 'NONE',  ( 1.499999999999999334, 3.000000000000000000, 23.00000000000000711 ) ) ;
#1350 = ORIENTED_EDGE ( 'NONE', *, *, #2015, .T. ) ;
#1351 = CARTESIAN_POINT ( 'NONE',  ( 92.00000000000000000, 67.00000000000000000, 0.000000000000000000 ) ) ;
#1352 = DIRECTION ( 'NONE',  ( 1.000000000000000000, 0.000000000000000000, 0.000000000000000000 ) ) ;
#1353 = EDGE_CURVE ( 'NONE', #343, #2187, #1513, .T. ) ;
#1354 = ORIENTED_EDGE ( 'NONE', *, *, #577, .T. ) ;
#1355 = DIRECTION ( 'NONE',  ( 0.000000000000000000, 0.000000000000000000, -1.000000000000000000 ) ) ;
#1356 = EDGE_CURVE ( 'NONE', #148, #183, #1800, .T. ) ;
#1357 = DIRECTION ( 'NONE',  ( 1.000000000000000000, 0.000000000000000000, 0.000000000000000000 ) ) ;
#1358 = LINE ( 'NONE', #494, #204 ) ;
#1359 = AXIS2_PLACEMENT_3D ( 'NONE', #497, #323, #713 ) ;
#1360 = VERTEX_POINT ( 'NONE', #1447 ) ;
#1361 = VECTOR ( 'NONE', #1510, 1000.000000000000000 ) ;
#1362 = DIRECTION ( 'NONE',  ( -1.000000000000000000, 0.000000000000000000, 0.000000000000000000 ) ) ;
#1363 = CARTESIAN_POINT ( 'NONE',  ( 80.00000000000000000, 55.00000000000000711, 2.999999999999999112 ) ) ;
#1364 = AXIS2_PLACEMENT_3D ( 'NONE', #464, #1189, #1721 ) ;
#1365 = DIRECTION ( 'NONE',  ( -0.000000000000000000, -0.000000000000000000, -1.000000000000000000 ) ) ;
#1366 = AXIS2_PLACEMENT_3D ( 'NONE', #1618, #233, #215 ) ;
#1367 = FACE_OUTER_BOUND ( 'NONE', #1576, .T. ) ;
#1368 = AXIS2_PLACEMENT_3D ( 'NONE', #457, #83, #93 ) ;
#1369 = EDGE_CURVE ( 'NONE', #1963, #419, #1960, .T. ) ;
#1370 = CARTESIAN_POINT ( 'NONE',  ( 73.50000000000002842, 15.00000000000000000, 3.000000000000000000 ) ) ;
#1371 = CARTESIAN_POINT ( 'NONE',  ( 15.00000000000000178, 55.00000000000000000, 3.000000000000000000 ) ) ;
#1372 = ORIENTED_EDGE ( 'NONE', *, *, #2225, .T. ) ;
#1373 = DIRECTION ( 'NONE',  ( 0.000000000000000000, 0.000000000000000000, 1.000000000000000000 ) ) ;
#1374 = FACE_OUTER_BOUND ( 'NONE', #1206, .T. ) ;
#1375 = ORIENTED_EDGE ( 'NONE', *, *, #1634, .F. ) ;
#1376 = PLANE ( 'NONE',  #919 ) ;
#1377 = CARTESIAN_POINT ( 'NONE',  ( 92.00000000000000000, 7.500000000000000000, 38.00000000000000711 ) ) ;
#1378 = DIRECTION ( 'NONE',  ( 1.000000000000000000, 0.000000000000000000, 0.000000000000000000 ) ) ;
#1379 = ADVANCED_FACE ( 'NONE', ( #1661 ), #405, .F. ) ;
#1380 = EDGE_CURVE ( 'NONE', #2187, #154, #1998, .T. ) ;
#1381 = CARTESIAN_POINT ( 'NONE',  ( 4.500000000000000888, 3.000000000000000000, 23.00000000000000711 ) ) ;
#1382 = EDGE_CURVE ( 'NONE', #417, #1360, #433, .T. ) ;
#1383 = ORIENTED_EDGE ( 'NONE', *, *, #1123, .T. ) ;
#1384 = DIRECTION ( 'NONE',  ( 1.000000000000000000, -0.000000000000000000, 0.000000000000000000 ) ) ;
#1385 = DIRECTION ( 'NONE',  ( -1.000000000000000000, 0.000000000000000000, 0.000000000000000000 ) ) ;
#1386 = VERTEX_POINT ( 'NONE', #1607 ) ;
#1387 = DIRECTION ( 'NONE',  ( 0.000000000000000000, 0.000000000000000000, 1.000000000000000000 ) ) ;
#1388 = VERTEX_POINT ( 'NONE', #943 ) ;
#1389 = LINE ( 'NONE', #297, #1031 ) ;
#1390 = DIRECTION ( 'NONE',  ( 0.000000000000000000, 0.000000000000000000, -1.000000000000000000 ) ) ;
#1391 = ORIENTED_EDGE ( 'NONE', *, *, #1181, .F. ) ;
#1392 = ADVANCED_FACE ( 'NONE', ( #1126 ), #1647, .F. ) ;
#1393 = LINE ( 'NONE', #1927, #1401 ) ;
#1394 = AXIS2_PLACEMENT_3D ( 'NONE', #1650, #760, #62 ) ;
#1395 = CARTESIAN_POINT ( 'NONE',  ( 15.00000000000000711, 15.00000000000000000, 10.99999999999995026 ) ) ;
#1396 = VECTOR ( 'NONE', #1925, 1000.000000000000000 ) ;
#1397 = VERTEX_POINT ( 'NONE', #1626 ) ;
#1398 = CARTESIAN_POINT ( 'NONE',  ( 16.50000000000000355, 15.00000000000000000, 2.999999999999999112 ) ) ;
#1399 = CIRCLE ( 'NONE', #587, 1.500000000000000444 ) ;
#1400 = AXIS2_PLACEMENT_3D ( 'NONE', #205, #1280, #1818 ) ;
#1401 = VECTOR ( 'NONE', #893, 1000.000000000000000 ) ;
#1402 = EDGE_LOOP ( 'NONE', ( #466, #348 ) ) ;
#1403 = CARTESIAN_POINT ( 'NONE',  ( 3.000000000000000000, 62.49999999999998579, 3.000000000000000000 ) ) ;
#1404 = AXIS2_PLACEMENT_3D ( 'NONE', #1679, #1643, #412 ) ;
#1405 = AXIS2_PLACEMENT_3D ( 'NONE', #816, #473, #1183 ) ;
#1406 = DIRECTION ( 'NONE',  ( 1.000000000000000000, 0.000000000000000000, -0.000000000000000000 ) ) ;
#1407 = DIRECTION ( 'NONE',  ( 1.000000000000000000, 0.000000000000000000, 0.000000000000000000 ) ) ;
#1408 = VERTEX_POINT ( 'NONE', #1078 ) ;
#1409 = CARTESIAN_POINT ( 'NONE',  ( 92.00000000000000000, 3.000000000000000000, 3.000000000000000000 ) ) ;
#1410 = CARTESIAN_POINT ( 'NONE',  ( 0.000000000000000000, 0.000000000000000000, 3.000000000000000000 ) ) ;
#1411 = ADVANCED_FACE ( 'NONE', ( #1478 ), #1974, .T. ) ;
#1412 = AXIS2_PLACEMENT_3D ( 'NONE', #1230, #1050, #1438 ) ;
#1413 = VERTEX_POINT ( 'NONE', #748 ) ;
#1414 = DIRECTION ( 'NONE',  ( 1.000000000000000000, 0.000000000000000000, 0.000000000000000000 ) ) ;
#1415 = ORIENTED_EDGE ( 'NONE', *, *, #97, .F. ) ;
#1416 = DIRECTION ( 'NONE',  ( 0.000000000000000000, 0.000000000000000000, 1.000000000000000000 ) ) ;
#1417 = FACE_BOUND ( 'NONE', #443, .T. ) ;
#1418 = ORIENTED_EDGE ( 'NONE', *, *, #50, .F. ) ;
#1419 = LINE ( 'NONE', #487, #509 ) ;
#1420 = CARTESIAN_POINT ( 'NONE',  ( 15.00000000000000178, 55.00000000000000000, 3.000000000000000000 ) ) ;
#1421 = VERTEX_POINT ( 'NONE', #1456 ) ;
#1422 = CARTESIAN_POINT ( 'NONE',  ( 3.000000000000000000, 70.00000000000000000, 3.000000000000000000 ) ) ;
#1423 = EDGE_CURVE ( 'NONE', #1524, #1432, #551, .T. ) ;
#1424 = ORIENTED_EDGE ( 'NONE', *, *, #857, .T. ) ;
#1425 = ADVANCED_FACE ( 'NONE', ( #239 ), #1145, .T. ) ;
#1426 = LINE ( 'NONE', #1251, #1669 ) ;
#1427 = LINE ( 'NONE', #1786, #1771 ) ;
#1428 = FACE_BOUND ( 'NONE', #2144, .T. ) ;
#1429 = VERTEX_POINT ( 'NONE', #953 ) ;
#1430 = CARTESIAN_POINT ( 'NONE',  ( 1.499999999999999112, 67.00000000000000000, 23.00000000000000711 ) ) ;
#1431 = DIRECTION ( 'NONE',  ( -0.000000000000000000, -0.000000000000000000, -1.000000000000000000 ) ) ;
#1432 = VERTEX_POINT ( 'NONE', #229 ) ;
#1433 = LINE ( 'NONE', #418, #1441 ) ;
#1434 =( GEOMETRIC_REPRESENTATION_CONTEXT ( 3 ) GLOBAL_UNCERTAINTY_ASSIGNED_CONTEXT ( ( #1664 ) ) GLOBAL_UNIT_ASSIGNED_CONTEXT ( ( #735, #1625, #378 ) ) REPRESENTATION_CONTEXT ( 'NONE', 'WORKASPACE' ) );
#1435 = EDGE_CURVE ( 'NONE', #183, #1480, #288, .T. ) ;
#1436 = ORIENTED_EDGE ( 'NONE', *, *, #50, .T. ) ;
#1437 = CIRCLE ( 'NONE', #1062, 3.000000000000002665 ) ;
#1438 = DIRECTION ( 'NONE',  ( -1.000000000000000000, 0.000000000000000000, 0.000000000000000000 ) ) ;
#1439 = EDGE_CURVE ( 'NONE', #1791, #1337, #248, .T. ) ;
#1440 = VECTOR ( 'NONE', #873, 1000.000000000000114 ) ;
#1441 = VECTOR ( 'NONE', #1119, 1000.000000000000000 ) ;
#1442 = DIRECTION ( 'NONE',  ( 1.000000000000000000, -0.000000000000000000, -0.000000000000000000 ) ) ;
#1443 = CONICAL_SURFACE ( 'NONE', #2016, 3.499999999999999556, 0.3587706702705749096 ) ;
#1444 = CARTESIAN_POINT ( 'NONE',  ( 3.000000000000000000, 3.000000000000000000, 0.000000000000000000 ) ) ;
#1445 = AXIS2_PLACEMENT_3D ( 'NONE', #800, #448, #1486 ) ;
#1446 = ORIENTED_EDGE ( 'NONE', *, *, #1739, .F. ) ;
#1447 = CARTESIAN_POINT ( 'NONE',  ( 3.000000000000000000, 0.000000000000000000, 3.000000000000000000 ) ) ;
#1448 = VERTEX_POINT ( 'NONE', #2166 ) ;
#1449 = CARTESIAN_POINT ( 'NONE',  ( 4.500000000000000888, 67.00000000000000000, 38.00000000000000711 ) ) ;
#1450 = VERTEX_POINT ( 'NONE', #977 ) ;
#1451 = CARTESIAN_POINT ( 'NONE',  ( 63.00000000000002842, 0.000000000000000000, 30.50000000000001421 ) ) ;
#1452 = DIRECTION ( 'NONE',  ( 0.3511234415883933702, 4.300021988468286425E-17, -0.9363291775690438801 ) ) ;
#1453 = DIRECTION ( 'NONE',  ( 1.000000000000000000, 0.000000000000000000, 0.000000000000000000 ) ) ;
#1454 = EDGE_CURVE ( 'NONE', #1524, #751, #2019, .T. ) ;
#1455 = ORIENTED_EDGE ( 'NONE', *, *, #441, .T. ) ;
#1456 = CARTESIAN_POINT ( 'NONE',  ( 6.000000000000000888, 65.50000000000000000, 3.000000000000000000 ) ) ;
#1457 = EDGE_LOOP ( 'NONE', ( #221, #1273, #169, #1958 ) ) ;
#1458 = DIRECTION ( 'NONE',  ( 0.000000000000000000, 0.000000000000000000, 1.000000000000000000 ) ) ;
#1459 = VERTEX_POINT ( 'NONE', #253 ) ;
#1460 = CARTESIAN_POINT ( 'NONE',  ( 87.50000000000000000, 67.00000000000000000, 3.000000000000000000 ) ) ;
#1461 = LINE ( 'NONE', #730, #809 ) ;
#1462 = DIRECTION ( 'NONE',  ( 0.000000000000000000, -0.000000000000000000, 1.000000000000000000 ) ) ;
#1463 = ORIENTED_EDGE ( 'NONE', *, *, #73, .T. ) ;
#1464 = DIRECTION ( 'NONE',  ( 1.000000000000000000, -0.000000000000000000, 3.469446951953611231E-16 ) ) ;
#1465 = CARTESIAN_POINT ( 'NONE',  ( 58.00000000000002132, 2.999999999999999112, 30.50000000000001066 ) ) ;
#1466 = EDGE_CURVE ( 'NONE', #1397, #2176, #65, .T. ) ;
#1467 = ORIENTED_EDGE ( 'NONE', *, *, #1, .F. ) ;
#1468 = CARTESIAN_POINT ( 'NONE',  ( 95.00000000000000000, 67.00000000000000000, 3.000000000000000000 ) ) ;
#1469 = ORIENTED_EDGE ( 'NONE', *, *, #197, .F. ) ;
#1470 = AXIS2_PLACEMENT_3D ( 'NONE', #2253, #686, #1905 ) ;
#1471 = AXIS2_PLACEMENT_3D ( 'NONE', #356, #1477, #2134 ) ;
#1472 = DIRECTION ( 'NONE',  ( -1.000000000000000000, 0.000000000000000000, 0.000000000000000000 ) ) ;
#1473 = AXIS2_PLACEMENT_3D ( 'NONE', #173, #1235, #1199 ) ;
#1474 = AXIS2_PLACEMENT_3D ( 'NONE', #945, #1839, #13 ) ;
#1475 = EDGE_LOOP ( 'NONE', ( #274, #712, #88, #309 ) ) ;
#1476 = VECTOR ( 'NONE', #1452, 1000.000000000000114 ) ;
#1477 = DIRECTION ( 'NONE',  ( -0.000000000000000000, -0.000000000000000000, 1.000000000000000000 ) ) ;
#1478 = FACE_OUTER_BOUND ( 'NONE', #1305, .T. ) ;
#1479 = VECTOR ( 'NONE', #972, 1000.000000000000000 ) ;
#1480 = VERTEX_POINT ( 'NONE', #451 ) ;
#1481 = CARTESIAN_POINT ( 'NONE',  ( 80.00000000000000000, 55.00000000000000711, 10.99999999999987388 ) ) ;
#1482 = EDGE_CURVE ( 'NONE', #1605, #1082, #1850, .T. ) ;
#1483 = ORIENTED_EDGE ( 'NONE', *, *, #1039, .T. ) ;
#1484 =( LENGTH_UNIT ( ) NAMED_UNIT ( * ) SI_UNIT ( .MILLI., .METRE. ) );
#1485 = DIRECTION ( 'NONE',  ( 1.000000000000000000, 0.000000000000000000, 0.000000000000000000 ) ) ;
#1486 = DIRECTION ( 'NONE',  ( 6.938893903907227392E-16, 0.000000000000000000, 1.000000000000000000 ) ) ;
#1487 = EDGE_LOOP ( 'NONE', ( #794, #1249 ) ) ;
#1488 = CARTESIAN_POINT ( 'NONE',  ( 92.00000000000000000, 3.000000000000000000, 0.000000000000000000 ) ) ;
#1489 = PLANE ( 'NONE',  #1659 ) ;
#1490 = ORIENTED_EDGE ( 'NONE', *, *, #1667, .F. ) ;
#1491 = CARTESIAN_POINT ( 'NONE',  ( 87.50000000000000000, 67.00000000000000000, 38.00000000000000711 ) ) ;
#1492 = ADVANCED_FACE ( 'NONE', ( #1511 ), #2202, .F. ) ;
#1493 = VERTEX_POINT ( 'NONE', #1869 ) ;
#1494 = EDGE_CURVE ( 'NONE', #1567, #82, #440, .T. ) ;
#1495 = DIRECTION ( 'NONE',  ( 0.000000000000000000, 0.000000000000000000, 1.000000000000000000 ) ) ;
#1496 = EDGE_LOOP ( 'NONE', ( #1129, #217, #1693, #905 ) ) ;
#1497 = LINE ( 'NONE', #1151, #131 ) ;
#1498 = DIRECTION ( 'NONE',  ( 0.000000000000000000, 0.000000000000000000, 1.000000000000000000 ) ) ;
#1499 = ORIENTED_EDGE ( 'NONE', *, *, #2112, .F. ) ;
#1500 = DIRECTION ( 'NONE',  ( 1.000000000000000000, 0.000000000000000000, 0.000000000000000000 ) ) ;
#1501 = DIRECTION ( 'NONE',  ( 0.000000000000000000, 0.000000000000000000, 1.000000000000000000 ) ) ;
#1502 = ORIENTED_EDGE ( 'NONE', *, *, #1978, .T. ) ;
#1503 = DIRECTION ( 'NONE',  ( 0.000000000000000000, 0.000000000000000000, -1.000000000000000000 ) ) ;
#1504 = VECTOR ( 'NONE', #1610, 1000.000000000000000 ) ;
#1505 = DIRECTION ( 'NONE',  ( 0.000000000000000000, 0.000000000000000000, 1.000000000000000000 ) ) ;
#1506 = ADVANCED_FACE ( 'NONE', ( #103 ), #1489, .T. ) ;
#1507 = EDGE_CURVE ( 'NONE', #1386, #2100, #965, .T. ) ;
#1508 = CIRCLE ( 'NONE', #429, 6.499999999999977796 ) ;
#1509 = EDGE_LOOP ( 'NONE', ( #1099, #192, #821, #1071 ) ) ;
#1510 = DIRECTION ( 'NONE',  ( -0.000000000000000000, -0.000000000000000000, 1.000000000000000000 ) ) ;
#1511 = FACE_OUTER_BOUND ( 'NONE', #523, .T. ) ;
#1512 = VECTOR ( 'NONE', #775, 1000.000000000000000 ) ;
#1513 = CIRCLE ( 'NONE', #1216, 1.500000000000001332 ) ;
#1514 = ORIENTED_EDGE ( 'NONE', *, *, #1382, .F. ) ;
#1515 = CARTESIAN_POINT ( 'NONE',  ( 80.00000000000000000, 15.00000000000000000, 11.00000000000000000 ) ) ;
#1516 = AXIS2_PLACEMENT_3D ( 'NONE', #1704, #304, #2057 ) ;
#1517 = VECTOR ( 'NONE', #2059, 1000.000000000000000 ) ;
#1518 = VERTEX_POINT ( 'NONE', #793 ) ;
#1519 = DIRECTION ( 'NONE',  ( 0.000000000000000000, 0.000000000000000000, 1.000000000000000000 ) ) ;
#1520 = DIRECTION ( 'NONE',  ( 0.000000000000000000, -1.000000000000000000, 0.000000000000000000 ) ) ;
#1521 = ORIENTED_EDGE ( 'NONE', *, *, #2240, .F. ) ;
#1522 = ADVANCED_FACE ( 'NONE', ( #617, #2175 ), #2186, .F. ) ;
#1523 = CARTESIAN_POINT ( 'NONE',  ( 65.50000000000002842, 0.000000000000000000, 30.50000000000001421 ) ) ;
#1524 = VERTEX_POINT ( 'NONE', #609 ) ;
#1525 = CARTESIAN_POINT ( 'NONE',  ( 15.00000000000000711, 15.00000000000000000, 11.00000000000000000 ) ) ;
#1526 = ORIENTED_EDGE ( 'NONE', *, *, #1454, .T. ) ;
#1527 = CARTESIAN_POINT ( 'NONE',  ( 80.00000000000000000, 55.00000000000000711, 11.00000000000000000 ) ) ;
#1528 = CARTESIAN_POINT ( 'NONE',  ( 3.000000000000000000, 67.00000000000000000, 3.000000000000000000 ) ) ;
#1529 = FACE_OUTER_BOUND ( 'NONE', #175, .T. ) ;
#1530 = EDGE_LOOP ( 'NONE', ( #2052, #377 ) ) ;
#1531 = CARTESIAN_POINT ( 'NONE',  ( 87.50000000000000000, 67.00000000000000000, 38.00000000000000711 ) ) ;
#1532 = DIRECTION ( 'NONE',  ( 0.000000000000000000, 0.000000000000000000, -1.000000000000000000 ) ) ;
#1533 = ADVANCED_FACE ( 'NONE', ( #1316 ), #2006, .F. ) ;
#1534 = DIRECTION ( 'NONE',  ( 1.000000000000000000, 0.000000000000000000, 0.000000000000000000 ) ) ;
#1535 = DIRECTION ( 'NONE',  ( 1.000000000000000000, 0.000000000000000000, -0.000000000000000000 ) ) ;
#1536 = CARTESIAN_POINT ( 'NONE',  ( 92.00000000000000000, 44.00000000000000711, 27.59997800000000012 ) ) ;
#1537 = CARTESIAN_POINT ( 'NONE',  ( 80.00000000000000000, 44.00000000000000711, 21.59997800000000012 ) ) ;
#1538 = VECTOR ( 'NONE', #332, 1000.000000000000000 ) ;
#1539 = EDGE_LOOP ( 'NONE', ( #2021, #1671 ) ) ;
#1540 = AXIS2_PLACEMENT_3D ( 'NONE', #1371, #2048, #1011 ) ;
#1541 = CARTESIAN_POINT ( 'NONE',  ( 81.50000000000000000, 15.00000000000000000, 2.999999999999999112 ) ) ;
#1542 = CARTESIAN_POINT ( 'NONE',  ( 92.00000000000000000, 62.50000000000000000, 3.000000000000002665 ) ) ;
#1543 = AXIS2_PLACEMENT_3D ( 'NONE', #2054, #126, #445 ) ;
#1544 = AXIS2_PLACEMENT_3D ( 'NONE', #934, #1599, #1283 ) ;
#1545 = ORIENTED_EDGE ( 'NONE', *, *, #1466, .T. ) ;
#1546 = ORIENTED_EDGE ( 'NONE', *, *, #325, .T. ) ;
#1547 = ADVANCED_FACE ( 'NONE', ( #1131 ), #200, .F. ) ;
#1548 = AXIS2_PLACEMENT_3D ( 'NONE', #566, #194, #1272 ) ;
#1549 = FACE_OUTER_BOUND ( 'NONE', #944, .T. ) ;
#1550 = VECTOR ( 'NONE', #671, 1000.000000000000000 ) ;
#1551 = CARTESIAN_POINT ( 'NONE',  ( 3.000000000000000000, 67.00000000000000000, 38.00000000000000711 ) ) ;
#1552 = CARTESIAN_POINT ( 'NONE',  ( 4.500000000000000888, 7.500000000000000000, 3.000000000000002665 ) ) ;
#1553 = EDGE_LOOP ( 'NONE', ( #922, #223, #1049 ) ) ;
#1554 = DIRECTION ( 'NONE',  ( 0.000000000000000000, 0.000000000000000000, 1.000000000000000000 ) ) ;
#1555 = DIRECTION ( 'NONE',  ( 1.000000000000000000, 0.000000000000000000, 0.000000000000000000 ) ) ;
#1556 = ORIENTED_EDGE ( 'NONE', *, *, #2034, .T. ) ;
#1557 = CARTESIAN_POINT ( 'NONE',  ( 90.50000000000000000, 62.50000000000000000, 38.00000000000000711 ) ) ;
#1558 = ORIENTED_EDGE ( 'NONE', *, *, #1677, .F. ) ;
#1559 = CARTESIAN_POINT ( 'NONE',  ( 15.00000000000000178, 55.00000000000000000, 2.999999999999999112 ) ) ;
#1560 = EDGE_CURVE ( 'NONE', #1567, #1021, #174, .T. ) ;
#1561 = CARTESIAN_POINT ( 'NONE',  ( 55.50000000000002842, 0.000000000000000000, 38.00000000000001421 ) ) ;
#1562 = VERTEX_POINT ( 'NONE', #936 ) ;
#1563 = CARTESIAN_POINT ( 'NONE',  ( 81.50000000000000000, 55.00000000000000711, 2.999999999999999112 ) ) ;
#1564 = CARTESIAN_POINT ( 'NONE',  ( 3.000000000000000000, 67.00000000000000000, 3.000000000000000000 ) ) ;
#1565 = ORIENTED_EDGE ( 'NONE', *, *, #14, .F. ) ;
#1566 = FACE_OUTER_BOUND ( 'NONE', #2009, .T. ) ;
#1567 = VERTEX_POINT ( 'NONE', #421 ) ;
#1568 = CARTESIAN_POINT ( 'NONE',  ( 78.50000000000000000, 55.00000000000000711, 2.999999999999999112 ) ) ;
#1569 = DIRECTION ( 'NONE',  ( 0.000000000000000000, 0.000000000000000000, -1.000000000000000000 ) ) ;
#1570 = EDGE_CURVE ( 'NONE', #883, #679, #662, .T. ) ;
#1571 = ORIENTED_EDGE ( 'NONE', *, *, #868, .T. ) ;
#1572 = DIRECTION ( 'NONE',  ( 0.000000000000000000, 0.000000000000000000, -1.000000000000000000 ) ) ;
#1573 = AXIS2_PLACEMENT_3D ( 'NONE', #1054, #1373, #1938 ) ;
#1574 = DIRECTION ( 'NONE',  ( 0.000000000000000000, 0.000000000000000000, -1.000000000000000000 ) ) ;
#1575 = AXIS2_PLACEMENT_3D ( 'NONE', #298, #1893, #122 ) ;
#1576 = EDGE_LOOP ( 'NONE', ( #2136, #2004, #995, #263 ) ) ;
#1577 = DIRECTION ( 'NONE',  ( 1.000000000000000000, 0.000000000000000000, 0.000000000000000000 ) ) ;
#1578 = AXIS2_PLACEMENT_3D ( 'NONE', #1939, #1928, #1385 ) ;
#1579 = EDGE_LOOP ( 'NONE', ( #1658, #235 ) ) ;
#1580 = CARTESIAN_POINT ( 'NONE',  ( 7.500000000000000000, 3.000000000000000000, 3.000000000000000000 ) ) ;
#1581 = LINE ( 'NONE', #2094, #806 ) ;
#1582 = CARTESIAN_POINT ( 'NONE',  ( 80.00000000000000000, 15.00000000000000000, 2.999999999999999112 ) ) ;
#1583 = ADVANCED_FACE ( 'NONE', ( #1084 ), #912, .T. ) ;
#1584 = EDGE_LOOP ( 'NONE', ( #292, #438, #2232 ) ) ;
#1585 = DIRECTION ( 'NONE',  ( -0.000000000000000000, 1.000000000000000000, 0.000000000000000000 ) ) ;
#1586 = CYLINDRICAL_SURFACE ( 'NONE', #508, 3.000000000000000000 ) ;
#1587 = CIRCLE ( 'NONE', #1036, 3.499999999999999556 ) ;
#1588 = EDGE_CURVE ( 'NONE', #1301, #339, #763, .T. ) ;
#1589 = ORIENTED_EDGE ( 'NONE', *, *, #868, .F. ) ;
#1590 = DIRECTION ( 'NONE',  ( 0.000000000000000000, 0.000000000000000000, -1.000000000000000000 ) ) ;
#1591 = ORIENTED_EDGE ( 'NONE', *, *, #1482, .T. ) ;
#1592 = DIRECTION ( 'NONE',  ( 0.000000000000000000, -1.000000000000000000, 0.000000000000000000 ) ) ;
#1593 = CARTESIAN_POINT ( 'NONE',  ( 92.00000000000000000, 67.00000000000000000, 23.00000000000000711 ) ) ;
#1594 = LINE ( 'NONE', #915, #1621 ) ;
#1595 = ORIENTED_EDGE ( 'NONE', *, *, #307, .F. ) ;
#1596 = DIRECTION ( 'NONE',  ( -0.000000000000000000, -0.000000000000000000, 1.000000000000000000 ) ) ;
#1597 = DIRECTION ( 'NONE',  ( 0.000000000000000000, 0.000000000000000000, 1.000000000000000000 ) ) ;
#1598 = ORIENTED_EDGE ( 'NONE', *, *, #745, .T. ) ;
#1599 = DIRECTION ( 'NONE',  ( 0.000000000000000000, 0.000000000000000000, 1.000000000000000000 ) ) ;
#1600 = ADVANCED_FACE ( 'NONE', ( #2161 ), #928, .T. ) ;
#1601 = ORIENTED_EDGE ( 'NONE', *, *, #515, .F. ) ;
#1602 = FACE_OUTER_BOUND ( 'NONE', #2118, .T. ) ;
#1603 = LINE ( 'NONE', #1812, #2010 ) ;
#1604 = CYLINDRICAL_SURFACE ( 'NONE', #737, 1.500000000000000444 ) ;
#1605 = VERTEX_POINT ( 'NONE', #1460 ) ;
#1606 = LINE ( 'NONE', #1102, #390 ) ;
#1607 = CARTESIAN_POINT ( 'NONE',  ( 18.50000000000000711, 15.00000000000000000, 11.00000000000000000 ) ) ;
#1608 = ORIENTED_EDGE ( 'NONE', *, *, #2170, .F. ) ;
#1609 = AXIS2_PLACEMENT_3D ( 'NONE', #89, #611, #636 ) ;
#1610 = DIRECTION ( 'NONE',  ( 0.000000000000000000, 1.000000000000000000, 0.000000000000000000 ) ) ;
#1611 = VECTOR ( 'NONE', #1087, 1000.000000000000000 ) ;
#1612 = EDGE_CURVE ( 'NONE', #1298, #281, #595, .T. ) ;
#1613 = EDGE_LOOP ( 'NONE', ( #610, #738, #1736, #2198, #1004, #1894, #1502, #2110, #1222, #1638, #547, #540, #245, #371, #2, #761, #428, #26, #1044, #1753, #1996, #1190, #2154, #85, #289, #1308, #151, #1710 ) ) ;
#1614 = AXIS2_PLACEMENT_3D ( 'NONE', #1985, #710, #191 ) ;
#1615 = DIRECTION ( 'NONE',  ( -1.000000000000000000, 0.000000000000000000, 0.000000000000000000 ) ) ;
#1616 = CIRCLE ( 'NONE', #2127, 1.500000000000000444 ) ;
#1617 = VECTOR ( 'NONE', #1952, 1000.000000000000000 ) ;
#1618 = CARTESIAN_POINT ( 'NONE',  ( 65.50000000000002842, 15.00000000000000000, 38.00000000000000711 ) ) ;
#1619 = EDGE_CURVE ( 'NONE', #1021, #1567, #1100, .T. ) ;
#1620 = FACE_OUTER_BOUND ( 'NONE', #1257, .T. ) ;
#1621 = VECTOR ( 'NONE', #573, 1000.000000000000000 ) ;
#1622 = FACE_BOUND ( 'NONE', #767, .T. ) ;
#1623 = CIRCLE ( 'NONE', #1405, 1.500000000000001332 ) ;
#1624 = ORIENTED_EDGE ( 'NONE', *, *, #1832, .F. ) ;
#1625 =( NAMED_UNIT ( * ) PLANE_ANGLE_UNIT ( ) SI_UNIT ( $, .RADIAN. ) );
#1626 = CARTESIAN_POINT ( 'NONE',  ( 83.50000000000000000, 55.00000000000000711, 11.00000000000000000 ) ) ;
#1627 = ORIENTED_EDGE ( 'NONE', *, *, #368, .F. ) ;
#1628 = CARTESIAN_POINT ( 'NONE',  ( 80.00000000000000000, 15.00000000000000000, 3.000000000000000000 ) ) ;
#1629 = EDGE_LOOP ( 'NONE', ( #569, #1546 ) ) ;
#1630 = ADVANCED_FACE ( 'NONE', ( #2208 ), #1255, .T. ) ;
#1631 = DIRECTION ( 'NONE',  ( 0.000000000000000000, 1.000000000000000000, 0.000000000000000000 ) ) ;
#1632 = DIRECTION ( 'NONE',  ( 0.000000000000000000, 0.000000000000000000, -1.000000000000000000 ) ) ;
#1633 = CYLINDRICAL_SURFACE ( 'NONE', #1182, 1.499999999999999556 ) ;
#1634 = EDGE_CURVE ( 'NONE', #733, #963, #2231, .T. ) ;
#1635 = VERTEX_POINT ( 'NONE', #626 ) ;
#1636 = DIRECTION ( 'NONE',  ( 1.000000000000000000, 0.000000000000000000, 0.000000000000000000 ) ) ;
#1637 = CARTESIAN_POINT ( 'NONE',  ( 92.00000000000000000, 3.000000000000000000, 3.000000000000000000 ) ) ;
#1638 = ORIENTED_EDGE ( 'NONE', *, *, #1, .T. ) ;
#1639 = CARTESIAN_POINT ( 'NONE',  ( 4.500000000000003553, 63.99999999999998579, 3.000000000000000000 ) ) ;
#1640 = APPLICATION_CONTEXT ( 'automotive_design' ) ;
#1641 = ORIENTED_EDGE ( 'NONE', *, *, #827, .F. ) ;
#1642 = DIRECTION ( 'NONE',  ( 1.000000000000000000, 0.000000000000000000, 0.000000000000000000 ) ) ;
#1643 = DIRECTION ( 'NONE',  ( 0.000000000000000000, 0.000000000000000000, 1.000000000000000000 ) ) ;
#1644 = ORIENTED_EDGE ( 'NONE', *, *, #756, .T. ) ;
#1645 = EDGE_CURVE ( 'NONE', #1448, #432, #1167, .T. ) ;
#1646 = CARTESIAN_POINT ( 'NONE',  ( 3.000000000000000000, 67.00000000000000000, 23.00000000000000711 ) ) ;
#1647 = PLANE ( 'NONE',  #1400 ) ;
#1648 = VERTEX_POINT ( 'NONE', #2044 ) ;
#1649 = ADVANCED_FACE ( 'NONE', ( #1687 ), #481, .F. ) ;
#1650 = CARTESIAN_POINT ( 'NONE',  ( 90.50000000000000000, 65.50000000000000000, 38.00000000000000711 ) ) ;
#1651 = EDGE_LOOP ( 'NONE', ( #1999, #1565, #1558, #1608 ) ) ;
#1652 = CIRCLE ( 'NONE', #1394, 1.500000000000001332 ) ;
#1653 = CARTESIAN_POINT ( 'NONE',  ( 83.50000000000000000, 15.00000000000000000, 10.99999999999987388 ) ) ;
#1654 = CIRCLE ( 'NONE', #1025, 1.500000000000001332 ) ;
#1655 = DIRECTION ( 'NONE',  ( 0.000000000000000000, 0.000000000000000000, 1.000000000000000000 ) ) ;
#1656 = AXIS2_PLACEMENT_3D ( 'NONE', #743, #2140, #789 ) ;
#1657 = AXIS2_PLACEMENT_3D ( 'NONE', #538, #1213, #2089 ) ;
#1658 = ORIENTED_EDGE ( 'NONE', *, *, #34, .T. ) ;
#1659 = AXIS2_PLACEMENT_3D ( 'NONE', #265, #276, #987 ) ;
#1660 = CARTESIAN_POINT ( 'NONE',  ( 87.50000000000000000, 3.000000000000000000, 38.00000000000000711 ) ) ;
#1661 = FACE_OUTER_BOUND ( 'NONE', #449, .T. ) ;
#1662 = EDGE_CURVE ( 'NONE', #888, #1360, #639, .T. ) ;
#1663 = AXIS2_PLACEMENT_3D ( 'NONE', #234, #1505, #262 ) ;
#1664 = UNCERTAINTY_MEASURE_WITH_UNIT (LENGTH_MEASURE( 1.000000000000000082E-05 ), #735, 'distance_accuracy_value', 'NONE');
#1665 = VERTEX_POINT ( 'NONE', #1377 ) ;
#1666 = CARTESIAN_POINT ( 'NONE',  ( 3.000000000000000000, 3.000000000000000000, 38.00000000000000711 ) ) ;
#1667 = EDGE_CURVE ( 'NONE', #1784, #251, #555, .T. ) ;
#1668 = ORIENTED_EDGE ( 'NONE', *, *, #2142, .T. ) ;
#1669 = VECTOR ( 'NONE', #363, 1000.000000000000000 ) ;
#1670 = CARTESIAN_POINT ( 'NONE',  ( 15.00000000000000711, 15.00000000000000000, 10.99999999999995026 ) ) ;
#1671 = ORIENTED_EDGE ( 'NONE', *, *, #1134, .T. ) ;
#1672 = PLANE ( 'NONE',  #620 ) ;
#1673 = DIRECTION ( 'NONE',  ( 0.3511234415883942583, 4.300021988468296286E-17, -0.9363291775690436580 ) ) ;
#1674 = ORIENTED_EDGE ( 'NONE', *, *, #1010, .T. ) ;
#1675 = DIRECTION ( 'NONE',  ( 0.000000000000000000, 0.000000000000000000, -1.000000000000000000 ) ) ;
#1676 = ORIENTED_EDGE ( 'NONE', *, *, #1313, .F. ) ;
#1677 = EDGE_CURVE ( 'NONE', #1263, #2204, #1346, .T. ) ;
#1678 = CARTESIAN_POINT ( 'NONE',  ( 4.500000000000003553, 63.99999999999998579, 3.000000000000002665 ) ) ;
#1679 = CARTESIAN_POINT ( 'NONE',  ( 92.00000000000000000, 67.00000000000000000, 38.00000000000000711 ) ) ;
#1680 = ORIENTED_EDGE ( 'NONE', *, *, #458, .F. ) ;
#1681 = LINE ( 'NONE', #802, #1361 ) ;
#1682 = DIRECTION ( 'NONE',  ( 1.000000000000000000, 0.000000000000000000, 0.000000000000000000 ) ) ;
#1683 = VERTEX_POINT ( 'NONE', #2224 ) ;
#1684 = DIRECTION ( 'NONE',  ( 0.000000000000000000, 0.000000000000000000, 1.000000000000000000 ) ) ;
#1685 = DIRECTION ( 'NONE',  ( -1.000000000000000000, 0.000000000000000000, 0.000000000000000000 ) ) ;
#1686 = ORIENTED_EDGE ( 'NONE', *, *, #727, .T. ) ;
#1687 = FACE_OUTER_BOUND ( 'NONE', #2014, .T. ) ;
#1688 = ADVANCED_FACE ( 'NONE', ( #1367 ), #1335, .F. ) ;
#1689 = CIRCLE ( 'NONE', #910, 3.000000000000000000 ) ;
#1690 = CYLINDRICAL_SURFACE ( 'NONE', #104, 1.499999999999999556 ) ;
#1691 = EDGE_CURVE ( 'NONE', #54, #21, #296, .T. ) ;
#1692 = CIRCLE ( 'NONE', #1471, 1.499999999999999556 ) ;
#1693 = ORIENTED_EDGE ( 'NONE', *, *, #1013, .T. ) ;
#1694 = DIRECTION ( 'NONE',  ( 0.000000000000000000, 0.000000000000000000, 1.000000000000000000 ) ) ;
#1695 = AXIS2_PLACEMENT_3D ( 'NONE', #1537, #2228, #1569 ) ;
#1696 = DIRECTION ( 'NONE',  ( 0.000000000000000000, 0.000000000000000000, 1.000000000000000000 ) ) ;
#1697 = AXIS2_PLACEMENT_3D ( 'NONE', #689, #1247, #1414 ) ;
#1698 = AXIS2_PLACEMENT_3D ( 'NONE', #427, #961, #1811 ) ;
#1699 = AXIS2_PLACEMENT_3D ( 'NONE', #382, #1792, #601 ) ;
#1700 = VERTEX_POINT ( 'NONE', #1874 ) ;
#1701 = DIRECTION ( 'NONE',  ( 0.000000000000000000, 0.000000000000000000, 1.000000000000000000 ) ) ;
#1702 = CARTESIAN_POINT ( 'NONE',  ( 7.500000000000007105, 65.50000000000000000, 38.00000000000000711 ) ) ;
#1703 = EDGE_LOOP ( 'NONE', ( #2272, #1556 ) ) ;
#1704 = CARTESIAN_POINT ( 'NONE',  ( 3.000000000000000000, 3.000000000000000000, 23.00000000000000711 ) ) ;
#1705 = DIRECTION ( 'NONE',  ( 1.000000000000000000, 0.000000000000000000, 0.000000000000000000 ) ) ;
#1706 = CIRCLE ( 'NONE', #2025, 1.500000000000000000 ) ;
#1707 = ORIENTED_EDGE ( 'NONE', *, *, #1382, .T. ) ;
#1708 = CARTESIAN_POINT ( 'NONE',  ( 18.50000000000000355, 55.00000000000000000, 11.00000000000000000 ) ) ;
#1709 = EDGE_CURVE ( 'NONE', #92, #733, #1865, .T. ) ;
#1710 = ORIENTED_EDGE ( 'NONE', *, *, #1454, .F. ) ;
#1711 = CARTESIAN_POINT ( 'NONE',  ( 6.000000000000000000, 4.500000000000000888, -0.002000000000002000178 ) ) ;
#1712 = ORIENTED_EDGE ( 'NONE', *, *, #2201, .F. ) ;
#1713 = CARTESIAN_POINT ( 'NONE',  ( 3.000000000000000000, 0.000000000000000000, 3.000000000000000000 ) ) ;
#1714 = DIRECTION ( 'NONE',  ( -1.000000000000000000, 0.000000000000000000, 0.000000000000000000 ) ) ;
#1715 = APPLICATION_CONTEXT ( 'automotive_design' ) ;
#1716 = CARTESIAN_POINT ( 'NONE',  ( 3.000000000000000000, 67.00000000000000000, 0.000000000000000000 ) ) ;
#1717 = ADVANCED_FACE ( 'NONE', ( #447 ), #997, .T. ) ;
#1718 = EDGE_CURVE ( 'NONE', #883, #189, #110, .T. ) ;
#1719 = ORIENTED_EDGE ( 'NONE', *, *, #949, .F. ) ;
#1720 = CARTESIAN_POINT ( 'NONE',  ( 92.00000000000000000, 67.00000000000000000, 38.00000000000000711 ) ) ;
#1721 = DIRECTION ( 'NONE',  ( 1.000000000000000000, 0.000000000000000000, 0.000000000000000000 ) ) ;
#1722 = EDGE_CURVE ( 'NONE', #1969, #12, #2235, .T. ) ;
#1723 = ORIENTED_EDGE ( 'NONE', *, *, #771, .F. ) ;
#1724 = ORIENTED_EDGE ( 'NONE', *, *, #1369, .T. ) ;
#1725 = CARTESIAN_POINT ( 'NONE',  ( 3.000000000000000000, 67.00000000000000000, 38.00000000000000711 ) ) ;
#1726 = CARTESIAN_POINT ( 'NONE',  ( 80.00000000000000000, 55.00000000000000711, 2.999999999999999112 ) ) ;
#1727 = PLANE ( 'NONE',  #1575 ) ;
#1728 = PRESENTATION_LAYER_ASSIGNMENT (  '', '', ( #1768 ) ) ;
#1729 = ORIENTED_EDGE ( 'NONE', *, *, #2170, .T. ) ;
#1730 = CIRCLE ( 'NONE', #1543, 1.500000000000001332 ) ;
#1731 = DIRECTION ( 'NONE',  ( 0.000000000000000000, 0.000000000000000000, -1.000000000000000000 ) ) ;
#1732 = DIRECTION ( 'NONE',  ( -1.000000000000000000, 0.000000000000000000, 0.000000000000000000 ) ) ;
#1733 = ADVANCED_FACE ( 'NONE', ( #1549 ), #1018, .T. ) ;
#1734 = AXIS2_PLACEMENT_3D ( 'NONE', #375, #1287, #1485 ) ;
#1735 = CLOSED_SHELL ( 'NONE', ( #116, #1024, #383, #1806, #602, #1210, #1425, #237, #1630, #1957, #1205, #1649, #1749, #1991, #1270, #927, #442, #81, #657, #776, #1252, #1156, #1917, #942, #2017, #2157, #2153, #1269, #1166, #1933, #1823, #1733, #1600, #973, #700, #1079, #1522, #1321, #1492, #1392, #354, #1891, #2180, #672, #270, #898, #411, #1326, #113, #1196, #145, #254, #1790, #1717, #1379, #1506, #1688, #312, #1533, #970, #539, #726, #16, #1284, #938, #1547, #528, #1919, #1238, #1931, #1793, #1411, #1583, #1993, #413, #1195, #1051, #1341 ) ) ;
#1736 = ORIENTED_EDGE ( 'NONE', *, *, #1739, .T. ) ;
#1737 = CARTESIAN_POINT ( 'NONE',  ( 15.00000000000000178, 55.00000000000000000, 11.00000000000000000 ) ) ;
#1738 = AXIS2_PLACEMENT_3D ( 'NONE', #1290, #779, #974 ) ;
#1739 = EDGE_CURVE ( 'NONE', #841, #148, #475, .T. ) ;
#1740 = AXIS2_PLACEMENT_3D ( 'NONE', #1451, #709, #179 ) ;
#1741 = FACE_BOUND ( 'NONE', #1282, .T. ) ;
#1742 = CYLINDRICAL_SURFACE ( 'NONE', #1695, 6.000000000000001776 ) ;
#1743 = CIRCLE ( 'NONE', #518, 1.500000000000001332 ) ;
#1744 = ORIENTED_EDGE ( 'NONE', *, *, #271, .T. ) ;
#1745 = DIRECTION ( 'NONE',  ( 1.000000000000000000, 0.000000000000000000, 0.000000000000000000 ) ) ;
#1746 = CARTESIAN_POINT ( 'NONE',  ( 80.00000000000000000, 55.00000000000000711, 2.999999999999999112 ) ) ;
#1747 = EDGE_LOOP ( 'NONE', ( #9, #1707, #840, #721 ) ) ;
#1748 = DIRECTION ( 'NONE',  ( 0.000000000000000000, 0.000000000000000000, -1.000000000000000000 ) ) ;
#1749 = ADVANCED_FACE ( 'NONE', ( #342 ), #37, .F. ) ;
#1750 = EDGE_LOOP ( 'NONE', ( #2173, #1191, #624, #634 ) ) ;
#1751 = CARTESIAN_POINT ( 'NONE',  ( 87.50000000000000000, 4.500000000000000888, 3.000000000000002665 ) ) ;
#1752 = CARTESIAN_POINT ( 'NONE',  ( 3.000000000000000000, 67.00000000000000000, 38.00000000000000711 ) ) ;
#1753 = ORIENTED_EDGE ( 'NONE', *, *, #338, .F. ) ;
#1754 = CARTESIAN_POINT ( 'NONE',  ( 3.000000000000000000, 3.000000000000000000, 3.000000000000000000 ) ) ;
#1755 = CARTESIAN_POINT ( 'NONE',  ( 83.50000000000000000, 15.00000000000000000, 11.00000000000000000 ) ) ;
#1756 = ORIENTED_EDGE ( 'NONE', *, *, #2043, .T. ) ;
#1757 = CARTESIAN_POINT ( 'NONE',  ( 92.00000000000000000, 3.000000000000000000, 38.00000000000000711 ) ) ;
#1758 = ORIENTED_EDGE ( 'NONE', *, *, #614, .F. ) ;
#1759 = DIRECTION ( 'NONE',  ( 1.000000000000000000, 0.000000000000000000, -0.000000000000000000 ) ) ;
#1760 = EDGE_CURVE ( 'NONE', #1480, #1816, #1594, .T. ) ;
#1761 = DIRECTION ( 'NONE',  ( 0.000000000000000000, 1.000000000000000000, 0.000000000000000000 ) ) ;
#1762 = CARTESIAN_POINT ( 'NONE',  ( 55.50000000000002132, 3.000000000000000000, 30.50000000000001421 ) ) ;
#1763 = EDGE_CURVE ( 'NONE', #339, #2062, #290, .T. ) ;
#1764 = ORIENTED_EDGE ( 'NONE', *, *, #493, .F. ) ;
#1765 = CARTESIAN_POINT ( 'NONE',  ( 80.00000000000000000, 15.00000000000000000, 11.00000000000000000 ) ) ;
#1766 = AXIS2_PLACEMENT_3D ( 'NONE', #1754, #1572, #1244 ) ;
#1767 = DIRECTION ( 'NONE',  ( 1.000000000000000000, 0.000000000000000000, 0.000000000000000000 ) ) ;
#1768 = STYLED_ITEM ( 'NONE', ( #1959 ), #643 ) ;
#1769 = ORIENTED_EDGE ( 'NONE', *, *, #2034, .F. ) ;
#1770 = CARTESIAN_POINT ( 'NONE',  ( 90.50000000000000000, 62.50000000000000000, 3.000000000000002665 ) ) ;
#1771 = VECTOR ( 'NONE', #376, 1000.000000000000000 ) ;
#1772 = AXIS2_PLACEMENT_3D ( 'NONE', #1899, #1519, #2191 ) ;
#1773 = EDGE_LOOP ( 'NONE', ( #1080, #1898, #615, #2097 ) ) ;
#1774 = CYLINDRICAL_SURFACE ( 'NONE', #1412, 1.500000000000001332 ) ;
#1775 = CIRCLE ( 'NONE', #2090, 3.000000000000000000 ) ;
#1776 = CARTESIAN_POINT ( 'NONE',  ( 58.00000000000002132, 0.000000000000000000, 30.50000000000001066 ) ) ;
#1777 = DIRECTION ( 'NONE',  ( 1.000000000000000000, 0.000000000000000000, 0.000000000000000000 ) ) ;
#1778 = ORIENTED_EDGE ( 'NONE', *, *, #1112, .F. ) ;
#1779 = EDGE_CURVE ( 'NONE', #414, #277, #1775, .T. ) ;
#1780 = DIRECTION ( 'NONE',  ( 0.000000000000000000, -0.000000000000000000, 1.000000000000000000 ) ) ;
#1781 = CARTESIAN_POINT ( 'NONE',  ( 15.00000000000000178, 55.00000000000000000, 11.00000000000000000 ) ) ;
#1782 = ORIENTED_EDGE ( 'NONE', *, *, #1423, .F. ) ;
#1783 = FACE_OUTER_BOUND ( 'NONE', #1509, .T. ) ;
#1784 = VERTEX_POINT ( 'NONE', #2275 ) ;
#1785 = CARTESIAN_POINT ( 'NONE',  ( 4.500000000000000888, 62.49999999999998579, 3.000000000000002665 ) ) ;
#1786 = CARTESIAN_POINT ( 'NONE',  ( 93.50000000000000000, 3.000000000000000000, 23.00000000000000711 ) ) ;
#1787 = ORIENTED_EDGE ( 'NONE', *, *, #1634, .T. ) ;
#1788 = DIRECTION ( 'NONE',  ( 0.000000000000000000, 0.000000000000000000, 1.000000000000000000 ) ) ;
#1789 = DIRECTION ( 'NONE',  ( -1.000000000000000000, 0.000000000000000000, 0.000000000000000000 ) ) ;
#1790 = ADVANCED_FACE ( 'NONE', ( #353 ), #1604, .F. ) ;
#1791 = VERTEX_POINT ( 'NONE', #1762 ) ;
#1792 = DIRECTION ( 'NONE',  ( 0.000000000000000000, 0.000000000000000000, 1.000000000000000000 ) ) ;
#1793 = ADVANCED_FACE ( 'NONE', ( #744 ), #2095, .T. ) ;
#1794 = EDGE_LOOP ( 'NONE', ( #61, #1053, #529, #584 ) ) ;
#1795 = DIRECTION ( 'NONE',  ( 1.000000000000000000, 0.000000000000000000, 0.000000000000000000 ) ) ;
#1796 = CARTESIAN_POINT ( 'NONE',  ( 92.00000000000000000, 0.000000000000000000, 3.000000000000000000 ) ) ;
#1797 = DIRECTION ( 'NONE',  ( 1.000000000000000000, 0.000000000000000000, 0.000000000000000000 ) ) ;
#1798 = VERTEX_POINT ( 'NONE', #731 ) ;
#1799 = CARTESIAN_POINT ( 'NONE',  ( 90.50000000000000000, 3.000000000000000000, 23.00000000000000711 ) ) ;
#1800 = LINE ( 'NONE', #1307, #625 ) ;
#1801 = EDGE_LOOP ( 'NONE', ( #811, #1571, #1867, #774 ) ) ;
#1802 = AXIS2_PLACEMENT_3D ( 'NONE', #1628, #2156, #42 ) ;
#1803 = CARTESIAN_POINT ( 'NONE',  ( 80.00000000000000000, 44.00000000000000711, 15.59997799999999657 ) ) ;
#1804 = VECTOR ( 'NONE', #849, 1000.000000000000000 ) ;
#1805 = ORIENTED_EDGE ( 'NONE', *, *, #1092, .F. ) ;
#1806 = ADVANCED_FACE ( 'NONE', ( #522 ), #1936, .F. ) ;
#1807 = AXIS2_PLACEMENT_3D ( 'NONE', #1481, #2168, #27 ) ;
#1808 = CARTESIAN_POINT ( 'NONE',  ( 0.000000000000000000, 0.000000000000000000, 0.000000000000000000 ) ) ;
#1809 = AXIS2_PLACEMENT_3D ( 'NONE', #69, #633, #1161 ) ;
#1810 = AXIS2_PLACEMENT_3D ( 'NONE', #1765, #862, #1745 ) ;
#1811 = DIRECTION ( 'NONE',  ( 1.000000000000000000, 0.000000000000000000, 0.000000000000000000 ) ) ;
#1812 = CARTESIAN_POINT ( 'NONE',  ( 16.50000000000000000, 55.00000000000000000, 2.999999999999999112 ) ) ;
#1813 = AXIS2_PLACEMENT_3D ( 'NONE', #56, #582, #1655 ) ;
#1814 = DIRECTION ( 'NONE',  ( 0.000000000000000000, 0.000000000000000000, -1.000000000000000000 ) ) ;
#1815 = CIRCLE ( 'NONE', #1740, 2.500000000000002220 ) ;
#1816 = VERTEX_POINT ( 'NONE', #1444 ) ;
#1817 = LINE ( 'NONE', #722, #1611 ) ;
#1818 = DIRECTION ( 'NONE',  ( 0.000000000000000000, -0.000000000000000000, -1.000000000000000000 ) ) ;
#1819 = ORIENTED_EDGE ( 'NONE', *, *, #870, .F. ) ;
#1820 = CARTESIAN_POINT ( 'NONE',  ( 6.000000000000000000, 4.500000000000000888, 38.00000000000000711 ) ) ;
#1821 = CIRCLE ( 'NONE', #403, 1.500000000000001332 ) ;
#1822 = ORIENTED_EDGE ( 'NONE', *, *, #907, .F. ) ;
#1823 = ADVANCED_FACE ( 'NONE', ( #891, #1428, #2117, #562, #1622 ), #947, .T. ) ;
#1824 = DIRECTION ( 'NONE',  ( 0.000000000000000000, -1.000000000000000000, 0.000000000000000000 ) ) ;
#1825 = LINE ( 'NONE', #1304, #140 ) ;
#1826 = ORIENTED_EDGE ( 'NONE', *, *, #2225, .F. ) ;
#1827 = CARTESIAN_POINT ( 'NONE',  ( 80.00000000000000000, 15.00000000000000000, 2.999999999999999112 ) ) ;
#1828 = DIRECTION ( 'NONE',  ( -0.000000000000000000, -1.000000000000000000, -0.000000000000000000 ) ) ;
#1829 = ORIENTED_EDGE ( 'NONE', *, *, #1091, .F. ) ;
#1830 = CARTESIAN_POINT ( 'NONE',  ( 7.500000000000007105, 67.00000000000000000, 38.00000000000000711 ) ) ;
#1831 = EDGE_LOOP ( 'NONE', ( #1989, #1764 ) ) ;
#1832 = EDGE_CURVE ( 'NONE', #1932, #989, #921, .T. ) ;
#1833 = PLANE ( 'NONE',  #1445 ) ;
#1834 = VERTEX_POINT ( 'NONE', #1866 ) ;
#1835 = FACE_OUTER_BOUND ( 'NONE', #1342, .T. ) ;
#1836 = EDGE_CURVE ( 'NONE', #603, #1459, #998, .T. ) ;
#1837 = CARTESIAN_POINT ( 'NONE',  ( 3.000000000000000000, 0.000000000000000000, 3.000000000000000000 ) ) ;
#1838 = ORIENTED_EDGE ( 'NONE', *, *, #271, .F. ) ;
#1839 = DIRECTION ( 'NONE',  ( -0.000000000000000000, -0.000000000000000000, -1.000000000000000000 ) ) ;
#1840 = ORIENTED_EDGE ( 'NONE', *, *, #1779, .T. ) ;
#1841 = AXIS2_PLACEMENT_3D ( 'NONE', #683, #1390, #651 ) ;
#1842 = CARTESIAN_POINT ( 'NONE',  ( 3.000000000000000000, 3.000000000000000000, 38.00000000000000711 ) ) ;
#1843 = CIRCLE ( 'NONE', #732, 6.000000000000001776 ) ;
#1844 = CARTESIAN_POINT ( 'NONE',  ( 95.00000000000000000, 44.00000000000000711, 27.59997800000000012 ) ) ;
#1845 = AXIS2_PLACEMENT_3D ( 'NONE', #1144, #808, #2206 ) ;
#1846 = VECTOR ( 'NONE', #517, 1000.000000000000000 ) ;
#1847 = ORIENTED_EDGE ( 'NONE', *, *, #926, .T. ) ;
#1848 = AXIS2_PLACEMENT_3D ( 'NONE', #1465, #2151, #60 ) ;
#1849 = CARTESIAN_POINT ( 'NONE',  ( 13.50000000000000178, 55.00000000000000000, 11.00000000000000000 ) ) ;
#1850 = LINE ( 'NONE', #1152, #2269 ) ;
#1851 = AXIS2_PLACEMENT_3D ( 'NONE', #1180, #1503, #2067 ) ;
#1852 = EDGE_CURVE ( 'NONE', #1816, #417, #663, .T. ) ;
#1853 = VERTEX_POINT ( 'NONE', #790 ) ;
#1854 = SPHERICAL_SURFACE ( 'NONE', #242, 3.000000000000000000 ) ;
#1855 = DIRECTION ( 'NONE',  ( -0.000000000000000000, -0.000000000000000000, 1.000000000000000000 ) ) ;
#1856 = ORIENTED_EDGE ( 'NONE', *, *, #123, .F. ) ;
#1857 = DIRECTION ( 'NONE',  ( 0.000000000000000000, 0.000000000000000000, -1.000000000000000000 ) ) ;
#1858 = VERTEX_POINT ( 'NONE', #765 ) ;
#1859 = CARTESIAN_POINT ( 'NONE',  ( 92.00000000000000000, 67.00000000000000000, 38.00000000000000711 ) ) ;
#1860 = DIRECTION ( 'NONE',  ( 1.000000000000000000, 0.000000000000000000, 0.000000000000000000 ) ) ;
#1861 = VERTEX_POINT ( 'NONE', #2163 ) ;
#1862 = DIRECTION ( 'NONE',  ( 0.000000000000000000, 0.000000000000000000, 1.000000000000000000 ) ) ;
#1863 = EDGE_CURVE ( 'NONE', #1940, #1635, #101, .T. ) ;
#1864 = ORIENTED_EDGE ( 'NONE', *, *, #97, .T. ) ;
#1865 = LINE ( 'NONE', #491, #814 ) ;
#1866 = CARTESIAN_POINT ( 'NONE',  ( 93.50000000000000000, 3.000000000000000000, 38.00000000000000711 ) ) ;
#1867 = ORIENTED_EDGE ( 'NONE', *, *, #426, .T. ) ;
#1868 = CARTESIAN_POINT ( 'NONE',  ( 3.000000000000000000, 67.00000000000000000, 23.00000000000000711 ) ) ;
#1869 = CARTESIAN_POINT ( 'NONE',  ( 1.499999999999999112, 67.00000000000000000, 38.00000000000000711 ) ) ;
#1870 = ORIENTED_EDGE ( 'NONE', *, *, #827, .T. ) ;
#1871 = CYLINDRICAL_SURFACE ( 'NONE', #766, 1.500000000000001332 ) ;
#1872 = DIRECTION ( 'NONE',  ( 1.000000000000000000, 0.000000000000000000, -0.000000000000000000 ) ) ;
#1873 = EDGE_LOOP ( 'NONE', ( #381, #1937 ) ) ;
#1874 = CARTESIAN_POINT ( 'NONE',  ( 86.49999999999998579, 55.00000000000000711, 3.000000000000000000 ) ) ;
#1875 = EDGE_CURVE ( 'NONE', #1861, #2074, #396, .T. ) ;
#1876 = CIRCLE ( 'NONE', #1810, 1.500000000000001332 ) ;
#1877 = DIRECTION ( 'NONE',  ( -0.000000000000000000, -0.000000000000000000, 1.000000000000000000 ) ) ;
#1878 = CIRCLE ( 'NONE', #769, 1.500000000000001332 ) ;
#1879 = ORIENTED_EDGE ( 'NONE', *, *, #856, .T. ) ;
#1880 = LINE ( 'NONE', #1002, #23 ) ;
#1881 = AXIS2_PLACEMENT_3D ( 'NONE', #45, #1956, #180 ) ;
#1882 = CIRCLE ( 'NONE', #2050, 2.500000000000002220 ) ;
#1883 = AXIS2_PLACEMENT_3D ( 'NONE', #1781, #714, #1916 ) ;
#1884 = ORIENTED_EDGE ( 'NONE', *, *, #143, .T. ) ;
#1885 = CARTESIAN_POINT ( 'NONE',  ( 90.50000000000000000, 3.000000000000000000, 38.00000000000000711 ) ) ;
#1886 = CYLINDRICAL_SURFACE ( 'NONE', #133, 1.499999999999997780 ) ;
#1887 = AXIS2_PLACEMENT_3D ( 'NONE', #1114, #1472, #1495 ) ;
#1888 = CARTESIAN_POINT ( 'NONE',  ( 92.00000000000000000, 3.000000000000000000, 23.00000000000000711 ) ) ;
#1889 = CARTESIAN_POINT ( 'NONE',  ( 89.00000000000000000, 4.500000000000000888, 38.00000000000000711 ) ) ;
#1890 = DIRECTION ( 'NONE',  ( -0.000000000000000000, -0.000000000000000000, 1.000000000000000000 ) ) ;
#1891 = ADVANCED_FACE ( 'NONE', ( #2182 ), #2027, .T. ) ;
#1892 = EDGE_CURVE ( 'NONE', #946, #1147, #1955, .T. ) ;
#1893 = DIRECTION ( 'NONE',  ( 0.000000000000000000, 0.000000000000000000, 1.000000000000000000 ) ) ;
#1894 = ORIENTED_EDGE ( 'NONE', *, *, #515, .T. ) ;
#1895 = CARTESIAN_POINT ( 'NONE',  ( 15.00000000000000178, 55.00000000000000000, 2.999999999999999112 ) ) ;
#1896 = CARTESIAN_POINT ( 'NONE',  ( 7.500000000000000000, 4.500000000000000888, 3.000000000000002665 ) ) ;
#1897 = ORIENTED_EDGE ( 'NONE', *, *, #422, .F. ) ;
#1898 = ORIENTED_EDGE ( 'NONE', *, *, #684, .F. ) ;
#1899 = CARTESIAN_POINT ( 'NONE',  ( 80.00000000000000000, 15.00000000000000000, 2.999999999999999112 ) ) ;
#1900 = DIRECTION ( 'NONE',  ( 1.000000000000000000, 0.000000000000000000, 0.000000000000000000 ) ) ;
#1901 = EDGE_CURVE ( 'NONE', #1421, #281, #435, .T. ) ;
#1902 = CARTESIAN_POINT ( 'NONE',  ( 7.500000000000000000, 4.500000000000000888, 38.00000000000000711 ) ) ;
#1903 = ORIENTED_EDGE ( 'NONE', *, *, #1588, .F. ) ;
#1904 = EDGE_CURVE ( 'NONE', #715, #277, #1825, .T. ) ;
#1905 = DIRECTION ( 'NONE',  ( -1.000000000000000000, 0.000000000000000000, -3.469446951953611231E-16 ) ) ;
#1906 = DIRECTION ( 'NONE',  ( -0.000000000000000000, -0.000000000000000000, 1.000000000000000000 ) ) ;
#1907 = ORIENTED_EDGE ( 'NONE', *, *, #1041, .F. ) ;
#1908 = CARTESIAN_POINT ( 'NONE',  ( 89.00000000000000000, 65.50000000000000000, 3.000000000000000000 ) ) ;
#1909 = LINE ( 'NONE', #682, #1333 ) ;
#1910 = CIRCLE ( 'NONE', #91, 1.499999999999997780 ) ;
#1911 = CARTESIAN_POINT ( 'NONE',  ( 92.00000000000000000, 0.000000000000000000, 38.00000000000000711 ) ) ;
#1912 = VECTOR ( 'NONE', #1464, 1000.000000000000000 ) ;
#1913 = VERTEX_POINT ( 'NONE', #1986 ) ;
#1914 = AXIS2_PLACEMENT_3D ( 'NONE', #1363, #2033, #1872 ) ;
#1915 = CARTESIAN_POINT ( 'NONE',  ( 3.000000000000000000, 67.00000000000000000, 3.000000000000000000 ) ) ;
#1916 = DIRECTION ( 'NONE',  ( 1.000000000000000000, 0.000000000000000000, -0.000000000000000000 ) ) ;
#1917 = ADVANCED_FACE ( 'NONE', ( #225 ), #273, .F. ) ;
#1918 = CONICAL_SURFACE ( 'NONE', #1578, 3.500000000000003109, 0.3587706702705740769 ) ;
#1919 = ADVANCED_FACE ( 'NONE', ( #962 ), #1833, .F. ) ;
#1920 = EDGE_LOOP ( 'NONE', ( #402, #1490, #1686, #519 ) ) ;
#1921 = CYLINDRICAL_SURFACE ( 'NONE', #994, 1.500000000000001332 ) ;
#1922 = CIRCLE ( 'NONE', #33, 6.500000000000005329 ) ;
#1923 = VERTEX_POINT ( 'NONE', #437 ) ;
#1924 = DIRECTION ( 'NONE',  ( -1.000000000000000000, 0.000000000000000000, -0.000000000000000000 ) ) ;
#1925 = DIRECTION ( 'NONE',  ( -0.000000000000000000, 1.000000000000000000, -0.000000000000000000 ) ) ;
#1926 = VERTEX_POINT ( 'NONE', #2172 ) ;
#1927 = CARTESIAN_POINT ( 'NONE',  ( 7.500000000000000000, 3.000000000000000000, 38.00000000000000711 ) ) ;
#1928 = DIRECTION ( 'NONE',  ( 0.000000000000000000, 0.000000000000000000, -1.000000000000000000 ) ) ;
#1929 = ORIENTED_EDGE ( 'NONE', *, *, #1353, .F. ) ;
#1930 = DIRECTION ( 'NONE',  ( 0.000000000000000000, 0.000000000000000000, 1.000000000000000000 ) ) ;
#1931 = ADVANCED_FACE ( 'NONE', ( #606 ), #1312, .F. ) ;
#1932 = VERTEX_POINT ( 'NONE', #1844 ) ;
#1933 = ADVANCED_FACE ( 'NONE', ( #250 ), #1443, .T. ) ;
#1934 = CARTESIAN_POINT ( 'NONE',  ( 3.000000000000000000, 3.000000000000000000, 3.000000000000000000 ) ) ;
#1935 = DIRECTION ( 'NONE',  ( -1.000000000000000000, 0.000000000000000000, 0.000000000000000000 ) ) ;
#1936 = CYLINDRICAL_SURFACE ( 'NONE', #2199, 1.500000000000001332 ) ;
#1937 = ORIENTED_EDGE ( 'NONE', *, *, #197, .T. ) ;
#1938 = DIRECTION ( 'NONE',  ( 1.000000000000000000, 0.000000000000000000, -0.000000000000000000 ) ) ;
#1939 = CARTESIAN_POINT ( 'NONE',  ( 80.00000000000000000, 55.00000000000000711, 10.99999999999987388 ) ) ;
#1940 = VERTEX_POINT ( 'NONE', #1322 ) ;
#1941 = DIRECTION ( 'NONE',  ( -0.000000000000000000, -0.000000000000000000, 1.000000000000000000 ) ) ;
#1942 = ORIENTED_EDGE ( 'NONE', *, *, #1369, .F. ) ;
#1943 = CARTESIAN_POINT ( 'NONE',  ( 89.00000000000000000, 65.50000000000000000, 38.00000000000000711 ) ) ;
#1944 = LINE ( 'NONE', #545, #916 ) ;
#1945 = DIRECTION ( 'NONE',  ( 1.000000000000000000, 0.000000000000000000, 0.000000000000000000 ) ) ;
#1946 = VERTEX_POINT ( 'NONE', #1149 ) ;
#1947 = SURFACE_SIDE_STYLE ('',( #218 ) ) ;
#1948 = CIRCLE ( 'NONE', #20, 1.500000000000000444 ) ;
#1949 = FACE_OUTER_BOUND ( 'NONE', #1402, .T. ) ;
#1950 = VECTOR ( 'NONE', #461, 1000.000000000000000 ) ;
#1951 = ORIENTED_EDGE ( 'NONE', *, *, #838, .T. ) ;
#1952 = DIRECTION ( 'NONE',  ( -0.000000000000000000, -0.000000000000000000, 1.000000000000000000 ) ) ;
#1953 = EDGE_LOOP ( 'NONE', ( #594, #1879, #1133, #1805 ) ) ;
#1954 = PLANE ( 'NONE',  #1262 ) ;
#1955 = CIRCLE ( 'NONE', #1738, 1.500000000000001332 ) ;
#1956 = DIRECTION ( 'NONE',  ( -1.000000000000000000, 0.000000000000000000, 0.000000000000000000 ) ) ;
#1957 = ADVANCED_FACE ( 'NONE', ( #1158 ), #1633, .F. ) ;
#1958 = ORIENTED_EDGE ( 'NONE', *, *, #2250, .T. ) ;
#1959 = PRESENTATION_STYLE_ASSIGNMENT (( #1258 ) ) ;
#1960 = LINE ( 'NONE', #219, #847 ) ;
#1961 = ORIENTED_EDGE ( 'NONE', *, *, #514, .T. ) ;
#1962 = DIRECTION ( 'NONE',  ( 0.000000000000000000, 0.000000000000000000, 1.000000000000000000 ) ) ;
#1963 = VERTEX_POINT ( 'NONE', #482 ) ;
#1964 = DIRECTION ( 'NONE',  ( 0.000000000000000000, 0.000000000000000000, 1.000000000000000000 ) ) ;
#1965 = CARTESIAN_POINT ( 'NONE',  ( 95.00000000000000000, 44.00000000000000711, 21.59997800000000012 ) ) ;
#1966 = EDGE_CURVE ( 'NONE', #1665, #1040, #1030, .T. ) ;
#1967 = EDGE_LOOP ( 'NONE', ( #1641, #327, #2248, #232 ) ) ;
#1968 = FACE_OUTER_BOUND ( 'NONE', #2088, .T. ) ;
#1969 = VERTEX_POINT ( 'NONE', #146 ) ;
#1970 = CARTESIAN_POINT ( 'NONE',  ( 95.00000000000000000, 3.000000000000000000, 3.000000000000000000 ) ) ;
#1971 = EDGE_LOOP ( 'NONE', ( #1383, #1545 ) ) ;
#1972 = CARTESIAN_POINT ( 'NONE',  ( 90.50000000000000000, 64.00000000000000000, 38.00000000000000711 ) ) ;
#1973 = EDGE_LOOP ( 'NONE', ( #2028, #1514, #1110 ) ) ;
#1974 = CYLINDRICAL_SURFACE ( 'NONE', #358, 3.000000000000000000 ) ;
#1975 = ORIENTED_EDGE ( 'NONE', *, *, #1904, .T. ) ;
#1976 = CIRCLE ( 'NONE', #583, 3.000000000000000000 ) ;
#1977 = CARTESIAN_POINT ( 'NONE',  ( 92.00000000000000000, 67.00000000000000000, 38.00000000000000711 ) ) ;
#1978 = EDGE_CURVE ( 'NONE', #15, #1913, #882, .T. ) ;
#1979 = AXIS2_PLACEMENT_3D ( 'NONE', #1752, #1204, #319 ) ;
#1980 = ORIENTED_EDGE ( 'NONE', *, *, #826, .F. ) ;
#1981 = AXIS2_PLACEMENT_3D ( 'NONE', #1096, #2274, #572 ) ;
#1982 = AXIS2_PLACEMENT_3D ( 'NONE', #1770, #1941, #347 ) ;
#1983 = AXIS2_PLACEMENT_3D ( 'NONE', #1420, #1574, #1732 ) ;
#1984 = CIRCLE ( 'NONE', #1802, 6.499999999999977796 ) ;
#1985 = CARTESIAN_POINT ( 'NONE',  ( 15.00000000000000711, 15.00000000000000000, 2.999999999999999112 ) ) ;
#1986 = CARTESIAN_POINT ( 'NONE',  ( 0.000000000000000000, 67.00000000000000000, 38.00000000000000711 ) ) ;
#1987 = ORIENTED_EDGE ( 'NONE', *, *, #143, .F. ) ;
#1988 = FILL_AREA_STYLE ('',( #941 ) ) ;
#1989 = ORIENTED_EDGE ( 'NONE', *, *, #2250, .F. ) ;
#1990 = CARTESIAN_POINT ( 'NONE',  ( 63.00000000000002842, 2.999999999999999112, 30.50000000000001421 ) ) ;
#1991 = ADVANCED_FACE ( 'NONE', ( #1203, #1193, #1741, #111, #650 ), #846, .F. ) ;
#1992 = ORIENTED_EDGE ( 'NONE', *, *, #771, .T. ) ;
#1993 = ADVANCED_FACE ( 'NONE', ( #2046 ), #859, .T. ) ;
#1994 = LINE ( 'NONE', #1542, #1291 ) ;
#1995 = DIRECTION ( 'NONE',  ( 0.000000000000000000, 0.000000000000000000, -1.000000000000000000 ) ) ;
#1996 = ORIENTED_EDGE ( 'NONE', *, *, #1353, .T. ) ;
#1997 = CARTESIAN_POINT ( 'NONE',  ( 95.00000000000000000, 0.000000000000000000, 38.00000000000000711 ) ) ;
#1998 = LINE ( 'NONE', #416, #2051 ) ;
#1999 = ORIENTED_EDGE ( 'NONE', *, *, #127, .F. ) ;
#2000 = DIRECTION ( 'NONE',  ( 1.000000000000000000, 0.000000000000000000, 0.000000000000000000 ) ) ;
#2001 = ORIENTED_EDGE ( 'NONE', *, *, #2003, .T. ) ;
#2002 = DIRECTION ( 'NONE',  ( 0.000000000000000000, 1.000000000000000000, 0.000000000000000000 ) ) ;
#2003 = EDGE_CURVE ( 'NONE', #1923, #1127, #1909, .T. ) ;
#2004 = ORIENTED_EDGE ( 'NONE', *, *, #1570, .F. ) ;
#2005 = DIRECTION ( 'NONE',  ( -0.000000000000000000, -0.000000000000000000, 1.000000000000000000 ) ) ;
#2006 = CYLINDRICAL_SURFACE ( 'NONE', #1698, 1.500000000000001332 ) ;
#2007 = ORIENTED_EDGE ( 'NONE', *, *, #182, .F. ) ;
#2008 = DIRECTION ( 'NONE',  ( -1.000000000000000000, 0.000000000000000000, 0.000000000000000000 ) ) ;
#2009 = EDGE_LOOP ( 'NONE', ( #1345, #406, #477, #2263 ) ) ;
#2010 = VECTOR ( 'NONE', #2148, 1000.000000000000000 ) ;
#2011 = DIRECTION ( 'NONE',  ( 1.000000000000000000, 0.000000000000000000, 0.000000000000000000 ) ) ;
#2012 = VECTOR ( 'NONE', #1828, 1000.000000000000000 ) ;
#2013 = CIRCLE ( 'NONE', #1982, 1.500000000000001332 ) ;
#2014 = EDGE_LOOP ( 'NONE', ( #1769, #1033, #303, #43 ) ) ;
#2015 = EDGE_CURVE ( 'NONE', #1263, #1798, #1623, .T. ) ;
#2016 = AXIS2_PLACEMENT_3D ( 'NONE', #1670, #754, #75 ) ;
#2017 = ADVANCED_FACE ( 'NONE', ( #673 ), #1690, .F. ) ;
#2018 = CARTESIAN_POINT ( 'NONE',  ( 92.00000000000000000, 3.000000000000000000, 3.000000000000000000 ) ) ;
#2019 = LINE ( 'NONE', #803, #210 ) ;
#2020 = CIRCLE ( 'NONE', #480, 1.499999999999999556 ) ;
#2021 = ORIENTED_EDGE ( 'NONE', *, *, #949, .T. ) ;
#2022 = EDGE_CURVE ( 'NONE', #2150, #1429, #1389, .T. ) ;
#2023 = DIRECTION ( 'NONE',  ( 0.000000000000000000, 0.000000000000000000, 1.000000000000000000 ) ) ;
#2024 = ORIENTED_EDGE ( 'NONE', *, *, #325, .F. ) ;
#2025 = AXIS2_PLACEMENT_3D ( 'NONE', #1785, #190, #557 ) ;
#2026 = CARTESIAN_POINT ( 'NONE',  ( 11.50000000000000000, 55.00000000000000000, 10.99999999999988809 ) ) ;
#2027 = CYLINDRICAL_SURFACE ( 'NONE', #2131, 1.500000000000001332 ) ;
#2028 = ORIENTED_EDGE ( 'NONE', *, *, #2142, .F. ) ;
#2029 = DIRECTION ( 'NONE',  ( 0.000000000000000000, -1.000000000000000000, 0.000000000000000000 ) ) ;
#2030 = CARTESIAN_POINT ( 'NONE',  ( 18.50000000000000711, 15.00000000000000000, 10.99999999999995026 ) ) ;
#2031 = EDGE_LOOP ( 'NONE', ( #2042, #783, #1093, #1980 ) ) ;
#2032 = DIRECTION ( 'NONE',  ( 0.000000000000000000, 0.000000000000000000, 1.000000000000000000 ) ) ;
#2033 = DIRECTION ( 'NONE',  ( 0.000000000000000000, 0.000000000000000000, 1.000000000000000000 ) ) ;
#2034 = EDGE_CURVE ( 'NONE', #2190, #1648, #1220, .T. ) ;
#2035 = ORIENTED_EDGE ( 'NONE', *, *, #2113, .T. ) ;
#2036 = DIRECTION ( 'NONE',  ( -0.000000000000000000, -0.000000000000000000, 1.000000000000000000 ) ) ;
#2037 = DIRECTION ( 'NONE',  ( 0.000000000000000000, 0.000000000000000000, 1.000000000000000000 ) ) ;
#2038 = VERTEX_POINT ( 'NONE', #305 ) ;
#2039 = DIRECTION ( 'NONE',  ( 0.000000000000000000, 0.000000000000000000, -1.000000000000000000 ) ) ;
#2040 = EDGE_LOOP ( 'NONE', ( #1012, #1624 ) ) ;
#2041 = DIRECTION ( 'NONE',  ( -1.000000000000000000, 0.000000000000000000, 0.000000000000000000 ) ) ;
#2042 = ORIENTED_EDGE ( 'NONE', *, *, #838, .F. ) ;
#2043 = EDGE_CURVE ( 'NONE', #2100, #419, #1922, .T. ) ;
#2044 = CARTESIAN_POINT ( 'NONE',  ( 81.50000000000000000, 55.00000000000000711, 2.999999999999999112 ) ) ;
#2045 = CIRCLE ( 'NONE', #465, 1.499999999999997780 ) ;
#2046 = FACE_OUTER_BOUND ( 'NONE', #1553, .T. ) ;
#2047 = VECTOR ( 'NONE', #238, 1000.000000000000000 ) ;
#2048 = DIRECTION ( 'NONE',  ( 0.000000000000000000, 0.000000000000000000, -1.000000000000000000 ) ) ;
#2049 = AXIS2_PLACEMENT_3D ( 'NONE', #1896, #301, #1685 ) ;
#2050 = AXIS2_PLACEMENT_3D ( 'NONE', #1990, #906, #1962 ) ;
#2051 = VECTOR ( 'NONE', #1431, 1000.000000000000000 ) ;
#2052 = ORIENTED_EDGE ( 'NONE', *, *, #1313, .T. ) ;
#2053 = DIRECTION ( 'NONE',  ( 0.000000000000000000, 0.000000000000000000, 1.000000000000000000 ) ) ;
#2054 = CARTESIAN_POINT ( 'NONE',  ( 80.00000000000000000, 55.00000000000000711, 11.00000000000000000 ) ) ;
#2055 = AXIS2_PLACEMENT_3D ( 'NONE', #2238, #1355, #2216 ) ;
#2056 = DIRECTION ( 'NONE',  ( 1.000000000000000000, -1.156482317317870344E-15, 0.000000000000000000 ) ) ;
#2057 = DIRECTION ( 'NONE',  ( 1.000000000000000000, 0.000000000000000000, 0.000000000000000000 ) ) ;
#2058 = EDGE_CURVE ( 'NONE', #1923, #1298, #1108, .T. ) ;
#2059 = DIRECTION ( 'NONE',  ( -0.000000000000000000, -0.000000000000000000, 1.000000000000000000 ) ) ;
#2060 = EDGE_CURVE ( 'NONE', #1448, #277, #2203, .T. ) ;
#2061 = CARTESIAN_POINT ( 'NONE',  ( 18.50000000000000355, 55.00000000000000000, 10.99999999999988809 ) ) ;
#2062 = VERTEX_POINT ( 'NONE', #1370 ) ;
#2063 = CARTESIAN_POINT ( 'NONE',  ( 7.500000000000007105, 65.50000000000000000, 38.00000000000000711 ) ) ;
#2064 = CARTESIAN_POINT ( 'NONE',  ( 4.499999999999998224, 63.99999999999998579, 38.00000000000000711 ) ) ;
#2065 = ORIENTED_EDGE ( 'NONE', *, *, #2201, .T. ) ;
#2066 = CARTESIAN_POINT ( 'NONE',  ( 92.00000000000000000, 67.00000000000000000, 3.000000000000000000 ) ) ;
#2067 = DIRECTION ( 'NONE',  ( -1.000000000000000000, 0.000000000000000000, 0.000000000000000000 ) ) ;
#2068 = DIRECTION ( 'NONE',  ( 1.000000000000000000, 0.000000000000000000, 0.000000000000000000 ) ) ;
#2069 = LINE ( 'NONE', #1716, #1396 ) ;
#2070 = EDGE_CURVE ( 'NONE', #1397, #1700, #640, .T. ) ;
#2071 = ORIENTED_EDGE ( 'NONE', *, *, #496, .F. ) ;
#2072 = CARTESIAN_POINT ( 'NONE',  ( 6.000000000000000888, 65.49999999999998579, 38.00000000000000711 ) ) ;
#2073 = DIRECTION ( 'NONE',  ( -0.000000000000000000, -0.000000000000000000, 1.000000000000000000 ) ) ;
#2074 = VERTEX_POINT ( 'NONE', #1536 ) ;
#2075 = FACE_OUTER_BOUND ( 'NONE', #2255, .T. ) ;
#2076 = ORIENTED_EDGE ( 'NONE', *, *, #1763, .F. ) ;
#2077 = CARTESIAN_POINT ( 'NONE',  ( 15.00000000000000711, 15.00000000000000000, 3.000000000000000000 ) ) ;
#2078 = AXIS2_PLACEMENT_3D ( 'NONE', #1515, #2053, #444 ) ;
#2079 = CARTESIAN_POINT ( 'NONE',  ( 1.499999999999999334, 3.000000000000000000, 38.00000000000000711 ) ) ;
#2080 = AXIS2_PLACEMENT_3D ( 'NONE', #1552, #521, #834 ) ;
#2081 = EDGE_CURVE ( 'NONE', #1450, #1260, #2227, .T. ) ;
#2082 = ORIENTED_EDGE ( 'NONE', *, *, #1875, .F. ) ;
#2083 = AXIS2_PLACEMENT_3D ( 'NONE', #118, #1501, #1155 ) ;
#2084 = DIRECTION ( 'NONE',  ( 0.000000000000000000, 0.000000000000000000, 1.000000000000000000 ) ) ;
#2085 = CARTESIAN_POINT ( 'NONE',  ( 92.00000000000000000, 3.000000000000000000, 3.000000000000000000 ) ) ;
#2086 = VECTOR ( 'NONE', #469, 1000.000000000000000 ) ;
#2087 = VECTOR ( 'NONE', #2233, 1000.000000000000000 ) ;
#2088 = EDGE_LOOP ( 'NONE', ( #1840, #1324, #266 ) ) ;
#2089 = DIRECTION ( 'NONE',  ( 1.000000000000000000, 0.000000000000000000, 0.000000000000000000 ) ) ;
#2090 = AXIS2_PLACEMENT_3D ( 'NONE', #365, #1097, #711 ) ;
#2091 = AXIS2_PLACEMENT_3D ( 'NONE', #1009, #2037, #1900 ) ;
#2092 = EDGE_LOOP ( 'NONE', ( #652, #1001, #1884, #1782 ) ) ;
#2093 = FACE_OUTER_BOUND ( 'NONE', #1243, .T. ) ;
#2094 = CARTESIAN_POINT ( 'NONE',  ( 90.50000000000000000, 64.00000000000000000, -0.002000000000002000178 ) ) ;
#2095 = SPHERICAL_SURFACE ( 'NONE', #249, 3.000000000000000000 ) ;
#2096 = AXIS2_PLACEMENT_3D ( 'NONE', #1934, #520, #570 ) ;
#2097 = ORIENTED_EDGE ( 'NONE', *, *, #284, .F. ) ;
#2098 = LINE ( 'NONE', #1014, #812 ) ;
#2099 = DIRECTION ( 'NONE',  ( 0.000000000000000000, -0.000000000000000000, 1.000000000000000000 ) ) ;
#2100 = VERTEX_POINT ( 'NONE', #1019 ) ;
#2101 = CYLINDRICAL_SURFACE ( 'NONE', #879, 6.000000000000001776 ) ;
#2102 = EDGE_CURVE ( 'NONE', #1648, #2190, #214, .T. ) ;
#2103 = ORIENTED_EDGE ( 'NONE', *, *, #2222, .F. ) ;
#2104 = FACE_OUTER_BOUND ( 'NONE', #1579, .T. ) ;
#2105 = DIRECTION ( 'NONE',  ( 0.000000000000000000, 0.000000000000000000, -1.000000000000000000 ) ) ;
#2106 = DIRECTION ( 'NONE',  ( 0.000000000000000000, 1.000000000000000000, 0.000000000000000000 ) ) ;
#2107 = ORIENTED_EDGE ( 'NONE', *, *, #1619, .T. ) ;
#2108 = DIRECTION ( 'NONE',  ( -1.000000000000000000, 0.000000000000000000, 0.000000000000000000 ) ) ;
#2109 = FACE_OUTER_BOUND ( 'NONE', #688, .T. ) ;
#2110 = ORIENTED_EDGE ( 'NONE', *, *, #380, .T. ) ;
#2111 = CARTESIAN_POINT ( 'NONE',  ( 65.50000000000002842, 0.000000000000000000, 38.00000000000000711 ) ) ;
#2112 = EDGE_CURVE ( 'NONE', #902, #966, #1815, .T. ) ;
#2113 = EDGE_CURVE ( 'NONE', #600, #417, #17, .T. ) ;
#2114 = ORIENTED_EDGE ( 'NONE', *, *, #674, .F. ) ;
#2115 = DIRECTION ( 'NONE',  ( -1.000000000000000000, 0.000000000000000000, 0.000000000000000000 ) ) ;
#2116 = FACE_OUTER_BOUND ( 'NONE', #1773, .T. ) ;
#2117 = FACE_BOUND ( 'NONE', #823, .T. ) ;
#2118 = EDGE_LOOP ( 'NONE', ( #452, #960, #791, #1150 ) ) ;
#2119 = DIRECTION ( 'NONE',  ( -0.000000000000000000, -0.000000000000000000, 1.000000000000000000 ) ) ;
#2120 = CIRCLE ( 'NONE', #1095, 6.499999999999977796 ) ;
#2121 = DIRECTION ( 'NONE',  ( -0.3511234415883942583, 0.000000000000000000, -0.9363291775690436580 ) ) ;
#2122 = CIRCLE ( 'NONE', #1364, 1.500000000000000444 ) ;
#2123 = ORIENTED_EDGE ( 'NONE', *, *, #2081, .T. ) ;
#2124 = CARTESIAN_POINT ( 'NONE',  ( 3.000000000000000000, 70.00000000000000000, 3.000000000000000000 ) ) ;
#2125 = VECTOR ( 'NONE', #1339, 1000.000000000000000 ) ;
#2126 = AXIS2_PLACEMENT_3D ( 'NONE', #739, #372, #1107 ) ;
#2127 = AXIS2_PLACEMENT_3D ( 'NONE', #324, #1597, #1035 ) ;
#2128 = EDGE_LOOP ( 'NONE', ( #373, #1073 ) ) ;
#2129 = DIRECTION ( 'NONE',  ( 1.000000000000000000, 0.000000000000000000, 0.000000000000000000 ) ) ;
#2130 = EDGE_CURVE ( 'NONE', #195, #384, #2020, .T. ) ;
#2131 = AXIS2_PLACEMENT_3D ( 'NONE', #596, #1462, #66 ) ;
#2132 = PLANE ( 'NONE',  #694 ) ;
#2133 = ORIENTED_EDGE ( 'NONE', *, *, #350, .F. ) ;
#2134 = DIRECTION ( 'NONE',  ( -1.000000000000000000, 0.000000000000000000, 0.000000000000000000 ) ) ;
#2135 = DIRECTION ( 'NONE',  ( 0.000000000000000000, 1.000000000000000000, 0.000000000000000000 ) ) ;
#2136 = ORIENTED_EDGE ( 'NONE', *, *, #1184, .F. ) ;
#2137 = CARTESIAN_POINT ( 'NONE',  ( 4.500000000000000888, 67.00000000000000000, 23.00000000000000711 ) ) ;
#2138 = ORIENTED_EDGE ( 'NONE', *, *, #895, .F. ) ;
#2139 = CARTESIAN_POINT ( 'NONE',  ( 76.50000000000000000, 55.00000000000000711, 11.00000000000000000 ) ) ;
#2140 = DIRECTION ( 'NONE',  ( 0.000000000000000000, 0.000000000000000000, -1.000000000000000000 ) ) ;
#2141 = ORIENTED_EDGE ( 'NONE', *, *, #1507, .T. ) ;
#2142 = EDGE_CURVE ( 'NONE', #1360, #1816, #109, .T. ) ;
#2143 = CARTESIAN_POINT ( 'NONE',  ( 15.00000000000000178, 55.00000000000000000, 10.99999999999988809 ) ) ;
#2144 = EDGE_LOOP ( 'NONE', ( #1118, #1086 ) ) ;
#2145 = CARTESIAN_POINT ( 'NONE',  ( 76.50000000000000000, 15.00000000000000000, 10.99999999999987388 ) ) ;
#2146 = ORIENTED_EDGE ( 'NONE', *, *, #1134, .F. ) ;
#2147 = SHAPE_DEFINITION_REPRESENTATION ( #2152, #1265 ) ;
#2148 = DIRECTION ( 'NONE',  ( -0.000000000000000000, -0.000000000000000000, 1.000000000000000000 ) ) ;
#2149 = DIRECTION ( 'NONE',  ( 0.000000000000000000, 0.000000000000000000, 1.000000000000000000 ) ) ;
#2150 = VERTEX_POINT ( 'NONE', #1403 ) ;
#2151 = DIRECTION ( 'NONE',  ( -0.000000000000000000, -1.000000000000000000, -0.000000000000000000 ) ) ;
#2152 = PRODUCT_DEFINITION_SHAPE ( 'NONE', 'NONE',  #57 ) ;
#2153 = ADVANCED_FACE ( 'NONE', ( #2093 ), #144, .T. ) ;
#2154 = ORIENTED_EDGE ( 'NONE', *, *, #1892, .T. ) ;
#2155 = CIRCLE ( 'NONE', #1359, 1.500000000000001332 ) ;
#2156 = DIRECTION ( 'NONE',  ( 0.000000000000000000, 0.000000000000000000, -1.000000000000000000 ) ) ;
#2157 = ADVANCED_FACE ( 'NONE', ( #2104 ), #1954, .T. ) ;
#2158 = ORIENTED_EDGE ( 'NONE', *, *, #1181, .T. ) ;
#2159 = CONICAL_SURFACE ( 'NONE', #1177, 3.499999999999999556, 0.3587706702705749096 ) ;
#2160 = AXIS2_PLACEMENT_3D ( 'NONE', #1737, #1387, #1227 ) ;
#2161 = FACE_OUTER_BOUND ( 'NONE', #1106, .T. ) ;
#2162 = VECTOR ( 'NONE', #120, 1000.000000000000000 ) ;
#2163 = CARTESIAN_POINT ( 'NONE',  ( 92.00000000000000000, 44.00000000000000711, 15.59997799999999657 ) ) ;
#2164 = ORIENTED_EDGE ( 'NONE', *, *, #909, .F. ) ;
#2165 = LINE ( 'NONE', #575, #395 ) ;
#2166 = CARTESIAN_POINT ( 'NONE',  ( 95.00000000000000000, 67.00000000000000000, 3.000000000000000000 ) ) ;
#2167 = ORIENTED_EDGE ( 'NONE', *, *, #1560, .F. ) ;
#2168 = DIRECTION ( 'NONE',  ( 0.000000000000000000, 0.000000000000000000, -1.000000000000000000 ) ) ;
#2169 = VERTEX_POINT ( 'NONE', #2258 ) ;
#2170 = EDGE_CURVE ( 'NONE', #574, #1263, #1821, .T. ) ;
#2171 = DIRECTION ( 'NONE',  ( 1.000000000000000000, 0.000000000000000000, 0.000000000000000000 ) ) ;
#2172 = CARTESIAN_POINT ( 'NONE',  ( 73.50000000000002842, 55.00000000000000711, 3.000000000000000000 ) ) ;
#2173 = ORIENTED_EDGE ( 'NONE', *, *, #1482, .F. ) ;
#2174 = CARTESIAN_POINT ( 'NONE',  ( 3.000000000000000000, 67.00000000000000000, 0.000000000000000000 ) ) ;
#2175 = FACE_OUTER_BOUND ( 'NONE', #1794, .T. ) ;
#2176 = VERTEX_POINT ( 'NONE', #2139 ) ;
#2177 = CYLINDRICAL_SURFACE ( 'NONE', #1609, 1.500000000000000444 ) ;
#2178 = ORIENTED_EDGE ( 'NONE', *, *, #1439, .T. ) ;
#2179 = CARTESIAN_POINT ( 'NONE',  ( 7.500000000000007105, 67.00000000000000000, 3.000000000000002665 ) ) ;
#2180 = ADVANCED_FACE ( 'NONE', ( #1602 ), #1774, .F. ) ;
#2181 = EDGE_CURVE ( 'NONE', #154, #1605, #1743, .T. ) ;
#2182 = FACE_OUTER_BOUND ( 'NONE', #1233, .T. ) ;
#2183 = EDGE_CURVE ( 'NONE', #638, #322, #1042, .T. ) ;
#2184 = ORIENTED_EDGE ( 'NONE', *, *, #843, .F. ) ;
#2185 = DIRECTION ( 'NONE',  ( 0.000000000000000000, 0.000000000000000000, 1.000000000000000000 ) ) ;
#2186 = PLANE ( 'NONE',  #135 ) ;
#2187 = VERTEX_POINT ( 'NONE', #1943 ) ;
#2188 = DIRECTION ( 'NONE',  ( 0.000000000000000000, 0.000000000000000000, 1.000000000000000000 ) ) ;
#2189 = AXIS2_PLACEMENT_3D ( 'NONE', #872, #1585, #703 ) ;
#2190 = VERTEX_POINT ( 'NONE', #1568 ) ;
#2191 = DIRECTION ( 'NONE',  ( 1.000000000000000000, 0.000000000000000000, 0.000000000000000000 ) ) ;
#2192 = AXIS2_PLACEMENT_3D ( 'NONE', #425, #1694, #1315 ) ;
#2193 = CIRCLE ( 'NONE', #1614, 1.499999999999997780 ) ;
#2194 = CIRCLE ( 'NONE', #734, 1.500000000000001332 ) ;
#2195 = CARTESIAN_POINT ( 'NONE',  ( 63.00000000000002842, 15.00000000000000000, 30.50000000000001421 ) ) ;
#2196 = CIRCLE ( 'NONE', #592, 1.500000000000001332 ) ;
#2197 = CIRCLE ( 'NONE', #588, 3.000000000000002665 ) ;
#2198 = ORIENTED_EDGE ( 'NONE', *, *, #787, .T. ) ;
#2199 = AXIS2_PLACEMENT_3D ( 'NONE', #8, #168, #1777 ) ;
#2200 = DIRECTION ( 'NONE',  ( 1.000000000000000000, 0.000000000000000000, 0.000000000000000000 ) ) ;
#2201 = EDGE_CURVE ( 'NONE', #1421, #456, #164, .T. ) ;
#2202 = PLANE ( 'NONE',  #1809 ) ;
#2203 = CIRCLE ( 'NONE', #399, 3.000000000000002665 ) ;
#2204 = VERTEX_POINT ( 'NONE', #541 ) ;
#2205 = DIRECTION ( 'NONE',  ( 0.000000000000000000, 0.000000000000000000, 1.000000000000000000 ) ) ;
#2206 = DIRECTION ( 'NONE',  ( 1.000000000000000000, 0.000000000000000000, 0.000000000000000000 ) ) ;
#2207 = VERTEX_POINT ( 'NONE', #1580 ) ;
#2208 = FACE_OUTER_BOUND ( 'NONE', #1348, .T. ) ;
#2209 = DIRECTION ( 'NONE',  ( -1.000000000000000000, 0.000000000000000000, 0.000000000000000000 ) ) ;
#2210 = EDGE_LOOP ( 'NONE', ( #161, #1644, #805, #1239 ) ) ;
#2211 = LINE ( 'NONE', #642, #913 ) ;
#2212 = EDGE_CURVE ( 'NONE', #1459, #603, #668, .T. ) ;
#2213 = ORIENTED_EDGE ( 'NONE', *, *, #909, .T. ) ;
#2214 = FACE_OUTER_BOUND ( 'NONE', #1584, .T. ) ;
#2215 = LINE ( 'NONE', #648, #773 ) ;
#2216 = DIRECTION ( 'NONE',  ( -1.000000000000000000, 0.000000000000000000, 0.000000000000000000 ) ) ;
#2217 = DIRECTION ( 'NONE',  ( 0.000000000000000000, 0.000000000000000000, 1.000000000000000000 ) ) ;
#2218 = PLANE ( 'NONE',  #2192 ) ;
#2219 = EDGE_LOOP ( 'NONE', ( #1723, #1455, #1141, #669 ) ) ;
#2220 = CARTESIAN_POINT ( 'NONE',  ( 15.00000000000000711, 15.00000000000000000, 11.00000000000000000 ) ) ;
#2221 = FACE_OUTER_BOUND ( 'NONE', #2031, .T. ) ;
#2222 = EDGE_CURVE ( 'NONE', #1524, #1518, #1426, .T. ) ;
#2223 = CARTESIAN_POINT ( 'NONE',  ( 81.50000000000000000, 55.00000000000000711, 11.00000000000000000 ) ) ;
#2224 = CARTESIAN_POINT ( 'NONE',  ( 4.500000000000000888, 67.00000000000000000, 23.00000000000000711 ) ) ;
#2225 = EDGE_CURVE ( 'NONE', #1388, #1791, #199, .T. ) ;
#2226 = VECTOR ( 'NONE', #1318, 1000.000000000000000 ) ;
#2227 = LINE ( 'NONE', #661, #1517 ) ;
#2228 = DIRECTION ( 'NONE',  ( 1.000000000000000000, -0.000000000000000000, -0.000000000000000000 ) ) ;
#2229 = AXIS2_PLACEMENT_3D ( 'NONE', #1593, #1075, #386 ) ;
#2230 = CIRCLE ( 'NONE', #1697, 1.499999999999999556 ) ;
#2231 = CIRCLE ( 'NONE', #1368, 1.499999999999999556 ) ;
#2232 = ORIENTED_EDGE ( 'NONE', *, *, #1435, .F. ) ;
#2233 = DIRECTION ( 'NONE',  ( -0.000000000000000000, -0.000000000000000000, 1.000000000000000000 ) ) ;
#2234 = CARTESIAN_POINT ( 'NONE',  ( 15.00000000000000178, 55.00000000000000000, 10.99999999999988809 ) ) ;
#2235 = CIRCLE ( 'NONE', #321, 1.500000000000001332 ) ;
#2236 = ORIENTED_EDGE ( 'NONE', *, *, #2070, .F. ) ;
#2237 = CARTESIAN_POINT ( 'NONE',  ( 4.500000000000000888, 62.49999999999998579, 38.00000000000000711 ) ) ;
#2238 = CARTESIAN_POINT ( 'NONE',  ( 80.00000000000000000, 15.00000000000000000, 10.99999999999987388 ) ) ;
#2239 = EDGE_CURVE ( 'NONE', #281, #2150, #1706, .T. ) ;
#2240 = EDGE_CURVE ( 'NONE', #1963, #1386, #1587, .T. ) ;
#2241 = DIRECTION ( 'NONE',  ( 0.000000000000000000, 0.000000000000000000, 1.000000000000000000 ) ) ;
#2242 = CARTESIAN_POINT ( 'NONE',  ( 7.500000000000000000, 3.000000000000000000, 38.00000000000000711 ) ) ;
#2243 = ORIENTED_EDGE ( 'NONE', *, *, #1281, .F. ) ;
#2244 = DIRECTION ( 'NONE',  ( -0.000000000000000000, -0.000000000000000000, 1.000000000000000000 ) ) ;
#2245 = FACE_OUTER_BOUND ( 'NONE', #589, .T. ) ;
#2246 = ORIENTED_EDGE ( 'NONE', *, *, #1184, .T. ) ;
#2247 = DIRECTION ( 'NONE',  ( 1.000000000000000000, 0.000000000000000000, 0.000000000000000000 ) ) ;
#2248 = ORIENTED_EDGE ( 'NONE', *, *, #1142, .T. ) ;
#2249 = DIRECTION ( 'NONE',  ( 0.000000000000000000, 1.000000000000000000, 0.000000000000000000 ) ) ;
#2250 = EDGE_CURVE ( 'NONE', #1408, #82, #255, .T. ) ;
#2251 = DIRECTION ( 'NONE',  ( 0.000000000000000000, 0.000000000000000000, -1.000000000000000000 ) ) ;
#2252 = ORIENTED_EDGE ( 'NONE', *, *, #367, .F. ) ;
#2253 = CARTESIAN_POINT ( 'NONE',  ( 65.50000000000002842, 15.00000000000000000, 28.00000000000001421 ) ) ;
#2254 = DIRECTION ( 'NONE',  ( 1.000000000000000000, 0.000000000000000000, 0.000000000000000000 ) ) ;
#2255 = EDGE_LOOP ( 'NONE', ( #749, #1212 ) ) ;
#2256 = CARTESIAN_POINT ( 'NONE',  ( 8.500000000000017764, 55.00000000000000000, 3.000000000000000000 ) ) ;
#2257 = ORIENTED_EDGE ( 'NONE', *, *, #605, .F. ) ;
#2258 = CARTESIAN_POINT ( 'NONE',  ( 0.000000000000000000, 3.000000000000002665, 38.00000000000000711 ) ) ;
#2259 = VECTOR ( 'NONE', #554, 1000.000000000000000 ) ;
#2260 = DIRECTION ( 'NONE',  ( 0.000000000000000000, 0.000000000000000000, 1.000000000000000000 ) ) ;
#2261 = CARTESIAN_POINT ( 'NONE',  ( 3.000000000000000000, 67.00000000000000000, 23.00000000000000711 ) ) ;
#2262 = VECTOR ( 'NONE', #696, 1000.000000000000000 ) ;
#2263 = ORIENTED_EDGE ( 'NONE', *, *, #156, .F. ) ;
#2264 = EDGE_CURVE ( 'NONE', #213, #1082, #762, .T. ) ;
#2265 = CIRCLE ( 'NONE', #548, 2.499999999999998668 ) ;
#2266 = CIRCLE ( 'NONE', #1657, 1.499999999999999556 ) ;
#2267 = LINE ( 'NONE', #884, #315 ) ;
#2268 = DIRECTION ( 'NONE',  ( 0.000000000000000000, 0.000000000000000000, -1.000000000000000000 ) ) ;
#2269 = VECTOR ( 'NONE', #1138, 1000.000000000000000 ) ;
#2270 = ORIENTED_EDGE ( 'NONE', *, *, #561, .T. ) ;
#2271 = CARTESIAN_POINT ( 'NONE',  ( 11.50000000000000000, 55.00000000000000000, 11.00000000000000000 ) ) ;
#2272 = ORIENTED_EDGE ( 'NONE', *, *, #2102, .T. ) ;
#2273 = CARTESIAN_POINT ( 'NONE',  ( 87.50000000000000000, 65.50000000000000000, 3.000000000000002665 ) ) ;
#2274 = DIRECTION ( 'NONE',  ( 0.000000000000000000, 0.000000000000000000, 1.000000000000000000 ) ) ;
#2275 = CARTESIAN_POINT ( 'NONE',  ( 4.500000000000000888, 6.000000000000000000, 3.000000000000000000 ) ) ;
#2276 = AXIS2_PLACEMENT_3D ( 'NONE', #867, #1083, #1795 ) ;
#2277 = ORIENTED_EDGE ( 'NONE', *, *, #799, .F. ) ;
#2278 = CARTESIAN_POINT ( 'NONE',  ( 95.00000000000000000, 70.00000000000000000, 38.00000000000000711 ) ) ;
#2279 = DIRECTION ( 'NONE',  ( -1.000000000000000000, 0.000000000000000000, 0.000000000000000000 ) ) ;
ENDSEC;
END-ISO-10303-21;
