ISO-10303-21;
HEADER;
FILE_DESCRIPTION (( 'STEP AP214' ),
    '1' );
FILE_NAME ('äÓî¬ÉPÅ[ÉXäW.STEP',
    '2024-10-05T17:39:59',
    ( '' ),
    ( '' ),
    'SwSTEP 2.0',
    'SolidWorks 2023',
    '' );
FILE_SCHEMA (( 'AUTOMOTIVE_DESIGN' ));
ENDSEC;

DATA;
#1 = CARTESIAN_POINT ( 'NONE',  ( 1.000000000000000000, 63.00000000000000000, 2.000000000000000000 ) ) ;
#2 = ADVANCED_FACE ( 'NONE', ( #549 ), #985, .T. ) ;
#3 = CARTESIAN_POINT ( 'NONE',  ( 3.000000000000000000, 67.00000000000000000, 0.000000000000000000 ) ) ;
#4 = EDGE_CURVE ( 'NONE', #466, #102, #1217, .T. ) ;
#5 = CARTESIAN_POINT ( 'NONE',  ( 6.000000000000001776, 69.00000000000000000, 2.000000000000000000 ) ) ;
#6 = ORIENTED_EDGE ( 'NONE', *, *, #371, .T. ) ;
#7 = DIRECTION ( 'NONE',  ( -0.000000000000000000, -0.000000000000000000, -1.000000000000000000 ) ) ;
#8 = ORIENTED_EDGE ( 'NONE', *, *, #835, .T. ) ;
#9 = CARTESIAN_POINT ( 'NONE',  ( 89.00000000000000000, 2.999999999999979128, 2.000000000000000000 ) ) ;
#10 = CARTESIAN_POINT ( 'NONE',  ( 92.00000000000000000, 67.00000000000000000, 2.000000000000000000 ) ) ;
#11 = CARTESIAN_POINT ( 'NONE',  ( 90.34999999999999432, 3.000000000000000000, 0.000000000000000000 ) ) ;
#12 = EDGE_CURVE ( 'NONE', #1053, #141, #1425, .T. ) ;
#13 = DIRECTION ( 'NONE',  ( -0.000000000000000000, -0.000000000000000000, 1.000000000000000000 ) ) ;
#14 = VERTEX_POINT ( 'NONE', #784 ) ;
#15 = LINE ( 'NONE', #151, #544 ) ;
#16 = VERTEX_POINT ( 'NONE', #562 ) ;
#17 = CARTESIAN_POINT ( 'NONE',  ( 95.00000000000000000, 67.00000000000000000, 2.000000000000000000 ) ) ;
#18 = CARTESIAN_POINT ( 'NONE',  ( 0.000000000000000000, 7.000000000000000000, 5.000000000000000000 ) ) ;
#19 = AXIS2_PLACEMENT_3D ( 'NONE', #523, #762, #860 ) ;
#20 =( NAMED_UNIT ( * ) PLANE_ANGLE_UNIT ( ) SI_UNIT ( $, .RADIAN. ) );
#21 = EDGE_CURVE ( 'NONE', #466, #1288, #1009, .T. ) ;
#22 = EDGE_LOOP ( 'NONE', ( #521, #771, #1265, #1273, #1223, #368, #168, #30 ) ) ;
#23 = DIRECTION ( 'NONE',  ( 0.000000000000000000, 0.000000000000000000, 1.000000000000000000 ) ) ;
#24 = EDGE_LOOP ( 'NONE', ( #475, #386, #885, #1138 ) ) ;
#25 = DIRECTION ( 'NONE',  ( 1.000000000000000000, 0.000000000000000000, 0.000000000000000000 ) ) ;
#26 = AXIS2_PLACEMENT_3D ( 'NONE', #1304, #289, #51 ) ;
#27 = AXIS2_PLACEMENT_3D ( 'NONE', #1401, #1178, #623 ) ;
#28 = PLANE ( 'NONE',  #467 ) ;
#29 = VERTEX_POINT ( 'NONE', #792 ) ;
#30 = ORIENTED_EDGE ( 'NONE', *, *, #325, .T. ) ;
#31 = EDGE_CURVE ( 'NONE', #955, #110, #1317, .T. ) ;
#32 = DIRECTION ( 'NONE',  ( 0.000000000000000000, -0.000000000000000000, -1.000000000000000000 ) ) ;
#33 = DIRECTION ( 'NONE',  ( 0.000000000000000000, 0.000000000000000000, 1.000000000000000000 ) ) ;
#34 = VECTOR ( 'NONE', #947, 1000.000000000000000 ) ;
#35 = EDGE_LOOP ( 'NONE', ( #1228, #1384, #1438, #527 ) ) ;
#36 = DIRECTION ( 'NONE',  ( 1.000000000000000000, 0.000000000000000000, 0.000000000000000000 ) ) ;
#37 = CARTESIAN_POINT ( 'NONE',  ( 92.00000000000000000, 67.00000000000000000, 0.000000000000000000 ) ) ;
#38 = FACE_OUTER_BOUND ( 'NONE', #830, .T. ) ;
#39 = ORIENTED_EDGE ( 'NONE', *, *, #970, .T. ) ;
#40 = CARTESIAN_POINT ( 'NONE',  ( 95.00000000000000000, 7.000000000000005329, 2.000000000000000000 ) ) ;
#41 =( NAMED_UNIT ( * ) SI_UNIT ( $, .STERADIAN. ) SOLID_ANGLE_UNIT ( ) );
#42 = PRODUCT_RELATED_PRODUCT_CATEGORY ( 'part', '', ( #460 ) ) ;
#43 = EDGE_CURVE ( 'NONE', #763, #1388, #1431, .T. ) ;
#44 = AXIS2_PLACEMENT_3D ( 'NONE', #582, #1261, #455 ) ;
#45 = AXIS2_PLACEMENT_3D ( 'NONE', #669, #1111, #1005 ) ;
#46 = CARTESIAN_POINT ( 'NONE',  ( 4.649999999999999467, 67.00000000000000000, 0.000000000000000000 ) ) ;
#47 = AXIS2_PLACEMENT_3D ( 'NONE', #1247, #138, #583 ) ;
#48 = ORIENTED_EDGE ( 'NONE', *, *, #1335, .T. ) ;
#49 = CARTESIAN_POINT ( 'NONE',  ( 0.000000000000000000, 0.000000000000000000, 2.000000000000000000 ) ) ;
#50 = DIRECTION ( 'NONE',  ( 1.000000000000000000, 0.000000000000000000, 0.000000000000000000 ) ) ;
#51 = DIRECTION ( 'NONE',  ( -1.000000000000000000, 0.000000000000000000, 0.000000000000000000 ) ) ;
#52 = CARTESIAN_POINT ( 'NONE',  ( 92.00000000000000000, 70.00000000000000000, 2.000000000000000000 ) ) ;
#53 = CYLINDRICAL_SURFACE ( 'NONE', #726, 3.000000000000002665 ) ;
#54 = VERTEX_POINT ( 'NONE', #570 ) ;
#55 = LINE ( 'NONE', #615, #1067 ) ;
#56 = DIRECTION ( 'NONE',  ( -0.000000000000000000, -0.000000000000000000, -1.000000000000000000 ) ) ;
#57 = EDGE_LOOP ( 'NONE', ( #1191, #508, #818, #363 ) ) ;
#58 = CARTESIAN_POINT ( 'NONE',  ( 7.000000000000001776, 69.00000000000000000, 5.000000000000000000 ) ) ;
#59 = DIRECTION ( 'NONE',  ( -1.000000000000000000, 0.000000000000000000, 0.000000000000000000 ) ) ;
#60 = AXIS2_PLACEMENT_3D ( 'NONE', #3, #1011, #668 ) ;
#61 = EDGE_CURVE ( 'NONE', #110, #345, #1043, .T. ) ;
#62 = ORIENTED_EDGE ( 'NONE', *, *, #1134, .T. ) ;
#63 = CARTESIAN_POINT ( 'NONE',  ( 90.34999999999999432, 67.00000000000000000, 0.000000000000000000 ) ) ;
#64 = DIRECTION ( 'NONE',  ( 0.000000000000000000, 0.000000000000000000, -1.000000000000000000 ) ) ;
#65 = ORIENTED_EDGE ( 'NONE', *, *, #861, .F. ) ;
#66 = CYLINDRICAL_SURFACE ( 'NONE', #891, 1.649999999999999467 ) ;
#67 = VECTOR ( 'NONE', #375, 1000.000000000000000 ) ;
#68 = DIRECTION ( 'NONE',  ( 0.000000000000000000, 0.000000000000000000, -1.000000000000000000 ) ) ;
#69 = CIRCLE ( 'NONE', #587, 1.649999999999998579 ) ;
#70 = ORIENTED_EDGE ( 'NONE', *, *, #61, .T. ) ;
#71 = CARTESIAN_POINT ( 'NONE',  ( 92.00000000000000000, 67.00000000000000000, 0.000000000000000000 ) ) ;
#72 = ADVANCED_FACE ( 'NONE', ( #1439 ), #310, .T. ) ;
#73 = EDGE_LOOP ( 'NONE', ( #575, #1395, #92, #323, #984, #1056, #1037, #824 ) ) ;
#74 = DIRECTION ( 'NONE',  ( -0.000000000000000000, 0.000000000000000000, 1.000000000000000000 ) ) ;
#75 = CARTESIAN_POINT ( 'NONE',  ( 3.000000000000000000, 64.00000000000000000, 2.000000000000000000 ) ) ;
#76 = DIRECTION ( 'NONE',  ( 1.000000000000000000, 0.000000000000000000, 0.000000000000000000 ) ) ;
#77 = ORIENTED_EDGE ( 'NONE', *, *, #610, .T. ) ;
#78 = CARTESIAN_POINT ( 'NONE',  ( 3.000000000000000000, 3.000000000000000000, 5.000000000000000000 ) ) ;
#79 = VERTEX_POINT ( 'NONE', #111 ) ;
#80 = ORIENTED_EDGE ( 'NONE', *, *, #1071, .T. ) ;
#81 = EDGE_CURVE ( 'NONE', #1019, #85, #674, .T. ) ;
#82 = DIRECTION ( 'NONE',  ( -0.000000000000000000, 0.000000000000000000, 1.000000000000000000 ) ) ;
#83 = ORIENTED_EDGE ( 'NONE', *, *, #1272, .T. ) ;
#84 = DIRECTION ( 'NONE',  ( 0.000000000000000000, 0.000000000000000000, -1.000000000000000000 ) ) ;
#85 = VERTEX_POINT ( 'NONE', #1419 ) ;
#86 = DIRECTION ( 'NONE',  ( 0.000000000000000000, 0.000000000000000000, -1.000000000000000000 ) ) ;
#87 = FACE_OUTER_BOUND ( 'NONE', #995, .T. ) ;
#88 = FACE_OUTER_BOUND ( 'NONE', #340, .T. ) ;
#89 = CLOSED_SHELL ( 'NONE', ( #715, #933, #1049, #305, #1040, #756, #468, #431, #211, #130, #1027, #253, #1144, #1385, #855, #1115, #365, #543, #948, #396, #202, #1001, #404, #512, #1116, #486, #663, #710, #1379, #779, #2, #1361, #476, #231, #1018, #1377, #1182, #1297, #90, #787, #572, #72 ) ) ;
#90 = ADVANCED_FACE ( 'NONE', ( #998 ), #1310, .T. ) ;
#91 = CIRCLE ( 'NONE', #1348, 1.649999999999999467 ) ;
#92 = ORIENTED_EDGE ( 'NONE', *, *, #123, .F. ) ;
#93 = DIRECTION ( 'NONE',  ( -0.000000000000000000, -0.000000000000000000, 1.000000000000000000 ) ) ;
#94 = AXIS2_PLACEMENT_3D ( 'NONE', #207, #322, #772 ) ;
#95 = ORIENTED_EDGE ( 'NONE', *, *, #245, .F. ) ;
#96 = CARTESIAN_POINT ( 'NONE',  ( 1.350000000000000755, 67.00000000000000000, 2.000000000000000000 ) ) ;
#97 = DIRECTION ( 'NONE',  ( 1.000000000000000000, 0.000000000000000000, 0.000000000000000000 ) ) ;
#98 = LINE ( 'NONE', #987, #631 ) ;
#99 = EDGE_CURVE ( 'NONE', #1200, #274, #536, .T. ) ;
#100 = VERTEX_POINT ( 'NONE', #1201 ) ;
#101 = DIRECTION ( 'NONE',  ( -0.000000000000000000, -0.000000000000000000, -1.000000000000000000 ) ) ;
#102 = VERTEX_POINT ( 'NONE', #652 ) ;
#103 = DIRECTION ( 'NONE',  ( 0.000000000000000000, 0.000000000000000000, -1.000000000000000000 ) ) ;
#104 = DIRECTION ( 'NONE',  ( 1.000000000000000000, 0.000000000000000000, 0.000000000000000000 ) ) ;
#105 = VERTEX_POINT ( 'NONE', #449 ) ;
#106 = EDGE_CURVE ( 'NONE', #1086, #1156, #155, .T. ) ;
#107 = EDGE_CURVE ( 'NONE', #14, #680, #333, .T. ) ;
#108 = DIRECTION ( 'NONE',  ( -1.000000000000000000, 0.000000000000000000, 0.000000000000000000 ) ) ;
#109 = AXIS2_PLACEMENT_3D ( 'NONE', #172, #531, #625 ) ;
#110 = VERTEX_POINT ( 'NONE', #96 ) ;
#111 = CARTESIAN_POINT ( 'NONE',  ( 95.00000000000000000, 7.000000000000005329, 5.000000000000000000 ) ) ;
#112 = CARTESIAN_POINT ( 'NONE',  ( 92.00000000000000000, 67.00000000000000000, 2.000000000000000000 ) ) ;
#113 = LINE ( 'NONE', #244, #769 ) ;
#114 = VERTEX_POINT ( 'NONE', #661 ) ;
#115 = VECTOR ( 'NONE', #120, 1000.000000000000000 ) ;
#116 = CYLINDRICAL_SURFACE ( 'NONE', #1301, 1.000000000000000000 ) ;
#117 = CIRCLE ( 'NONE', #936, 1.649999999999999467 ) ;
#118 = AXIS2_PLACEMENT_3D ( 'NONE', #400, #737, #770 ) ;
#119 = VERTEX_POINT ( 'NONE', #775 ) ;
#120 = DIRECTION ( 'NONE',  ( -0.000000000000000000, -0.000000000000000000, 1.000000000000000000 ) ) ;
#121 = CARTESIAN_POINT ( 'NONE',  ( 0.000000000000000000, 70.00000000000000000, 0.000000000000000000 ) ) ;
#122 = CIRCLE ( 'NONE', #1394, 1.000000000000000000 ) ;
#123 = EDGE_CURVE ( 'NONE', #1380, #248, #1210, .T. ) ;
#124 = LINE ( 'NONE', #1003, #580 ) ;
#125 = ORIENTED_EDGE ( 'NONE', *, *, #829, .F. ) ;
#126 = DIRECTION ( 'NONE',  ( 1.000000000000000000, 0.000000000000000000, 0.000000000000000000 ) ) ;
#127 = ORIENTED_EDGE ( 'NONE', *, *, #298, .T. ) ;
#128 = CARTESIAN_POINT ( 'NONE',  ( 1.350000000000000311, 3.000000000000000000, 0.000000000000000000 ) ) ;
#129 = CARTESIAN_POINT ( 'NONE',  ( 92.00000000000000000, 3.000000000000000000, 0.000000000000000000 ) ) ;
#130 = ADVANCED_FACE ( 'NONE', ( #700 ), #137, .F. ) ;
#131 = ORIENTED_EDGE ( 'NONE', *, *, #808, .T. ) ;
#132 = ORIENTED_EDGE ( 'NONE', *, *, #1413, .F. ) ;
#133 = DIRECTION ( 'NONE',  ( -0.000000000000000000, -0.000000000000000000, -1.000000000000000000 ) ) ;
#134 = CYLINDRICAL_SURFACE ( 'NONE', #975, 1.649999999999998579 ) ;
#135 = ORIENTED_EDGE ( 'NONE', *, *, #1307, .F. ) ;
#136 = VERTEX_POINT ( 'NONE', #1015 ) ;
#137 = CYLINDRICAL_SURFACE ( 'NONE', #538, 2.999999999999988898 ) ;
#138 = DIRECTION ( 'NONE',  ( 0.000000000000000000, 0.000000000000000000, 1.000000000000000000 ) ) ;
#139 = VECTOR ( 'NONE', #1295, 1000.000000000000000 ) ;
#140 = AXIS2_PLACEMENT_3D ( 'NONE', #359, #370, #1242 ) ;
#141 = VERTEX_POINT ( 'NONE', #17 ) ;
#142 = EDGE_CURVE ( 'NONE', #1338, #446, #705, .T. ) ;
#143 = VERTEX_POINT ( 'NONE', #472 ) ;
#144 = FACE_OUTER_BOUND ( 'NONE', #997, .T. ) ;
#145 = CARTESIAN_POINT ( 'NONE',  ( 0.000000000000000000, 64.00000000000000000, 5.000000000000000000 ) ) ;
#146 = PLANE ( 'NONE',  #918 ) ;
#147 = VERTEX_POINT ( 'NONE', #348 ) ;
#148 = CARTESIAN_POINT ( 'NONE',  ( 6.000000000000001776, 69.00000000000000000, 2.000000000000000000 ) ) ;
#149 = FACE_OUTER_BOUND ( 'NONE', #73, .T. ) ;
#150 = EDGE_CURVE ( 'NONE', #316, #482, #484, .T. ) ;
#151 = CARTESIAN_POINT ( 'NONE',  ( 94.00000000000000000, 64.00000000000001421, 2.000000000000000000 ) ) ;
#152 = ORIENTED_EDGE ( 'NONE', *, *, #645, .F. ) ;
#153 = CARTESIAN_POINT ( 'NONE',  ( 92.00000000000000000, 0.000000000000000000, 0.000000000000000000 ) ) ;
#154 = CARTESIAN_POINT ( 'NONE',  ( 1.350000000000000755, 67.00000000000000000, 0.000000000000000000 ) ) ;
#155 = CIRCLE ( 'NONE', #973, 3.000000000000000888 ) ;
#156 = ORIENTED_EDGE ( 'NONE', *, *, #158, .F. ) ;
#157 = VECTOR ( 'NONE', #1237, 1000.000000000000000 ) ;
#158 = EDGE_CURVE ( 'NONE', #446, #161, #801, .T. ) ;
#159 = CIRCLE ( 'NONE', #937, 1.000000000000000888 ) ;
#160 = CARTESIAN_POINT ( 'NONE',  ( 92.00000000000000000, 3.000000000000000000, 2.000000000000000000 ) ) ;
#161 = VERTEX_POINT ( 'NONE', #463 ) ;
#162 = CARTESIAN_POINT ( 'NONE',  ( 0.000000000000000000, 7.000000000000000000, 5.000000000000000000 ) ) ;
#163 = CARTESIAN_POINT ( 'NONE',  ( 88.00000000000001421, 69.00000000000000000, 2.000000000000000000 ) ) ;
#164 = ORIENTED_EDGE ( 'NONE', *, *, #1034, .T. ) ;
#165 = DIRECTION ( 'NONE',  ( -0.000000000000000000, -0.000000000000000000, 1.000000000000000000 ) ) ;
#166 = EDGE_CURVE ( 'NONE', #1380, #1221, #589, .T. ) ;
#167 = DIRECTION ( 'NONE',  ( 0.000000000000000000, 0.000000000000000000, 1.000000000000000000 ) ) ;
#168 = ORIENTED_EDGE ( 'NONE', *, *, #1307, .T. ) ;
#169 = CARTESIAN_POINT ( 'NONE',  ( 92.00000000000000000, 70.00000000000000000, 5.000000000000000000 ) ) ;
#170 = DIRECTION ( 'NONE',  ( 1.000000000000000000, 0.000000000000000000, 0.000000000000000000 ) ) ;
#171 = ORIENTED_EDGE ( 'NONE', *, *, #315, .T. ) ;
#172 = CARTESIAN_POINT ( 'NONE',  ( 92.00000000000000000, 67.00000000000000000, 0.000000000000000000 ) ) ;
#173 = ORIENTED_EDGE ( 'NONE', *, *, #942, .F. ) ;
#174 = AXIS2_PLACEMENT_3D ( 'NONE', #319, #1296, #59 ) ;
#175 = ORIENTED_EDGE ( 'NONE', *, *, #31, .F. ) ;
#176 = DIRECTION ( 'NONE',  ( -1.000000000000000000, 0.000000000000000000, 0.000000000000000000 ) ) ;
#177 = CARTESIAN_POINT ( 'NONE',  ( 3.000000000000000000, 67.00000000000000000, 0.000000000000000000 ) ) ;
#178 = AXIS2_PLACEMENT_3D ( 'NONE', #223, #866, #557 ) ;
#179 = LINE ( 'NONE', #75, #1209 ) ;
#180 = DIRECTION ( 'NONE',  ( 1.000000000000000000, 0.000000000000000000, 0.000000000000000000 ) ) ;
#181 = VECTOR ( 'NONE', #1152, 1000.000000000000000 ) ;
#182 = AXIS2_PLACEMENT_3D ( 'NONE', #852, #64, #1072 ) ;
#183 = ORIENTED_EDGE ( 'NONE', *, *, #269, .F. ) ;
#184 = DIRECTION ( 'NONE',  ( -0.000000000000000000, -0.000000000000000000, 1.000000000000000000 ) ) ;
#185 = ORIENTED_EDGE ( 'NONE', *, *, #298, .F. ) ;
#186 = ORIENTED_EDGE ( 'NONE', *, *, #61, .F. ) ;
#187 = CARTESIAN_POINT ( 'NONE',  ( 3.000000000000000000, 3.000000000000000000, 0.000000000000000000 ) ) ;
#188 = CARTESIAN_POINT ( 'NONE',  ( 1.000000000000000000, 6.000000000000000000, 2.000000000000000000 ) ) ;
#189 = DIRECTION ( 'NONE',  ( 1.000000000000000000, 0.000000000000000000, 0.000000000000000000 ) ) ;
#190 = ORIENTED_EDGE ( 'NONE', *, *, #1334, .T. ) ;
#191 = CARTESIAN_POINT ( 'NONE',  ( 92.00000000000000000, 3.000000000000000000, 2.000000000000000000 ) ) ;
#192 = EDGE_CURVE ( 'NONE', #16, #264, #912, .T. ) ;
#193 = ORIENTED_EDGE ( 'NONE', *, *, #828, .T. ) ;
#194 = CARTESIAN_POINT ( 'NONE',  ( 1.000000000000000000, 63.00000000000000000, 5.000000000000000000 ) ) ;
#195 = EDGE_CURVE ( 'NONE', #1288, #1408, #514, .T. ) ;
#196 = CARTESIAN_POINT ( 'NONE',  ( 3.000000000000000000, 67.00000000000000000, 5.000000000000000000 ) ) ;
#197 = ORIENTED_EDGE ( 'NONE', *, *, #1404, .F. ) ;
#198 = DIRECTION ( 'NONE',  ( 1.000000000000000000, 0.000000000000000000, 0.000000000000000000 ) ) ;
#199 = ORIENTED_EDGE ( 'NONE', *, *, #1272, .F. ) ;
#200 = VERTEX_POINT ( 'NONE', #128 ) ;
#201 = DIRECTION ( 'NONE',  ( 0.000000000000000000, 1.000000000000000000, 0.000000000000000000 ) ) ;
#202 = ADVANCED_FACE ( 'NONE', ( #1038 ), #1029, .F. ) ;
#203 = DIRECTION ( 'NONE',  ( -1.000000000000000000, 0.000000000000000000, 0.000000000000000000 ) ) ;
#204 = CIRCLE ( 'NONE', #802, 1.000000000000000000 ) ;
#205 = VECTOR ( 'NONE', #996, 1000.000000000000000 ) ;
#206 = ORIENTED_EDGE ( 'NONE', *, *, #682, .T. ) ;
#207 = CARTESIAN_POINT ( 'NONE',  ( 92.00000000000000000, 67.00000000000000000, 2.000000000000000000 ) ) ;
#208 = ORIENTED_EDGE ( 'NONE', *, *, #736, .F. ) ;
#209 = CARTESIAN_POINT ( 'NONE',  ( 0.000000000000000000, 0.000000000000000000, 2.000000000000000000 ) ) ;
#210 = DIRECTION ( 'NONE',  ( -0.000000000000000000, -0.000000000000000000, 1.000000000000000000 ) ) ;
#211 = ADVANCED_FACE ( 'NONE', ( #144 ), #594, .F. ) ;
#212 = ORIENTED_EDGE ( 'NONE', *, *, #907, .F. ) ;
#213 = CARTESIAN_POINT ( 'NONE',  ( 3.000000000000000000, 3.000000000000000000, 2.000000000000000000 ) ) ;
#214 = ORIENTED_EDGE ( 'NONE', *, *, #245, .T. ) ;
#215 = ORIENTED_EDGE ( 'NONE', *, *, #344, .F. ) ;
#216 = CARTESIAN_POINT ( 'NONE',  ( 93.64999999999999147, 3.000000000000000000, 0.000000000000000000 ) ) ;
#217 = CIRCLE ( 'NONE', #740, 3.000000000000000000 ) ;
#218 = VERTEX_POINT ( 'NONE', #598 ) ;
#219 = EDGE_CURVE ( 'NONE', #114, #968, #426, .T. ) ;
#220 = CARTESIAN_POINT ( 'NONE',  ( 1.000000000000000000, 64.00000000000000000, 2.000000000000000000 ) ) ;
#221 = VECTOR ( 'NONE', #1392, 1000.000000000000000 ) ;
#222 = ORIENTED_EDGE ( 'NONE', *, *, #1150, .T. ) ;
#223 = CARTESIAN_POINT ( 'NONE',  ( 6.000000000000000000, 0.000000000000000000, 2.000000000000000000 ) ) ;
#224 = PLANE ( 'NONE',  #1255 ) ;
#225 = CARTESIAN_POINT ( 'NONE',  ( 88.00000000000000000, 0.000000000000000000, 2.000000000000000000 ) ) ;
#226 = LINE ( 'NONE', #702, #539 ) ;
#227 = VECTOR ( 'NONE', #944, 1000.000000000000000 ) ;
#228 = ORIENTED_EDGE ( 'NONE', *, *, #848, .T. ) ;
#229 = CARTESIAN_POINT ( 'NONE',  ( 4.649999999999999467, 3.000000000000000000, 0.000000000000000000 ) ) ;
#230 = VECTOR ( 'NONE', #528, 1000.000000000000000 ) ;
#231 = ADVANCED_FACE ( 'NONE', ( #825 ), #903, .F. ) ;
#232 = VECTOR ( 'NONE', #1175, 1000.000000000000000 ) ;
#233 = EDGE_CURVE ( 'NONE', #1205, #649, #694, .T. ) ;
#234 = EDGE_LOOP ( 'NONE', ( #585, #1238, #887, #6 ) ) ;
#235 = DIRECTION ( 'NONE',  ( 1.000000000000000000, 0.000000000000000000, 0.000000000000000000 ) ) ;
#236 = SURFACE_STYLE_FILL_AREA ( #250 ) ;
#237 = VECTOR ( 'NONE', #300, 1000.000000000000000 ) ;
#238 = LINE ( 'NONE', #559, #1184 ) ;
#239 = VERTEX_POINT ( 'NONE', #364 ) ;
#240 = DIRECTION ( 'NONE',  ( -0.000000000000000000, -0.000000000000000000, 1.000000000000000000 ) ) ;
#241 = ORIENTED_EDGE ( 'NONE', *, *, #520, .T. ) ;
#242 = DIRECTION ( 'NONE',  ( 0.000000000000000000, -1.000000000000000000, 0.000000000000000000 ) ) ;
#243 = FACE_OUTER_BOUND ( 'NONE', #256, .T. ) ;
#244 = CARTESIAN_POINT ( 'NONE',  ( 0.000000000000000000, 70.00000000000000000, 2.000000000000000000 ) ) ;
#245 = EDGE_CURVE ( 'NONE', #684, #1156, #815, .T. ) ;
#246 = LINE ( 'NONE', #474, #778 ) ;
#247 = ORIENTED_EDGE ( 'NONE', *, *, #107, .F. ) ;
#248 = VERTEX_POINT ( 'NONE', #693 ) ;
#249 = DIRECTION ( 'NONE',  ( -0.000000000000000000, -0.000000000000000000, 1.000000000000000000 ) ) ;
#250 = FILL_AREA_STYLE ('',( #1039 ) ) ;
#251 = AXIS2_PLACEMENT_3D ( 'NONE', #807, #1239, #1035 ) ;
#252 = CIRCLE ( 'NONE', #321, 3.000000000000000000 ) ;
#253 = ADVANCED_FACE ( 'NONE', ( #478 ), #1032, .F. ) ;
#254 = CARTESIAN_POINT ( 'NONE',  ( -0.000000000000000000, 6.000000000000005329, 5.000000000000000000 ) ) ;
#255 = ORIENTED_EDGE ( 'NONE', *, *, #1367, .F. ) ;
#256 = EDGE_LOOP ( 'NONE', ( #692, #1353, #173, #320 ) ) ;
#257 = DIRECTION ( 'NONE',  ( 1.000000000000000000, 0.000000000000000000, 0.000000000000000000 ) ) ;
#258 = CARTESIAN_POINT ( 'NONE',  ( 3.000000000000000000, 67.00000000000000000, 2.000000000000000000 ) ) ;
#259 = VECTOR ( 'NONE', #1381, 1000.000000000000000 ) ;
#260 = AXIS2_PLACEMENT_3D ( 'NONE', #1094, #650, #84 ) ;
#261 = CARTESIAN_POINT ( 'NONE',  ( 89.00000000000000000, 2.999999999999979128, 2.000000000000000000 ) ) ;
#262 = EDGE_CURVE ( 'NONE', #961, #699, #931, .T. ) ;
#263 = EDGE_CURVE ( 'NONE', #961, #14, #265, .T. ) ;
#264 = VERTEX_POINT ( 'NONE', #40 ) ;
#265 = LINE ( 'NONE', #1386, #227 ) ;
#266 = PLANE ( 'NONE',  #418 ) ;
#267 = CARTESIAN_POINT ( 'NONE',  ( 3.000000000000000000, 70.00000000000000000, 5.000000000000000000 ) ) ;
#268 = ORIENTED_EDGE ( 'NONE', *, *, #1090, .F. ) ;
#269 = EDGE_CURVE ( 'NONE', #362, #686, #1171, .T. ) ;
#270 = LINE ( 'NONE', #845, #1183 ) ;
#271 = CARTESIAN_POINT ( 'NONE',  ( 1.000000000000000000, 64.00000000000000000, 5.000000000000000000 ) ) ;
#272 = VERTEX_POINT ( 'NONE', #939 ) ;
#273 = LINE ( 'NONE', #1124, #738 ) ;
#274 = VERTEX_POINT ( 'NONE', #722 ) ;
#275 = DIRECTION ( 'NONE',  ( 0.000000000000000000, 0.000000000000000000, 1.000000000000000000 ) ) ;
#276 = LINE ( 'NONE', #742, #237 ) ;
#277 = EDGE_CURVE ( 'NONE', #959, #114, #55, .T. ) ;
#278 = EDGE_CURVE ( 'NONE', #79, #759, #393, .T. ) ;
#279 = ORIENTED_EDGE ( 'NONE', *, *, #942, .T. ) ;
#280 = FACE_BOUND ( 'NONE', #1406, .T. ) ;
#281 = VECTOR ( 'NONE', #334, 1000.000000000000000 ) ;
#282 =( GEOMETRIC_REPRESENTATION_CONTEXT ( 3 ) GLOBAL_UNCERTAINTY_ASSIGNED_CONTEXT ( ( #1328 ) ) GLOBAL_UNIT_ASSIGNED_CONTEXT ( ( #811, #1033, #41 ) ) REPRESENTATION_CONTEXT ( 'NONE', 'WORKASPACE' ) );
#283 = CARTESIAN_POINT ( 'NONE',  ( 0.000000000000000000, 70.00000000000000000, 2.000000000000000000 ) ) ;
#284 = VECTOR ( 'NONE', #1383, 1000.000000000000000 ) ;
#285 = ORIENTED_EDGE ( 'NONE', *, *, #106, .F. ) ;
#286 = CARTESIAN_POINT ( 'NONE',  ( 3.000000000000000000, 67.00000000000000000, 0.000000000000000000 ) ) ;
#287 = LINE ( 'NONE', #271, #804 ) ;
#288 = VERTEX_POINT ( 'NONE', #622 ) ;
#289 = DIRECTION ( 'NONE',  ( -0.000000000000000000, -0.000000000000000000, 1.000000000000000000 ) ) ;
#290 = EDGE_CURVE ( 'NONE', #356, #741, #1157, .T. ) ;
#291 = LINE ( 'NONE', #632, #232 ) ;
#292 = EDGE_LOOP ( 'NONE', ( #893, #872, #972, #185, #338, #1284, #853, #849 ) ) ;
#293 = DIRECTION ( 'NONE',  ( -0.000000000000000000, -0.000000000000000000, 1.000000000000000000 ) ) ;
#294 = ORIENTED_EDGE ( 'NONE', *, *, #307, .T. ) ;
#295 = LINE ( 'NONE', #1057, #1069 ) ;
#296 = CYLINDRICAL_SURFACE ( 'NONE', #655, 3.000000000000002665 ) ;
#297 = CARTESIAN_POINT ( 'NONE',  ( 6.000000000000001776, 69.00000000000000000, 5.000000000000000000 ) ) ;
#298 = EDGE_CURVE ( 'NONE', #982, #1028, #270, .T. ) ;
#299 = ORIENTED_EDGE ( 'NONE', *, *, #1128, .T. ) ;
#300 = DIRECTION ( 'NONE',  ( 0.000000000000000000, 0.000000000000000000, -1.000000000000000000 ) ) ;
#301 = AXIS2_PLACEMENT_3D ( 'NONE', #673, #1195, #1303 ) ;
#302 = CARTESIAN_POINT ( 'NONE',  ( 3.000000000000000000, 0.000000000000000000, 2.000000000000000000 ) ) ;
#303 = AXIS2_PLACEMENT_3D ( 'NONE', #1202, #201, #653 ) ;
#304 = CIRCLE ( 'NONE', #378, 1.000000000000000000 ) ;
#305 = ADVANCED_FACE ( 'NONE', ( #383 ), #1283, .F. ) ;
#306 = ORIENTED_EDGE ( 'NONE', *, *, #262, .T. ) ;
#307 = EDGE_CURVE ( 'NONE', #875, #573, #387, .T. ) ;
#308 = LINE ( 'NONE', #990, #1122 ) ;
#309 = ORIENTED_EDGE ( 'NONE', *, *, #1229, .F. ) ;
#310 = CYLINDRICAL_SURFACE ( 'NONE', #1254, 1.000000000000000000 ) ;
#311 = DIRECTION ( 'NONE',  ( -1.000000000000000000, 0.000000000000000000, 0.000000000000000000 ) ) ;
#312 = CARTESIAN_POINT ( 'NONE',  ( 3.000000000000000000, 67.00000000000000000, 2.000000000000000000 ) ) ;
#313 = VERTEX_POINT ( 'NONE', #605 ) ;
#314 = CARTESIAN_POINT ( 'NONE',  ( 90.34999999999999432, 3.000000000000000000, 0.000000000000000000 ) ) ;
#315 = EDGE_CURVE ( 'NONE', #1409, #288, #1373, .T. ) ;
#316 = VERTEX_POINT ( 'NONE', #153 ) ;
#317 = CARTESIAN_POINT ( 'NONE',  ( 93.64999999999999147, 67.00000000000000000, 0.000000000000000000 ) ) ;
#318 = DIRECTION ( 'NONE',  ( 1.000000000000000000, 0.000000000000000000, 0.000000000000000000 ) ) ;
#319 = CARTESIAN_POINT ( 'NONE',  ( 94.00000000000000000, 7.000000000000005329, 5.000000000000000000 ) ) ;
#320 = ORIENTED_EDGE ( 'NONE', *, *, #789, .F. ) ;
#321 = AXIS2_PLACEMENT_3D ( 'NONE', #487, #729, #380 ) ;
#322 = DIRECTION ( 'NONE',  ( -0.000000000000000000, -0.000000000000000000, -1.000000000000000000 ) ) ;
#323 = ORIENTED_EDGE ( 'NONE', *, *, #166, .T. ) ;
#324 = DIRECTION ( 'NONE',  ( 0.000000000000000000, 0.000000000000000000, 1.000000000000000000 ) ) ;
#325 = EDGE_CURVE ( 'NONE', #356, #968, #1047, .T. ) ;
#326 =( NAMED_UNIT ( * ) SI_UNIT ( $, .STERADIAN. ) SOLID_ANGLE_UNIT ( ) );
#327 = VECTOR ( 'NONE', #681, 1000.000000000000000 ) ;
#328 = AXIS2_PLACEMENT_3D ( 'NONE', #187, #1082, #1285 ) ;
#329 = EDGE_LOOP ( 'NONE', ( #621, #1402, #725, #1081 ) ) ;
#330 = CARTESIAN_POINT ( 'NONE',  ( 92.00000000000000000, 3.000000000000000000, 0.000000000000000000 ) ) ;
#331 = SHAPE_DEFINITION_REPRESENTATION ( #1226, #480 ) ;
#332 = EDGE_LOOP ( 'NONE', ( #175, #132, #790, #186 ) ) ;
#333 = LINE ( 'NONE', #896, #1435 ) ;
#334 = DIRECTION ( 'NONE',  ( 0.000000000000000000, 1.000000000000000000, 0.000000000000000000 ) ) ;
#335 = CARTESIAN_POINT ( 'NONE',  ( 3.000000000000000000, 3.000000000000000000, 2.000000000000000000 ) ) ;
#336 = EDGE_CURVE ( 'NONE', #105, #218, #836, .T. ) ;
#337 = PLANE ( 'NONE',  #720 ) ;
#338 = ORIENTED_EDGE ( 'NONE', *, *, #1264, .T. ) ;
#339 = CARTESIAN_POINT ( 'NONE',  ( 7.000000000000000000, 1.000000000000000000, 2.000000000000000000 ) ) ;
#340 = EDGE_LOOP ( 'NONE', ( #949, #814, #1198, #1260 ) ) ;
#341 = DIRECTION ( 'NONE',  ( -0.000000000000000000, -0.000000000000000000, 1.000000000000000000 ) ) ;
#342 = DIRECTION ( 'NONE',  ( 1.000000000000000000, 0.000000000000000000, 0.000000000000000000 ) ) ;
#343 = FACE_OUTER_BOUND ( 'NONE', #640, .T. ) ;
#344 = EDGE_CURVE ( 'NONE', #85, #690, #709, .T. ) ;
#345 = VERTEX_POINT ( 'NONE', #361 ) ;
#346 = DIRECTION ( 'NONE',  ( -0.000000000000000000, -0.000000000000000000, 1.000000000000000000 ) ) ;
#347 = ORIENTED_EDGE ( 'NONE', *, *, #881, .T. ) ;
#348 = CARTESIAN_POINT ( 'NONE',  ( 93.64999999999999147, 3.000000000000000000, 0.000000000000000000 ) ) ;
#349 = CARTESIAN_POINT ( 'NONE',  ( 88.00000000000001421, 70.00000000000000000, 2.000000000000000000 ) ) ;
#350 = DIRECTION ( 'NONE',  ( 0.000000000000000000, -0.000000000000000000, 1.000000000000000000 ) ) ;
#351 = VERTEX_POINT ( 'NONE', #1058 ) ;
#352 = EDGE_CURVE ( 'NONE', #1245, #844, #761, .T. ) ;
#353 = VECTOR ( 'NONE', #497, 1000.000000000000000 ) ;
#354 = CYLINDRICAL_SURFACE ( 'NONE', #251, 3.000000000000000888 ) ;
#355 = AXIS2_PLACEMENT_3D ( 'NONE', #519, #388, #1055 ) ;
#356 = VERTEX_POINT ( 'NONE', #529 ) ;
#357 = EDGE_CURVE ( 'NONE', #147, #1428, #377, .T. ) ;
#358 = DIRECTION ( 'NONE',  ( -0.000000000000000000, -0.000000000000000000, -1.000000000000000000 ) ) ;
#359 = CARTESIAN_POINT ( 'NONE',  ( 89.00000000000000000, 0.000000000000000000, 2.000000000000000000 ) ) ;
#360 = VECTOR ( 'NONE', #568, 1000.000000000000000 ) ;
#361 = CARTESIAN_POINT ( 'NONE',  ( 4.649999999999999467, 67.00000000000000000, 2.000000000000000000 ) ) ;
#362 = VERTEX_POINT ( 'NONE', #52 ) ;
#363 = ORIENTED_EDGE ( 'NONE', *, *, #835, .F. ) ;
#364 = CARTESIAN_POINT ( 'NONE',  ( 3.000000000000000000, 6.000000000000000000, 5.000000000000000000 ) ) ;
#365 = ADVANCED_FACE ( 'NONE', ( #405 ), #296, .T. ) ;
#366 = DIRECTION ( 'NONE',  ( 0.000000000000000000, 0.000000000000000000, 1.000000000000000000 ) ) ;
#367 = ORIENTED_EDGE ( 'NONE', *, *, #290, .T. ) ;
#368 = ORIENTED_EDGE ( 'NONE', *, *, #599, .T. ) ;
#369 = DIRECTION ( 'NONE',  ( -0.000000000000000000, -0.000000000000000000, 1.000000000000000000 ) ) ;
#370 = DIRECTION ( 'NONE',  ( -1.000000000000000000, 0.000000000000000000, -0.000000000000000000 ) ) ;
#371 = EDGE_CURVE ( 'NONE', #136, #143, #745, .T. ) ;
#372 = CARTESIAN_POINT ( 'NONE',  ( 0.000000000000000000, 63.00000000000000000, 2.000000000000000000 ) ) ;
#373 = VECTOR ( 'NONE', #1252, 1000.000000000000000 ) ;
#374 = ORIENTED_EDGE ( 'NONE', *, *, #554, .T. ) ;
#375 = DIRECTION ( 'NONE',  ( 0.000000000000000000, -1.000000000000000000, 0.000000000000000000 ) ) ;
#376 = CARTESIAN_POINT ( 'NONE',  ( 0.000000000000000000, 0.000000000000000000, 5.000000000000000000 ) ) ;
#377 = CIRCLE ( 'NONE', #843, 1.649999999999998579 ) ;
#378 = AXIS2_PLACEMENT_3D ( 'NONE', #439, #1215, #108 ) ;
#379 = CARTESIAN_POINT ( 'NONE',  ( 92.00000000000000000, 0.000000000000000000, 2.000000000000000000 ) ) ;
#380 = DIRECTION ( 'NONE',  ( 1.000000000000000000, 0.000000000000000000, 0.000000000000000000 ) ) ;
#381 = EDGE_CURVE ( 'NONE', #982, #1086, #179, .T. ) ;
#382 = ORIENTED_EDGE ( 'NONE', *, *, #1367, .T. ) ;
#383 = FACE_OUTER_BOUND ( 'NONE', #658, .T. ) ;
#384 = CARTESIAN_POINT ( 'NONE',  ( 6.000000000000000888, 67.00000000000000000, 5.000000000000000000 ) ) ;
#385 = EDGE_CURVE ( 'NONE', #1409, #248, #98, .T. ) ;
#386 = ORIENTED_EDGE ( 'NONE', *, *, #4, .F. ) ;
#387 = LINE ( 'NONE', #63, #1365 ) ;
#388 = DIRECTION ( 'NONE',  ( 0.000000000000000000, 0.000000000000000000, -1.000000000000000000 ) ) ;
#389 = VERTEX_POINT ( 'NONE', #916 ) ;
#390 = LINE ( 'NONE', #1375, #586 ) ;
#391 = CARTESIAN_POINT ( 'NONE',  ( 3.000000000000000000, 3.000000000000000000, 2.000000000000000000 ) ) ;
#392 = ORIENTED_EDGE ( 'NONE', *, *, #1071, .F. ) ;
#393 = LINE ( 'NONE', #500, #1023 ) ;
#394 = DIRECTION ( 'NONE',  ( -0.000000000000000000, -0.000000000000000000, -1.000000000000000000 ) ) ;
#395 = AXIS2_PLACEMENT_3D ( 'NONE', #799, #358, #235 ) ;
#396 = ADVANCED_FACE ( 'NONE', ( #906 ), #1341, .F. ) ;
#397 = ORIENTED_EDGE ( 'NONE', *, *, #828, .F. ) ;
#398 = CARTESIAN_POINT ( 'NONE',  ( 90.34999999999999432, 67.00000000000000000, 2.000000000000000000 ) ) ;
#399 = VECTOR ( 'NONE', #638, 1000.000000000000000 ) ;
#400 = CARTESIAN_POINT ( 'NONE',  ( 88.00000000000000000, 1.000000000000000000, 5.000000000000000000 ) ) ;
#401 = ORIENTED_EDGE ( 'NONE', *, *, #1430, .F. ) ;
#402 = CARTESIAN_POINT ( 'NONE',  ( 92.00000000000000000, 64.00000000000001421, 2.000000000000000000 ) ) ;
#403 = EDGE_LOOP ( 'NONE', ( #306, #1179, #247, #627 ) ) ;
#404 = ADVANCED_FACE ( 'NONE', ( #343, #812 ), #337, .T. ) ;
#405 = FACE_OUTER_BOUND ( 'NONE', #721, .T. ) ;
#406 = PLANE ( 'NONE',  #19 ) ;
#407 = ORIENTED_EDGE ( 'NONE', *, *, #1083, .F. ) ;
#408 = CYLINDRICAL_SURFACE ( 'NONE', #724, 1.649999999999999467 ) ;
#409 = EDGE_LOOP ( 'NONE', ( #553, #438, #920, #765, #1149, #1131, #1008, #1329 ) ) ;
#410 = PLANE ( 'NONE',  #1393 ) ;
#411 = CYLINDRICAL_SURFACE ( 'NONE', #908, 1.000000000000000000 ) ;
#412 = ORIENTED_EDGE ( 'NONE', *, *, #1286, .T. ) ;
#413 = FACE_OUTER_BOUND ( 'NONE', #57, .T. ) ;
#414 = ORIENTED_EDGE ( 'NONE', *, *, #981, .T. ) ;
#415 = ORIENTED_EDGE ( 'NONE', *, *, #1258, .F. ) ;
#416 = DIRECTION ( 'NONE',  ( 0.000000000000000000, 0.000000000000000000, 1.000000000000000000 ) ) ;
#417 = VECTOR ( 'NONE', #1233, 1000.000000000000000 ) ;
#418 = AXIS2_PLACEMENT_3D ( 'NONE', #1369, #717, #366 ) ;
#419 = CARTESIAN_POINT ( 'NONE',  ( 7.000000000000001776, 70.00000000000000000, 5.000000000000000000 ) ) ;
#420 = PRESENTATION_LAYER_ASSIGNMENT (  '', '', ( #1044 ) ) ;
#421 = AXIS2_PLACEMENT_3D ( 'NONE', #1087, #863, #1222 ) ;
#422 = EDGE_CURVE ( 'NONE', #200, #1194, #794, .T. ) ;
#423 = ORIENTED_EDGE ( 'NONE', *, *, #747, .T. ) ;
#424 = LINE ( 'NONE', #314, #360 ) ;
#425 = ORIENTED_EDGE ( 'NONE', *, *, #898, .T. ) ;
#426 = LINE ( 'NONE', #576, #1231 ) ;
#427 = DIRECTION ( 'NONE',  ( 0.000000000000000000, 0.000000000000000000, 1.000000000000000000 ) ) ;
#428 = FACE_OUTER_BOUND ( 'NONE', #1434, .T. ) ;
#429 = ORIENTED_EDGE ( 'NONE', *, *, #829, .T. ) ;
#430 = EDGE_CURVE ( 'NONE', #102, #624, #238, .T. ) ;
#431 = ADVANCED_FACE ( 'NONE', ( #1433 ), #444, .F. ) ;
#432 = LINE ( 'NONE', #880, #205 ) ;
#433 = EDGE_LOOP ( 'NONE', ( #127, #614, #1250, #865 ) ) ;
#434 = DIRECTION ( 'NONE',  ( 0.000000000000000000, -1.000000000000000000, 0.000000000000000000 ) ) ;
#435 = DIRECTION ( 'NONE',  ( 1.000000000000000000, 0.000000000000000000, 0.000000000000000000 ) ) ;
#436 =( LENGTH_UNIT ( ) NAMED_UNIT ( * ) SI_UNIT ( .MILLI., .METRE. ) );
#437 = VECTOR ( 'NONE', #82, 1000.000000000000000 ) ;
#438 = ORIENTED_EDGE ( 'NONE', *, *, #1060, .T. ) ;
#439 = CARTESIAN_POINT ( 'NONE',  ( 1.000000000000000000, 7.000000000000000000, 5.000000000000000000 ) ) ;
#440 = EDGE_LOOP ( 'NONE', ( #135, #798, #857, #822 ) ) ;
#441 = CARTESIAN_POINT ( 'NONE',  ( 3.000000000000000000, 67.00000000000000000, 5.000000000000000000 ) ) ;
#442 = DIRECTION ( 'NONE',  ( 1.000000000000000000, 0.000000000000000000, 0.000000000000000000 ) ) ;
#443 = VECTOR ( 'NONE', #766, 1000.000000000000000 ) ;
#444 = PLANE ( 'NONE',  #45 ) ;
#445 = AXIS2_PLACEMENT_3D ( 'NONE', #1293, #394, #170 ) ;
#446 = VERTEX_POINT ( 'NONE', #5 ) ;
#447 = PLANE ( 'NONE',  #260 ) ;
#448 = ORIENTED_EDGE ( 'NONE', *, *, #635, .F. ) ;
#449 = CARTESIAN_POINT ( 'NONE',  ( 94.00000000000000000, 6.000000000000005329, 2.000000000000000000 ) ) ;
#450 = CARTESIAN_POINT ( 'NONE',  ( 95.00000000000000000, 0.000000000000000000, 0.000000000000000000 ) ) ;
#451 = EDGE_CURVE ( 'NONE', #54, #690, #226, .T. ) ;
#452 = ORIENTED_EDGE ( 'NONE', *, *, #219, .T. ) ;
#453 = CARTESIAN_POINT ( 'NONE',  ( 92.00000000000000000, 3.000000000000000000, 5.000000000000000000 ) ) ;
#454 = EDGE_LOOP ( 'NONE', ( #629, #1125, #489, #1216 ) ) ;
#455 = DIRECTION ( 'NONE',  ( -1.000000000000000000, 0.000000000000000000, -0.000000000000000000 ) ) ;
#456 = DIRECTION ( 'NONE',  ( -1.000000000000000000, -0.000000000000000000, -0.000000000000000000 ) ) ;
#457 = EDGE_CURVE ( 'NONE', #1408, #482, #390, .T. ) ;
#458 = ORIENTED_EDGE ( 'NONE', *, *, #682, .F. ) ;
#459 = DIRECTION ( 'NONE',  ( -1.000000000000000000, 0.000000000000000000, 0.000000000000000000 ) ) ;
#460 = PRODUCT ( '\X2\57fa677f30b130fc30b984cb\X0\', '\X2\57fa677f30b130fc30b984cb\X0\', '', ( #773 ) ) ;
#461 = AXIS2_PLACEMENT_3D ( 'NONE', #1120, #23, #1078 ) ;
#462 = ORIENTED_EDGE ( 'NONE', *, *, #1079, .F. ) ;
#463 = CARTESIAN_POINT ( 'NONE',  ( 7.000000000000001776, 70.00000000000000000, 2.000000000000000000 ) ) ;
#464 = LINE ( 'NONE', #821, #1163 ) ;
#465 = VECTOR ( 'NONE', #950, 1000.000000000000000 ) ;
#466 = VERTEX_POINT ( 'NONE', #261 ) ;
#467 = AXIS2_PLACEMENT_3D ( 'NONE', #612, #481, #1051 ) ;
#468 = ADVANCED_FACE ( 'NONE', ( #934 ), #266, .F. ) ;
#469 = AXIS2_PLACEMENT_3D ( 'NONE', #713, #184, #1158 ) ;
#470 = CIRCLE ( 'NONE', #1068, 1.000000000000000000 ) ;
#471 = EDGE_LOOP ( 'NONE', ( #879, #429, #882, #499 ) ) ;
#472 = CARTESIAN_POINT ( 'NONE',  ( 89.00000000000001421, 66.99999999999997158, 5.000000000000000000 ) ) ;
#473 = LINE ( 'NONE', #590, #1371 ) ;
#474 = CARTESIAN_POINT ( 'NONE',  ( 89.00000000000001421, 0.000000000000000000, 2.000000000000000000 ) ) ;
#475 = ORIENTED_EDGE ( 'NONE', *, *, #1368, .T. ) ;
#476 = ADVANCED_FACE ( 'NONE', ( #1136 ), #28, .T. ) ;
#477 = ORIENTED_EDGE ( 'NONE', *, *, #357, .F. ) ;
#478 = FACE_OUTER_BOUND ( 'NONE', #24, .T. ) ;
#479 = DIRECTION ( 'NONE',  ( 0.000000000000000000, 0.000000000000000000, -1.000000000000000000 ) ) ;
#480 = ADVANCED_BREP_SHAPE_REPRESENTATION ( '\X2\57fa677f30b130fc30b984cb\X0\', ( #735, #461 ), #600 ) ;
#481 = DIRECTION ( 'NONE',  ( 1.000000000000000000, 0.000000000000000000, 0.000000000000000000 ) ) ;
#482 = VERTEX_POINT ( 'NONE', #379 ) ;
#483 = ORIENTED_EDGE ( 'NONE', *, *, #81, .T. ) ;
#484 = LINE ( 'NONE', #820, #327 ) ;
#485 = CARTESIAN_POINT ( 'NONE',  ( 0.000000000000000000, 6.000000000000000000, 5.000000000000000000 ) ) ;
#486 = ADVANCED_FACE ( 'NONE', ( #1025, #707 ), #1154, .T. ) ;
#487 = CARTESIAN_POINT ( 'NONE',  ( 3.000000000000000000, 3.000000000000000000, 2.000000000000000000 ) ) ;
#488 = VECTOR ( 'NONE', #434, 1000.000000000000000 ) ;
#489 = ORIENTED_EDGE ( 'NONE', *, *, #881, .F. ) ;
#490 = DIRECTION ( 'NONE',  ( -0.000000000000000000, -1.000000000000000000, -0.000000000000000000 ) ) ;
#491 = FACE_OUTER_BOUND ( 'NONE', #471, .T. ) ;
#492 = CIRCLE ( 'NONE', #676, 2.999999999999988898 ) ;
#493 = VECTOR ( 'NONE', #1436, 1000.000000000000000 ) ;
#494 = EDGE_CURVE ( 'NONE', #136, #696, #246, .T. ) ;
#495 = EDGE_CURVE ( 'NONE', #1388, #218, #817, .T. ) ;
#496 = DIRECTION ( 'NONE',  ( 0.000000000000000000, 0.000000000000000000, 1.000000000000000000 ) ) ;
#497 = DIRECTION ( 'NONE',  ( 0.000000000000000000, -0.000000000000000000, -1.000000000000000000 ) ) ;
#498 = ORIENTED_EDGE ( 'NONE', *, *, #898, .F. ) ;
#499 = ORIENTED_EDGE ( 'NONE', *, *, #4, .T. ) ;
#500 = CARTESIAN_POINT ( 'NONE',  ( 95.00000000000000000, 0.000000000000000000, 5.000000000000000000 ) ) ;
#501 = CARTESIAN_POINT ( 'NONE',  ( 89.00000000000000000, 1.000000000000000000, 2.000000000000000000 ) ) ;
#502 = ORIENTED_EDGE ( 'NONE', *, *, #1276, .T. ) ;
#503 = CARTESIAN_POINT ( 'NONE',  ( 89.00000000000001421, 66.99999999999997158, 2.000000000000000000 ) ) ;
#504 = CARTESIAN_POINT ( 'NONE',  ( 0.000000000000000000, 64.00000000000001421, 2.000000000000000000 ) ) ;
#505 = ORIENTED_EDGE ( 'NONE', *, *, #728, .T. ) ;
#506 = DIRECTION ( 'NONE',  ( -1.000000000000000000, 0.000000000000000000, 0.000000000000000000 ) ) ;
#507 = CARTESIAN_POINT ( 'NONE',  ( 7.000000000000000000, 1.000000000000000000, 2.000000000000000000 ) ) ;
#508 = ORIENTED_EDGE ( 'NONE', *, *, #1176, .F. ) ;
#509 = AXIS2_PLACEMENT_3D ( 'NONE', #1076, #1405, #1066 ) ;
#510 = CARTESIAN_POINT ( 'NONE',  ( 92.00000000000000000, 67.00000000000000000, 0.000000000000000000 ) ) ;
#511 = ORIENTED_EDGE ( 'NONE', *, *, #611, .T. ) ;
#512 = ADVANCED_FACE ( 'NONE', ( #1168, #280 ), #410, .T. ) ;
#513 = CARTESIAN_POINT ( 'NONE',  ( 3.000000000000000000, 3.000000000000000000, 0.000000000000000000 ) ) ;
#514 = CIRCLE ( 'NONE', #395, 1.000000000000000888 ) ;
#515 = CIRCLE ( 'NONE', #752, 1.000000000000000888 ) ;
#516 = CIRCLE ( 'NONE', #780, 1.000000000000000888 ) ;
#517 = FACE_OUTER_BOUND ( 'NONE', #440, .T. ) ;
#518 = EDGE_LOOP ( 'NONE', ( #1105, #1294, #617, #670, #1185, #164, #1342, #1080 ) ) ;
#519 = CARTESIAN_POINT ( 'NONE',  ( 3.000000000000000000, 3.000000000000000000, 0.000000000000000000 ) ) ;
#520 = EDGE_CURVE ( 'NONE', #911, #672, #295, .T. ) ;
#521 = ORIENTED_EDGE ( 'NONE', *, *, #1176, .T. ) ;
#522 = DIRECTION ( 'NONE',  ( -0.000000000000000000, -0.000000000000000000, -1.000000000000000000 ) ) ;
#523 = CARTESIAN_POINT ( 'NONE',  ( 0.000000000000000000, 6.000000000000005329, 2.000000000000000000 ) ) ;
#524 = ORIENTED_EDGE ( 'NONE', *, *, #578, .F. ) ;
#525 = FACE_OUTER_BOUND ( 'NONE', #1146, .T. ) ;
#526 = EDGE_LOOP ( 'NONE', ( #212, #1282, #1331, #1362 ) ) ;
#527 = ORIENTED_EDGE ( 'NONE', *, *, #611, .F. ) ;
#528 = DIRECTION ( 'NONE',  ( 1.000000000000000000, 0.000000000000000000, 0.000000000000000000 ) ) ;
#529 = CARTESIAN_POINT ( 'NONE',  ( 0.000000000000000000, 7.000000000000000000, 2.000000000000000000 ) ) ;
#530 = EDGE_CURVE ( 'NONE', #684, #446, #952, .T. ) ;
#531 = DIRECTION ( 'NONE',  ( 0.000000000000000000, 0.000000000000000000, -1.000000000000000000 ) ) ;
#532 = AXIS2_PLACEMENT_3D ( 'NONE', #335, #905, #786 ) ;
#533 = ORIENTED_EDGE ( 'NONE', *, *, #495, .T. ) ;
#534 = FACE_OUTER_BOUND ( 'NONE', #35, .T. ) ;
#535 = ORIENTED_EDGE ( 'NONE', *, *, #325, .F. ) ;
#536 = LINE ( 'NONE', #317, #443 ) ;
#537 = CARTESIAN_POINT ( 'NONE',  ( 0.000000000000000000, 63.00000000000000000, 2.000000000000000000 ) ) ;
#538 = AXIS2_PLACEMENT_3D ( 'NONE', #921, #369, #25 ) ;
#539 = VECTOR ( 'NONE', #1256, 1000.000000000000000 ) ;
#540 = CIRCLE ( 'NONE', #714, 3.000000000000002665 ) ;
#541 = DIRECTION ( 'NONE',  ( 0.000000000000000000, 0.000000000000000000, -1.000000000000000000 ) ) ;
#542 = AXIS2_PLACEMENT_3D ( 'NONE', #376, #826, #1347 ) ;
#543 = ADVANCED_FACE ( 'NONE', ( #744 ), #66, .F. ) ;
#544 = VECTOR ( 'NONE', #796, 1000.000000000000000 ) ;
#545 = EDGE_LOOP ( 'NONE', ( #65, #294, #1065, #588 ) ) ;
#546 = CARTESIAN_POINT ( 'NONE',  ( 3.000000000000000000, 64.00000000000000000, 5.000000000000000000 ) ) ;
#547 = APPLICATION_PROTOCOL_DEFINITION ( 'draft international standard', 'automotive_design', 1998, #647 ) ;
#548 = EDGE_LOOP ( 'NONE', ( #633, #80 ) ) ;
#549 = FACE_OUTER_BOUND ( 'NONE', #403, .T. ) ;
#550 = DIRECTION ( 'NONE',  ( -0.000000000000000000, -0.000000000000000000, 1.000000000000000000 ) ) ;
#551 = DIRECTION ( 'NONE',  ( -1.000000000000000000, 0.000000000000000000, 0.000000000000000000 ) ) ;
#552 = CARTESIAN_POINT ( 'NONE',  ( 1.350000000000000311, 3.000000000000000000, 0.000000000000000000 ) ) ;
#553 = ORIENTED_EDGE ( 'NONE', *, *, #1335, .F. ) ;
#554 = EDGE_CURVE ( 'NONE', #1160, #200, #1298, .T. ) ;
#555 = FACE_OUTER_BOUND ( 'NONE', #730, .T. ) ;
#556 = ORIENTED_EDGE ( 'NONE', *, *, #584, .F. ) ;
#557 = DIRECTION ( 'NONE',  ( -0.000000000000000000, 0.000000000000000000, 1.000000000000000000 ) ) ;
#558 = DIRECTION ( 'NONE',  ( -0.000000000000000000, -0.000000000000000000, -1.000000000000000000 ) ) ;
#559 = CARTESIAN_POINT ( 'NONE',  ( 89.00000000000000000, 0.000000000000000000, 5.000000000000000000 ) ) ;
#560 = VERTEX_POINT ( 'NONE', #630 ) ;
#561 = DIRECTION ( 'NONE',  ( 0.000000000000000000, 0.000000000000000000, -1.000000000000000000 ) ) ;
#562 = CARTESIAN_POINT ( 'NONE',  ( 95.00000000000000000, 3.000000000000000000, 2.000000000000000000 ) ) ;
#563 = CARTESIAN_POINT ( 'NONE',  ( 92.00000000000000000, 70.00000000000000000, 0.000000000000000000 ) ) ;
#564 = DIRECTION ( 'NONE',  ( 0.000000000000000000, 0.000000000000000000, 1.000000000000000000 ) ) ;
#565 = AXIS2_PLACEMENT_3D ( 'NONE', #788, #675, #803 ) ;
#566 = CIRCLE ( 'NONE', #1211, 3.000000000000000000 ) ;
#567 = ORIENTED_EDGE ( 'NONE', *, *, #1334, .F. ) ;
#568 = DIRECTION ( 'NONE',  ( -0.000000000000000000, -0.000000000000000000, 1.000000000000000000 ) ) ;
#569 = EDGE_LOOP ( 'NONE', ( #1026, #751, #95, #924 ) ) ;
#570 = CARTESIAN_POINT ( 'NONE',  ( 0.000000000000000000, 67.00000000000000000, 2.000000000000000000 ) ) ;
#571 = CARTESIAN_POINT ( 'NONE',  ( 0.000000000000000000, 6.000000000000000000, 2.000000000000000000 ) ) ;
#572 = ADVANCED_FACE ( 'NONE', ( #727 ), #1074, .T. ) ;
#573 = VERTEX_POINT ( 'NONE', #398 ) ;
#574 = DIRECTION ( 'NONE',  ( 1.000000000000000000, 0.000000000000000000, 0.000000000000000000 ) ) ;
#575 = ORIENTED_EDGE ( 'NONE', *, *, #315, .F. ) ;
#576 = CARTESIAN_POINT ( 'NONE',  ( 0.000000000000000000, 3.000000000000000000, 5.000000000000000000 ) ) ;
#577 = SURFACE_SIDE_STYLE ('',( #236 ) ) ;
#578 = EDGE_CURVE ( 'NONE', #119, #1338, #1162, .T. ) ;
#579 = ORIENTED_EDGE ( 'NONE', *, *, #1203, .F. ) ;
#580 = VECTOR ( 'NONE', #350, 1000.000000000000000 ) ;
#581 = ORIENTED_EDGE ( 'NONE', *, *, #816, .T. ) ;
#582 = CARTESIAN_POINT ( 'NONE',  ( 0.000000000000000000, 0.000000000000000000, 5.000000000000000000 ) ) ;
#583 = DIRECTION ( 'NONE',  ( 1.000000000000000000, 0.000000000000000000, 0.000000000000000000 ) ) ;
#584 = EDGE_CURVE ( 'NONE', #264, #105, #515, .T. ) ;
#585 = ORIENTED_EDGE ( 'NONE', *, *, #1258, .T. ) ;
#586 = VECTOR ( 'NONE', #1268, 1000.000000000000000 ) ;
#587 = AXIS2_PLACEMENT_3D ( 'NONE', #71, #1407, #1396 ) ;
#588 = ORIENTED_EDGE ( 'NONE', *, *, #99, .F. ) ;
#589 = LINE ( 'NONE', #1147, #417 ) ;
#590 = CARTESIAN_POINT ( 'NONE',  ( 95.00000000000000000, 63.00000000000001421, 5.000000000000000000 ) ) ;
#591 = ORIENTED_EDGE ( 'NONE', *, *, #344, .T. ) ;
#592 = ORIENTED_EDGE ( 'NONE', *, *, #1193, .F. ) ;
#593 = EDGE_CURVE ( 'NONE', #1221, #316, #1403, .T. ) ;
#594 = PLANE ( 'NONE',  #44 ) ;
#595 = UNCERTAINTY_MEASURE_WITH_UNIT (LENGTH_MEASURE( 1.000000000000000082E-05 ), #436, 'distance_accuracy_value', 'NONE');
#596 = FACE_OUTER_BOUND ( 'NONE', #569, .T. ) ;
#597 = ORIENTED_EDGE ( 'NONE', *, *, #1213, .F. ) ;
#598 = CARTESIAN_POINT ( 'NONE',  ( 94.00000000000000000, 6.000000000000005329, 5.000000000000000000 ) ) ;
#599 = EDGE_CURVE ( 'NONE', #560, #844, #644, .T. ) ;
#600 =( GEOMETRIC_REPRESENTATION_CONTEXT ( 3 ) GLOBAL_UNCERTAINTY_ASSIGNED_CONTEXT ( ( #595 ) ) GLOBAL_UNIT_ASSIGNED_CONTEXT ( ( #436, #20, #326 ) ) REPRESENTATION_CONTEXT ( 'NONE', 'WORKASPACE' ) );
#601 = CARTESIAN_POINT ( 'NONE',  ( 3.000000000000000000, 67.00000000000000000, 2.000000000000000000 ) ) ;
#602 = DIRECTION ( 'NONE',  ( 0.000000000000000000, 0.000000000000000000, 1.000000000000000000 ) ) ;
#603 = COLOUR_RGB ( '',0.7921568627450980005, 0.8196078431372548767, 0.9333333333333333481 ) ;
#604 = ORIENTED_EDGE ( 'NONE', *, *, #689, .T. ) ;
#605 = CARTESIAN_POINT ( 'NONE',  ( 88.00000000000001421, 70.00000000000000000, 5.000000000000000000 ) ) ;
#606 = CARTESIAN_POINT ( 'NONE',  ( 89.00000000000001421, 69.00000000000000000, 5.000000000000000000 ) ) ;
#607 = CIRCLE ( 'NONE', #677, 1.649999999999999467 ) ;
#608 = ORIENTED_EDGE ( 'NONE', *, *, #970, .F. ) ;
#609 = AXIS2_PLACEMENT_3D ( 'NONE', #330, #671, #1114 ) ;
#610 = EDGE_CURVE ( 'NONE', #955, #1173, #91, .T. ) ;
#611 = EDGE_CURVE ( 'NONE', #147, #1205, #986, .T. ) ;
#612 = CARTESIAN_POINT ( 'NONE',  ( 89.00000000000001421, 0.000000000000000000, 2.000000000000000000 ) ) ;
#613 = LINE ( 'NONE', #504, #34 ) ;
#614 = ORIENTED_EDGE ( 'NONE', *, *, #873, .T. ) ;
#615 = CARTESIAN_POINT ( 'NONE',  ( 0.000000000000000000, 0.000000000000000000, 0.000000000000000000 ) ) ;
#616 = DIRECTION ( 'NONE',  ( -0.000000000000000000, -0.000000000000000000, 1.000000000000000000 ) ) ;
#617 = ORIENTED_EDGE ( 'NONE', *, *, #192, .F. ) ;
#618 = DIRECTION ( 'NONE',  ( 1.000000000000000000, 0.000000000000000000, 0.000000000000000000 ) ) ;
#619 = EDGE_CURVE ( 'NONE', #54, #959, #889, .T. ) ;
#620 = AXIS2_PLACEMENT_3D ( 'NONE', #510, #754, #189 ) ;
#621 = ORIENTED_EDGE ( 'NONE', *, *, #736, .T. ) ;
#622 = CARTESIAN_POINT ( 'NONE',  ( 88.00000000000000000, 0.000000000000000000, 5.000000000000000000 ) ) ;
#623 = DIRECTION ( 'NONE',  ( 1.000000000000000000, 0.000000000000000000, 0.000000000000000000 ) ) ;
#624 = VERTEX_POINT ( 'NONE', #785 ) ;
#625 = DIRECTION ( 'NONE',  ( -1.000000000000000000, 0.000000000000000000, 0.000000000000000000 ) ) ;
#626 = EDGE_CURVE ( 'NONE', #136, #911, #492, .T. ) ;
#627 = ORIENTED_EDGE ( 'NONE', *, *, #263, .F. ) ;
#628 = DIRECTION ( 'NONE',  ( -0.000000000000000000, 0.000000000000000000, 1.000000000000000000 ) ) ;
#629 = ORIENTED_EDGE ( 'NONE', *, *, #963, .F. ) ;
#630 = CARTESIAN_POINT ( 'NONE',  ( 3.000000000000000000, 6.000000000000000000, 2.000000000000000000 ) ) ;
#631 = VECTOR ( 'NONE', #1104, 1000.000000000000000 ) ;
#632 = CARTESIAN_POINT ( 'NONE',  ( 95.00000000000000000, 7.000000000000005329, 2.000000000000000000 ) ) ;
#633 = ORIENTED_EDGE ( 'NONE', *, *, #657, .T. ) ;
#634 = DIRECTION ( 'NONE',  ( -0.000000000000000000, -0.000000000000000000, -1.000000000000000000 ) ) ;
#635 = EDGE_CURVE ( 'NONE', #389, #100, #1234, .T. ) ;
#636 = ORIENTED_EDGE ( 'NONE', *, *, #1034, .F. ) ;
#637 = ORIENTED_EDGE ( 'NONE', *, *, #1413, .T. ) ;
#638 = DIRECTION ( 'NONE',  ( -0.000000000000000000, 0.000000000000000000, -1.000000000000000000 ) ) ;
#639 = CARTESIAN_POINT ( 'NONE',  ( 89.00000000000000000, 1.000000000000000000, 2.000000000000000000 ) ) ;
#640 = EDGE_LOOP ( 'NONE', ( #190, #222, #923, #748, #1101, #806, #299, #1031 ) ) ;
#641 = FACE_BOUND ( 'NONE', #783, .T. ) ;
#642 = ORIENTED_EDGE ( 'NONE', *, *, #31, .T. ) ;
#643 = DIRECTION ( 'NONE',  ( -0.000000000000000000, -0.000000000000000000, 1.000000000000000000 ) ) ;
#644 = LINE ( 'NONE', #571, #1322 ) ;
#645 = EDGE_CURVE ( 'NONE', #690, #1028, #204, .T. ) ;
#646 = DIRECTION ( 'NONE',  ( -1.000000000000000000, 0.000000000000000000, 0.000000000000000000 ) ) ;
#647 = APPLICATION_CONTEXT ( 'automotive_design' ) ;
#648 = CIRCLE ( 'NONE', #509, 3.000000000000002665 ) ;
#649 = VERTEX_POINT ( 'NONE', #1225 ) ;
#650 = DIRECTION ( 'NONE',  ( 1.000000000000000000, 0.000000000000000000, 0.000000000000000000 ) ) ;
#651 = ORIENTED_EDGE ( 'NONE', *, *, #1193, .T. ) ;
#652 = CARTESIAN_POINT ( 'NONE',  ( 89.00000000000000000, 2.999999999999979128, 5.000000000000000000 ) ) ;
#653 = DIRECTION ( 'NONE',  ( 0.000000000000000000, -0.000000000000000000, 1.000000000000000000 ) ) ;
#654 = VECTOR ( 'NONE', #1109, 1000.000000000000000 ) ;
#655 = AXIS2_PLACEMENT_3D ( 'NONE', #1075, #964, #311 ) ;
#656 = CARTESIAN_POINT ( 'NONE',  ( 92.00000000000000000, 3.000000000000000000, 0.000000000000000000 ) ) ;
#657 = EDGE_CURVE ( 'NONE', #274, #573, #1002, .T. ) ;
#658 = EDGE_LOOP ( 'NONE', ( #966, #642, #819, #401 ) ) ;
#659 = FACE_OUTER_BOUND ( 'NONE', #988, .T. ) ;
#660 = ORIENTED_EDGE ( 'NONE', *, *, #695, .F. ) ;
#661 = CARTESIAN_POINT ( 'NONE',  ( 0.000000000000000000, 3.000000000000000000, 0.000000000000000000 ) ) ;
#662 = DIRECTION ( 'NONE',  ( 0.000000000000000000, 0.000000000000000000, 1.000000000000000000 ) ) ;
#663 = ADVANCED_FACE ( 'NONE', ( #87 ), #224, .F. ) ;
#664 = ORIENTED_EDGE ( 'NONE', *, *, #1290, .F. ) ;
#665 = CARTESIAN_POINT ( 'NONE',  ( 95.00000000000000000, 67.00000000000000000, 5.000000000000000000 ) ) ;
#666 = CARTESIAN_POINT ( 'NONE',  ( 92.00000000000000000, 6.000000000000005329, 2.000000000000000000 ) ) ;
#667 = CARTESIAN_POINT ( 'NONE',  ( 92.00000000000000000, 3.000000000000000000, 2.000000000000000000 ) ) ;
#668 = DIRECTION ( 'NONE',  ( 1.000000000000000000, 0.000000000000000000, 0.000000000000000000 ) ) ;
#669 = CARTESIAN_POINT ( 'NONE',  ( 0.000000000000000000, 70.00000000000000000, 5.000000000000000000 ) ) ;
#670 = ORIENTED_EDGE ( 'NONE', *, *, #907, .T. ) ;
#671 = DIRECTION ( 'NONE',  ( -0.000000000000000000, -0.000000000000000000, 1.000000000000000000 ) ) ;
#672 = VERTEX_POINT ( 'NONE', #1426 ) ;
#673 = CARTESIAN_POINT ( 'NONE',  ( 3.000000000000000000, 67.00000000000000000, 2.000000000000000000 ) ) ;
#674 = CIRCLE ( 'NONE', #777, 1.000000000000000000 ) ;
#675 = DIRECTION ( 'NONE',  ( -0.000000000000000000, -0.000000000000000000, 1.000000000000000000 ) ) ;
#676 = AXIS2_PLACEMENT_3D ( 'NONE', #10, #999, #97 ) ;
#677 = AXIS2_PLACEMENT_3D ( 'NONE', #258, #951, #50 ) ;
#678 = EDGE_LOOP ( 'NONE', ( #1292, #1251, #309, #1061 ) ) ;
#679 = FACE_OUTER_BOUND ( 'NONE', #969, .T. ) ;
#680 = VERTEX_POINT ( 'NONE', #1325 ) ;
#681 = DIRECTION ( 'NONE',  ( -0.000000000000000000, -0.000000000000000000, 1.000000000000000000 ) ) ;
#682 = EDGE_CURVE ( 'NONE', #200, #1160, #117, .T. ) ;
#683 = CARTESIAN_POINT ( 'NONE',  ( 92.00000000000000000, 6.000000000000005329, 5.000000000000000000 ) ) ;
#684 = VERTEX_POINT ( 'NONE', #1333 ) ;
#685 = CARTESIAN_POINT ( 'NONE',  ( 1.000000000000000000, 6.000000000000000000, 5.000000000000000000 ) ) ;
#686 = VERTEX_POINT ( 'NONE', #563 ) ;
#687 = DIRECTION ( 'NONE',  ( 0.000000000000000000, -0.000000000000000000, -1.000000000000000000 ) ) ;
#688 = CARTESIAN_POINT ( 'NONE',  ( 92.00000000000000000, 6.000000000000007994, 2.000000000000000000 ) ) ;
#689 = EDGE_CURVE ( 'NONE', #763, #466, #1121, .T. ) ;
#690 = VERTEX_POINT ( 'NONE', #537 ) ;
#691 = AXIS2_PLACEMENT_3D ( 'NONE', #1084, #958, #1091 ) ;
#692 = ORIENTED_EDGE ( 'NONE', *, *, #1128, .F. ) ;
#693 = CARTESIAN_POINT ( 'NONE',  ( 7.000000000000000000, 0.000000000000000000, 2.000000000000000000 ) ) ;
#694 = CIRCLE ( 'NONE', #719, 1.649999999999998579 ) ;
#695 = EDGE_CURVE ( 'NONE', #686, #1188, #1119, .T. ) ;
#696 = VERTEX_POINT ( 'NONE', #904 ) ;
#697 = AXIS2_PLACEMENT_3D ( 'NONE', #112, #558, #1089 ) ;
#698 = AXIS2_PLACEMENT_3D ( 'NONE', #78, #1064, #1267 ) ;
#699 = VERTEX_POINT ( 'NONE', #978 ) ;
#700 = FACE_OUTER_BOUND ( 'NONE', #234, .T. ) ;
#701 = LINE ( 'NONE', #145, #181 ) ;
#702 = CARTESIAN_POINT ( 'NONE',  ( 0.000000000000000000, 0.000000000000000000, 2.000000000000000000 ) ) ;
#703 = EDGE_CURVE ( 'NONE', #763, #105, #1420, .T. ) ;
#704 = VERTEX_POINT ( 'NONE', #349 ) ;
#705 = LINE ( 'NONE', #148, #1278 ) ;
#706 = DIRECTION ( 'NONE',  ( -0.000000000000000000, -1.000000000000000000, -0.000000000000000000 ) ) ;
#707 = FACE_BOUND ( 'NONE', #781, .T. ) ;
#708 = CARTESIAN_POINT ( 'NONE',  ( 92.00000000000000000, 67.00000000000000000, 5.000000000000000000 ) ) ;
#709 = LINE ( 'NONE', #372, #353 ) ;
#710 = ADVANCED_FACE ( 'NONE', ( #1311 ), #1318, .T. ) ;
#711 = ORIENTED_EDGE ( 'NONE', *, *, #371, .F. ) ;
#712 = CARTESIAN_POINT ( 'NONE',  ( 0.000000000000000000, 0.000000000000000000, 5.000000000000000000 ) ) ;
#713 = CARTESIAN_POINT ( 'NONE',  ( 92.00000000000000000, 3.000000000000000000, 0.000000000000000000 ) ) ;
#714 = AXIS2_PLACEMENT_3D ( 'NONE', #656, #68, #203 ) ;
#715 = ADVANCED_FACE ( 'NONE', ( #926 ), #134, .F. ) ;
#716 = ORIENTED_EDGE ( 'NONE', *, *, #530, .F. ) ;
#717 = DIRECTION ( 'NONE',  ( -1.000000000000000000, 0.000000000000000000, 0.000000000000000000 ) ) ;
#718 = CARTESIAN_POINT ( 'NONE',  ( 3.000000000000000000, 70.00000000000000000, 0.000000000000000000 ) ) ;
#719 = AXIS2_PLACEMENT_3D ( 'NONE', #1132, #133, #1021 ) ;
#720 = AXIS2_PLACEMENT_3D ( 'NONE', #1017, #564, #899 ) ;
#721 = EDGE_LOOP ( 'NONE', ( #183, #567, #636, #255 ) ) ;
#722 = CARTESIAN_POINT ( 'NONE',  ( 93.64999999999999147, 67.00000000000000000, 2.000000000000000000 ) ) ;
#723 = LINE ( 'NONE', #606, #869 ) ;
#724 = AXIS2_PLACEMENT_3D ( 'NONE', #513, #616, #858 ) ;
#725 = ORIENTED_EDGE ( 'NONE', *, *, #599, .F. ) ;
#726 = AXIS2_PLACEMENT_3D ( 'NONE', #453, #1337, #1155 ) ;
#727 = FACE_OUTER_BOUND ( 'NONE', #1092, .T. ) ;
#728 = EDGE_CURVE ( 'NONE', #1086, #1019, #701, .T. ) ;
#729 = DIRECTION ( 'NONE',  ( 0.000000000000000000, 0.000000000000000000, 1.000000000000000000 ) ) ;
#730 = EDGE_LOOP ( 'NONE', ( #902, #131, #660, #382, #448, #943, #930, #8 ) ) ;
#731 = DIRECTION ( 'NONE',  ( -0.000000000000000000, -0.000000000000000000, 1.000000000000000000 ) ) ;
#732 = LINE ( 'NONE', #501, #1414 ) ;
#733 = ORIENTED_EDGE ( 'NONE', *, *, #192, .T. ) ;
#734 = CARTESIAN_POINT ( 'NONE',  ( 94.00000000000000000, 7.000000000000005329, 2.000000000000000000 ) ) ;
#735 = MANIFOLD_SOLID_BREP ( 'Ã®⁄Øƒ3', #89 ) ;
#736 = EDGE_CURVE ( 'NONE', #239, #1245, #1148, .T. ) ;
#737 = DIRECTION ( 'NONE',  ( -0.000000000000000000, -0.000000000000000000, 1.000000000000000000 ) ) ;
#738 = VECTOR ( 'NONE', #126, 1000.000000000000000 ) ;
#739 = ORIENTED_EDGE ( 'NONE', *, *, #357, .T. ) ;
#740 = AXIS2_PLACEMENT_3D ( 'NONE', #391, #167, #574 ) ;
#741 = VERTEX_POINT ( 'NONE', #18 ) ;
#742 = CARTESIAN_POINT ( 'NONE',  ( 95.00000000000000000, 3.000000000000000000, 5.000000000000000000 ) ) ;
#743 = ORIENTED_EDGE ( 'NONE', *, *, #107, .T. ) ;
#744 = FACE_OUTER_BOUND ( 'NONE', #332, .T. ) ;
#745 = LINE ( 'NONE', #503, #1142 ) ;
#746 = FACE_OUTER_BOUND ( 'NONE', #678, .T. ) ;
#747 = EDGE_CURVE ( 'NONE', #143, #272, #1133, .T. ) ;
#748 = ORIENTED_EDGE ( 'NONE', *, *, #494, .F. ) ;
#749 = DIRECTION ( 'NONE',  ( -0.000000000000000000, -0.000000000000000000, 1.000000000000000000 ) ) ;
#750 = AXIS2_PLACEMENT_3D ( 'NONE', #286, #731, #1062 ) ;
#751 = ORIENTED_EDGE ( 'NONE', *, *, #106, .T. ) ;
#752 = AXIS2_PLACEMENT_3D ( 'NONE', #734, #522, #962 ) ;
#753 = CIRCLE ( 'NONE', #698, 3.000000000000000000 ) ;
#754 = DIRECTION ( 'NONE',  ( 0.000000000000000000, 0.000000000000000000, 1.000000000000000000 ) ) ;
#755 = VERTEX_POINT ( 'NONE', #832 ) ;
#756 = ADVANCED_FACE ( 'NONE', ( #149 ), #1030, .F. ) ;
#757 = EDGE_CURVE ( 'NONE', #1428, #147, #1187, .T. ) ;
#758 = FACE_OUTER_BOUND ( 'NONE', #1314, .T. ) ;
#759 = VERTEX_POINT ( 'NONE', #1016 ) ;
#760 = CARTESIAN_POINT ( 'NONE',  ( 1.000000000000000000, 63.00000000000000000, 2.000000000000000000 ) ) ;
#761 = LINE ( 'NONE', #188, #399 ) ;
#762 = DIRECTION ( 'NONE',  ( 0.000000000000000000, -1.000000000000000000, 0.000000000000000000 ) ) ;
#763 = VERTEX_POINT ( 'NONE', #688 ) ;
#764 = FACE_OUTER_BOUND ( 'NONE', #834, .T. ) ;
#765 = ORIENTED_EDGE ( 'NONE', *, *, #269, .T. ) ;
#766 = DIRECTION ( 'NONE',  ( -0.000000000000000000, -0.000000000000000000, 1.000000000000000000 ) ) ;
#767 = DIRECTION ( 'NONE',  ( -0.000000000000000000, -0.000000000000000000, -1.000000000000000000 ) ) ;
#768 = EDGE_CURVE ( 'NONE', #85, #741, #464, .T. ) ;
#769 = VECTOR ( 'NONE', #1340, 1000.000000000000000 ) ;
#770 = DIRECTION ( 'NONE',  ( -1.000000000000000000, 0.000000000000000000, 0.000000000000000000 ) ) ;
#771 = ORIENTED_EDGE ( 'NONE', *, *, #123, .T. ) ;
#772 = DIRECTION ( 'NONE',  ( 1.000000000000000000, 0.000000000000000000, 0.000000000000000000 ) ) ;
#773 = PRODUCT_CONTEXT ( 'NONE', #647, 'mechanical' ) ;
#774 = ORIENTED_EDGE ( 'NONE', *, *, #99, .T. ) ;
#775 = CARTESIAN_POINT ( 'NONE',  ( 7.000000000000001776, 70.00000000000000000, 5.000000000000000000 ) ) ;
#776 = DIRECTION ( 'NONE',  ( -1.000000000000000000, 0.000000000000000000, 0.000000000000000000 ) ) ;
#777 = AXIS2_PLACEMENT_3D ( 'NONE', #194, #643, #876 ) ;
#778 = VECTOR ( 'NONE', #1356, 1000.000000000000000 ) ;
#779 = ADVANCED_FACE ( 'NONE', ( #491 ), #940, .F. ) ;
#780 = AXIS2_PLACEMENT_3D ( 'NONE', #163, #56, #846 ) ;
#781 = EDGE_LOOP ( 'NONE', ( #581, #70 ) ) ;
#782 = CARTESIAN_POINT ( 'NONE',  ( 88.00000000000001421, 70.00000000000000000, 2.000000000000000000 ) ) ;
#783 = EDGE_LOOP ( 'NONE', ( #374, #206 ) ) ;
#784 = CARTESIAN_POINT ( 'NONE',  ( 6.000000000000000000, 3.000000000000000000, 5.000000000000000000 ) ) ;
#785 = CARTESIAN_POINT ( 'NONE',  ( 89.00000000000000000, 1.000000000000000000, 5.000000000000000000 ) ) ;
#786 = DIRECTION ( 'NONE',  ( 1.000000000000000000, 0.000000000000000000, 0.000000000000000000 ) ) ;
#787 = ADVANCED_FACE ( 'NONE', ( #243 ), #1355, .T. ) ;
#788 = CARTESIAN_POINT ( 'NONE',  ( 3.000000000000000000, 3.000000000000000000, 0.000000000000000000 ) ) ;
#789 = EDGE_CURVE ( 'NONE', #1053, #759, #473, .T. ) ;
#790 = ORIENTED_EDGE ( 'NONE', *, *, #1430, .T. ) ;
#791 = DIRECTION ( 'NONE',  ( 1.000000000000000000, 0.000000000000000000, 0.000000000000000000 ) ) ;
#792 = CARTESIAN_POINT ( 'NONE',  ( 94.00000000000000000, 64.00000000000001421, 2.000000000000000000 ) ) ;
#793 = DIRECTION ( 'NONE',  ( 1.000000000000000000, 0.000000000000000000, 0.000000000000000000 ) ) ;
#794 = LINE ( 'NONE', #552, #157 ) ;
#795 = ORIENTED_EDGE ( 'NONE', *, *, #1159, .T. ) ;
#796 = DIRECTION ( 'NONE',  ( -0.000000000000000000, -0.000000000000000000, -1.000000000000000000 ) ) ;
#797 = CIRCLE ( 'NONE', #174, 1.000000000000000888 ) ;
#798 = ORIENTED_EDGE ( 'NONE', *, *, #352, .F. ) ;
#799 = CARTESIAN_POINT ( 'NONE',  ( 88.00000000000000000, 1.000000000000000000, 2.000000000000000000 ) ) ;
#800 = DIRECTION ( 'NONE',  ( 0.000000000000000000, 0.000000000000000000, -1.000000000000000000 ) ) ;
#801 = CIRCLE ( 'NONE', #1320, 1.000000000000000000 ) ;
#802 = AXIS2_PLACEMENT_3D ( 'NONE', #1, #767, #793 ) ;
#803 = DIRECTION ( 'NONE',  ( 1.000000000000000000, 0.000000000000000000, 0.000000000000000000 ) ) ;
#804 = VECTOR ( 'NONE', #628, 1000.000000000000000 ) ;
#805 = AXIS2_PLACEMENT_3D ( 'NONE', #901, #1376, #618 ) ;
#806 = ORIENTED_EDGE ( 'NONE', *, *, #1203, .T. ) ;
#807 = CARTESIAN_POINT ( 'NONE',  ( 3.000000000000000000, 67.00000000000000000, 2.000000000000000000 ) ) ;
#808 = EDGE_CURVE ( 'NONE', #959, #1188, #566, .T. ) ;
#809 = ORIENTED_EDGE ( 'NONE', *, *, #263, .T. ) ;
#810 = DIRECTION ( 'NONE',  ( -0.000000000000000000, -0.000000000000000000, 1.000000000000000000 ) ) ;
#811 =( LENGTH_UNIT ( ) NAMED_UNIT ( * ) SI_UNIT ( .MILLI., .METRE. ) );
#812 = FACE_BOUND ( 'NONE', #548, .T. ) ;
#813 = ORIENTED_EDGE ( 'NONE', *, *, #1106, .T. ) ;
#814 = ORIENTED_EDGE ( 'NONE', *, *, #336, .T. ) ;
#815 = LINE ( 'NONE', #1246, #1093 ) ;
#816 = EDGE_CURVE ( 'NONE', #345, #110, #607, .T. ) ;
#817 = LINE ( 'NONE', #254, #230 ) ;
#818 = ORIENTED_EDGE ( 'NONE', *, *, #219, .F. ) ;
#819 = ORIENTED_EDGE ( 'NONE', *, *, #816, .F. ) ;
#820 = CARTESIAN_POINT ( 'NONE',  ( 92.00000000000000000, 0.000000000000000000, 5.000000000000000000 ) ) ;
#821 = CARTESIAN_POINT ( 'NONE',  ( 0.000000000000000000, 0.000000000000000000, 5.000000000000000000 ) ) ;
#822 = ORIENTED_EDGE ( 'NONE', *, *, #290, .F. ) ;
#823 = VECTOR ( 'NONE', #1127, 1000.000000000000000 ) ;
#824 = ORIENTED_EDGE ( 'NONE', *, *, #1404, .T. ) ;
#825 = FACE_OUTER_BOUND ( 'NONE', #1012, .T. ) ;
#826 = DIRECTION ( 'NONE',  ( 0.000000000000000000, 1.000000000000000000, 0.000000000000000000 ) ) ;
#827 = CARTESIAN_POINT ( 'NONE',  ( 93.64999999999999147, 67.00000000000000000, 0.000000000000000000 ) ) ;
#828 = EDGE_CURVE ( 'NONE', #14, #239, #753, .T. ) ;
#829 = EDGE_CURVE ( 'NONE', #624, #1288, #732, .T. ) ;
#830 = EDGE_LOOP ( 'NONE', ( #62, #733, #1077, #1259, #604, #909, #1309, #851 ) ) ;
#831 = DIRECTION ( 'NONE',  ( 1.000000000000000000, 0.000000000000000000, 0.000000000000000000 ) ) ;
#832 = CARTESIAN_POINT ( 'NONE',  ( 94.00000000000000000, 64.00000000000001421, 5.000000000000000000 ) ) ;
#833 = CYLINDRICAL_SURFACE ( 'NONE', #927, 1.000000000000000888 ) ;
#834 = EDGE_LOOP ( 'NONE', ( #535, #367, #1424, #591, #1014, #1046, #1345, #452 ) ) ;
#835 = EDGE_CURVE ( 'NONE', #1221, #114, #957, .T. ) ;
#836 = LINE ( 'NONE', #1274, #954 ) ;
#837 = VECTOR ( 'NONE', #1042, 1000.000000000000000 ) ;
#838 = CARTESIAN_POINT ( 'NONE',  ( 6.000000000000000000, 3.000000000000000000, 2.000000000000000000 ) ) ;
#839 = CIRCLE ( 'NONE', #109, 3.000000000000002665 ) ;
#840 = EDGE_LOOP ( 'NONE', ( #462, #477, #511, #608 ) ) ;
#841 = DIRECTION ( 'NONE',  ( -0.000000000000000000, -0.000000000000000000, 1.000000000000000000 ) ) ;
#842 = FACE_OUTER_BOUND ( 'NONE', #526, .T. ) ;
#843 = AXIS2_PLACEMENT_3D ( 'NONE', #1050, #854, #1391 ) ;
#844 = VERTEX_POINT ( 'NONE', #945 ) ;
#845 = CARTESIAN_POINT ( 'NONE',  ( 0.000000000000000000, 64.00000000000000000, 2.000000000000000000 ) ) ;
#846 = DIRECTION ( 'NONE',  ( 1.000000000000000000, 0.000000000000000000, 0.000000000000000000 ) ) ;
#847 = CIRCLE ( 'NONE', #1045, 1.649999999999998579 ) ;
#848 = EDGE_CURVE ( 'NONE', #696, #272, #723, .T. ) ;
#849 = ORIENTED_EDGE ( 'NONE', *, *, #1398, .T. ) ;
#850 = LINE ( 'NONE', #419, #437 ) ;
#851 = ORIENTED_EDGE ( 'NONE', *, *, #457, .T. ) ;
#852 = CARTESIAN_POINT ( 'NONE',  ( 3.000000000000000000, 3.000000000000000000, 5.000000000000000000 ) ) ;
#853 = ORIENTED_EDGE ( 'NONE', *, *, #158, .T. ) ;
#854 = DIRECTION ( 'NONE',  ( 0.000000000000000000, 0.000000000000000000, 1.000000000000000000 ) ) ;
#855 = ADVANCED_FACE ( 'NONE', ( #413 ), #1387, .T. ) ;
#856 = CYLINDRICAL_SURFACE ( 'NONE', #1143, 1.000000000000000888 ) ;
#857 = ORIENTED_EDGE ( 'NONE', *, *, #989, .F. ) ;
#858 = DIRECTION ( 'NONE',  ( 1.000000000000000000, 0.000000000000000000, 0.000000000000000000 ) ) ;
#859 = ORIENTED_EDGE ( 'NONE', *, *, #278, .T. ) ;
#860 = DIRECTION ( 'NONE',  ( 0.000000000000000000, -0.000000000000000000, -1.000000000000000000 ) ) ;
#861 = EDGE_CURVE ( 'NONE', #875, #1200, #69, .T. ) ;
#862 = ORIENTED_EDGE ( 'NONE', *, *, #81, .F. ) ;
#863 = DIRECTION ( 'NONE',  ( 0.000000000000000000, 0.000000000000000000, -1.000000000000000000 ) ) ;
#864 = VECTOR ( 'NONE', #831, 1000.000000000000000 ) ;
#865 = ORIENTED_EDGE ( 'NONE', *, *, #381, .F. ) ;
#866 = DIRECTION ( 'NONE',  ( -1.000000000000000000, 0.000000000000000000, -0.000000000000000000 ) ) ;
#867 = DIRECTION ( 'NONE',  ( 1.000000000000000000, 0.000000000000000000, 0.000000000000000000 ) ) ;
#868 = VECTOR ( 'NONE', #104, 1000.000000000000000 ) ;
#869 = VECTOR ( 'NONE', #1048, 1000.000000000000000 ) ;
#870 = CARTESIAN_POINT ( 'NONE',  ( 94.00000000000000000, 7.000000000000005329, 2.000000000000000000 ) ) ;
#871 = EDGE_CURVE ( 'NONE', #248, #699, #122, .T. ) ;
#872 = ORIENTED_EDGE ( 'NONE', *, *, #451, .T. ) ;
#873 = EDGE_CURVE ( 'NONE', #1028, #1019, #287, .T. ) ;
#874 = CARTESIAN_POINT ( 'NONE',  ( 0.000000000000000000, 3.000000000000000000, 2.000000000000000000 ) ) ;
#875 = VERTEX_POINT ( 'NONE', #1289 ) ;
#876 = DIRECTION ( 'NONE',  ( -1.000000000000000000, 0.000000000000000000, 0.000000000000000000 ) ) ;
#877 = CARTESIAN_POINT ( 'NONE',  ( 0.000000000000000000, 6.000000000000005329, 2.000000000000000000 ) ) ;
#878 = CARTESIAN_POINT ( 'NONE',  ( 1.000000000000000000, 7.000000000000000000, 2.000000000000000000 ) ) ;
#879 = ORIENTED_EDGE ( 'NONE', *, *, #430, .T. ) ;
#880 = CARTESIAN_POINT ( 'NONE',  ( 4.649999999999999467, 3.000000000000000000, 0.000000000000000000 ) ) ;
#881 = EDGE_CURVE ( 'NONE', #272, #313, #1097, .T. ) ;
#882 = ORIENTED_EDGE ( 'NONE', *, *, #21, .F. ) ;
#883 = ORIENTED_EDGE ( 'NONE', *, *, #989, .T. ) ;
#884 = CARTESIAN_POINT ( 'NONE',  ( 0.000000000000000000, 67.00000000000000000, 5.000000000000000000 ) ) ;
#885 = ORIENTED_EDGE ( 'NONE', *, *, #689, .F. ) ;
#886 = CARTESIAN_POINT ( 'NONE',  ( 3.000000000000000000, 64.00000000000000000, 2.000000000000000000 ) ) ;
#887 = ORIENTED_EDGE ( 'NONE', *, *, #626, .F. ) ;
#888 = CARTESIAN_POINT ( 'NONE',  ( 95.00000000000000000, 0.000000000000000000, 2.000000000000000000 ) ) ;
#889 = LINE ( 'NONE', #884, #1366 ) ;
#890 = VECTOR ( 'NONE', #341, 1000.000000000000000 ) ;
#891 = AXIS2_PLACEMENT_3D ( 'NONE', #177, #1196, #1180 ) ;
#892 = AXIS2_PLACEMENT_3D ( 'NONE', #213, #1315, #198 ) ;
#893 = ORIENTED_EDGE ( 'NONE', *, *, #928, .T. ) ;
#894 = DIRECTION ( 'NONE',  ( 0.000000000000000000, 0.000000000000000000, 1.000000000000000000 ) ) ;
#895 = EDGE_LOOP ( 'NONE', ( #152, #215, #862, #900 ) ) ;
#896 = CARTESIAN_POINT ( 'NONE',  ( 6.000000000000000000, 0.000000000000000000, 5.000000000000000000 ) ) ;
#897 = DIRECTION ( 'NONE',  ( 0.000000000000000000, 0.000000000000000000, -1.000000000000000000 ) ) ;
#898 = EDGE_CURVE ( 'NONE', #1194, #351, #1073, .T. ) ;
#899 = DIRECTION ( 'NONE',  ( 1.000000000000000000, 0.000000000000000000, -0.000000000000000000 ) ) ;
#900 = ORIENTED_EDGE ( 'NONE', *, *, #873, .F. ) ;
#901 = CARTESIAN_POINT ( 'NONE',  ( 94.00000000000000000, 63.00000000000001421, 2.000000000000000000 ) ) ;
#902 = ORIENTED_EDGE ( 'NONE', *, *, #277, .F. ) ;
#903 = PLANE ( 'NONE',  #1344 ) ;
#904 = CARTESIAN_POINT ( 'NONE',  ( 89.00000000000001421, 69.00000000000000000, 2.000000000000000000 ) ) ;
#905 = DIRECTION ( 'NONE',  ( -0.000000000000000000, -0.000000000000000000, -1.000000000000000000 ) ) ;
#906 = FACE_OUTER_BOUND ( 'NONE', #1319, .T. ) ;
#907 = EDGE_CURVE ( 'NONE', #16, #389, #276, .T. ) ;
#908 = AXIS2_PLACEMENT_3D ( 'NONE', #1399, #1305, #76 ) ;
#909 = ORIENTED_EDGE ( 'NONE', *, *, #21, .T. ) ;
#910 = CARTESIAN_POINT ( 'NONE',  ( 3.000000000000000000, 0.000000000000000000, 0.000000000000000000 ) ) ;
#911 = VERTEX_POINT ( 'NONE', #402 ) ;
#912 = LINE ( 'NONE', #1346, #373 ) ;
#913 = PRESENTATION_STYLE_ASSIGNMENT (( #1360 ) ) ;
#914 = AXIS2_PLACEMENT_3D ( 'NONE', #925, #1359, #36 ) ;
#915 = VECTOR ( 'NONE', #550, 1000.000000000000000 ) ;
#916 = CARTESIAN_POINT ( 'NONE',  ( 95.00000000000000000, 3.000000000000000000, 0.000000000000000000 ) ) ;
#917 = CIRCLE ( 'NONE', #94, 1.649999999999998579 ) ;
#918 = AXIS2_PLACEMENT_3D ( 'NONE', #1052, #496, #941 ) ;
#919 = ORIENTED_EDGE ( 'NONE', *, *, #747, .F. ) ;
#920 = ORIENTED_EDGE ( 'NONE', *, *, #1150, .F. ) ;
#921 = CARTESIAN_POINT ( 'NONE',  ( 92.00000000000000000, 67.00000000000000000, 2.000000000000000000 ) ) ;
#922 = DIRECTION ( 'NONE',  ( -1.000000000000000000, 0.000000000000000000, 0.000000000000000000 ) ) ;
#923 = ORIENTED_EDGE ( 'NONE', *, *, #963, .T. ) ;
#924 = ORIENTED_EDGE ( 'NONE', *, *, #1264, .F. ) ;
#925 = CARTESIAN_POINT ( 'NONE',  ( 92.00000000000000000, 3.000000000000000000, 2.000000000000000000 ) ) ;
#926 = FACE_OUTER_BOUND ( 'NONE', #545, .T. ) ;
#927 = AXIS2_PLACEMENT_3D ( 'NONE', #935, #1370, #1169 ) ;
#928 = EDGE_CURVE ( 'NONE', #1070, #54, #1281, .T. ) ;
#929 = CIRCLE ( 'NONE', #532, 1.649999999999999467 ) ;
#930 = ORIENTED_EDGE ( 'NONE', *, *, #593, .F. ) ;
#931 = LINE ( 'NONE', #1363, #67 ) ;
#932 = DIRECTION ( 'NONE',  ( -1.000000000000000000, 0.000000000000000000, 0.000000000000000000 ) ) ;
#933 = ADVANCED_FACE ( 'NONE', ( #525 ), #408, .F. ) ;
#934 = FACE_OUTER_BOUND ( 'NONE', #518, .T. ) ;
#935 = CARTESIAN_POINT ( 'NONE',  ( 88.00000000000000000, 1.000000000000000000, 5.000000000000000000 ) ) ;
#936 = AXIS2_PLACEMENT_3D ( 'NONE', #1432, #662, #1103 ) ;
#937 = AXIS2_PLACEMENT_3D ( 'NONE', #967, #749, #956 ) ;
#938 = ORIENTED_EDGE ( 'NONE', *, *, #422, .T. ) ;
#939 = CARTESIAN_POINT ( 'NONE',  ( 89.00000000000001421, 69.00000000000000000, 5.000000000000000000 ) ) ;
#940 = PLANE ( 'NONE',  #140 ) ;
#941 = DIRECTION ( 'NONE',  ( 1.000000000000000000, 0.000000000000000000, -0.000000000000000000 ) ) ;
#942 = EDGE_CURVE ( 'NONE', #759, #755, #159, .T. ) ;
#943 = ORIENTED_EDGE ( 'NONE', *, *, #1327, .T. ) ;
#944 = DIRECTION ( 'NONE',  ( -0.000000000000000000, -0.000000000000000000, 1.000000000000000000 ) ) ;
#945 = CARTESIAN_POINT ( 'NONE',  ( 1.000000000000000000, 6.000000000000000000, 2.000000000000000000 ) ) ;
#946 = ORIENTED_EDGE ( 'NONE', *, *, #1159, .F. ) ;
#947 = DIRECTION ( 'NONE',  ( 1.000000000000000000, 0.000000000000000000, 0.000000000000000000 ) ) ;
#948 = ADVANCED_FACE ( 'NONE', ( #1186 ), #1382, .F. ) ;
#949 = ORIENTED_EDGE ( 'NONE', *, *, #703, .T. ) ;
#950 = DIRECTION ( 'NONE',  ( 0.000000000000000000, 0.000000000000000000, -1.000000000000000000 ) ) ;
#951 = DIRECTION ( 'NONE',  ( -0.000000000000000000, -0.000000000000000000, -1.000000000000000000 ) ) ;
#952 = LINE ( 'NONE', #1189, #139 ) ;
#953 = DIRECTION ( 'NONE',  ( -0.000000000000000000, -0.000000000000000000, -1.000000000000000000 ) ) ;
#954 = VECTOR ( 'NONE', #275, 1000.000000000000000 ) ;
#955 = VERTEX_POINT ( 'NONE', #154 ) ;
#956 = DIRECTION ( 'NONE',  ( -1.000000000000000000, 0.000000000000000000, 0.000000000000000000 ) ) ;
#957 = CIRCLE ( 'NONE', #355, 3.000000000000000000 ) ;
#958 = DIRECTION ( 'NONE',  ( 0.000000000000000000, 0.000000000000000000, 1.000000000000000000 ) ) ;
#959 = VERTEX_POINT ( 'NONE', #1167 ) ;
#960 = CARTESIAN_POINT ( 'NONE',  ( 88.00000000000001421, 69.00000000000000000, 5.000000000000000000 ) ) ;
#961 = VERTEX_POINT ( 'NONE', #838 ) ;
#962 = DIRECTION ( 'NONE',  ( 1.000000000000000000, 0.000000000000000000, 0.000000000000000000 ) ) ;
#963 = EDGE_CURVE ( 'NONE', #704, #696, #516, .T. ) ;
#964 = DIRECTION ( 'NONE',  ( 0.000000000000000000, 0.000000000000000000, -1.000000000000000000 ) ) ;
#965 = CARTESIAN_POINT ( 'NONE',  ( 0.000000000000000000, 6.000000000000000000, 2.000000000000000000 ) ) ;
#966 = ORIENTED_EDGE ( 'NONE', *, *, #610, .F. ) ;
#967 = CARTESIAN_POINT ( 'NONE',  ( 94.00000000000000000, 63.00000000000001421, 5.000000000000000000 ) ) ;
#968 = VERTEX_POINT ( 'NONE', #874 ) ;
#969 = EDGE_LOOP ( 'NONE', ( #1170, #125, #1358, #197 ) ) ;
#970 = EDGE_CURVE ( 'NONE', #649, #1205, #847, .T. ) ;
#971 = PLANE ( 'NONE',  #1227 ) ;
#972 = ORIENTED_EDGE ( 'NONE', *, *, #645, .T. ) ;
#973 = AXIS2_PLACEMENT_3D ( 'NONE', #441, #324, #1096 ) ;
#974 = CARTESIAN_POINT ( 'NONE',  ( 95.00000000000000000, 63.00000000000001421, 2.000000000000000000 ) ) ;
#975 = AXIS2_PLACEMENT_3D ( 'NONE', #37, #1253, #1262 ) ;
#976 = ORIENTED_EDGE ( 'NONE', *, *, #1276, .F. ) ;
#977 = CARTESIAN_POINT ( 'NONE',  ( 89.00000000000000000, 0.000000000000000000, 2.000000000000000000 ) ) ;
#978 = CARTESIAN_POINT ( 'NONE',  ( 6.000000000000000000, 1.000000000000000000, 2.000000000000000000 ) ) ;
#979 = CIRCLE ( 'NONE', #1164, 3.000000000000002665 ) ;
#980 = DIRECTION ( 'NONE',  ( 0.000000000000000000, -0.000000000000000000, 1.000000000000000000 ) ) ;
#981 = EDGE_CURVE ( 'NONE', #1160, #351, #432, .T. ) ;
#982 = VERTEX_POINT ( 'NONE', #886 ) ;
#983 = FACE_BOUND ( 'NONE', #1302, .T. ) ;
#984 = ORIENTED_EDGE ( 'NONE', *, *, #593, .T. ) ;
#985 = PLANE ( 'NONE',  #178 ) ;
#986 = LINE ( 'NONE', #216, #915 ) ;
#987 = CARTESIAN_POINT ( 'NONE',  ( 7.000000000000000000, 0.000000000000000000, 2.000000000000000000 ) ) ;
#988 = EDGE_LOOP ( 'NONE', ( #1117, #1240, #946, #1006 ) ) ;
#989 = EDGE_CURVE ( 'NONE', #741, #1245, #304, .T. ) ;
#990 = CARTESIAN_POINT ( 'NONE',  ( 6.000000000000000000, 1.000000000000000000, 5.000000000000000000 ) ) ;
#991 = DIRECTION ( 'NONE',  ( -1.000000000000000000, 0.000000000000000000, 0.000000000000000000 ) ) ;
#992 = CARTESIAN_POINT ( 'NONE',  ( 6.000000000000001776, 0.000000000000000000, 2.000000000000000000 ) ) ;
#993 = CIRCLE ( 'NONE', #118, 1.000000000000000888 ) ;
#994 = DIRECTION ( 'NONE',  ( 0.000000000000000000, -1.000000000000000000, 0.000000000000000000 ) ) ;
#995 = EDGE_LOOP ( 'NONE', ( #1372, #1357, #716, #214 ) ) ;
#996 = DIRECTION ( 'NONE',  ( -0.000000000000000000, -0.000000000000000000, 1.000000000000000000 ) ) ;
#997 = EDGE_LOOP ( 'NONE', ( #743, #795, #171, #412, #1415, #1165, #533, #83, #859, #279, #592, #415, #423, #347, #48, #1137, #268, #285, #505, #483, #1350, #883, #208, #397 ) ) ;
#998 = FACE_OUTER_BOUND ( 'NONE', #454, .T. ) ;
#999 = DIRECTION ( 'NONE',  ( 0.000000000000000000, 0.000000000000000000, 1.000000000000000000 ) ) ;
#1000 = VECTOR ( 'NONE', #1102, 1000.000000000000000 ) ;
#1001 = ADVANCED_FACE ( 'NONE', ( #1429, #641, #1107, #983, #555 ), #1308, .T. ) ;
#1002 = CIRCLE ( 'NONE', #697, 1.649999999999998579 ) ;
#1003 = CARTESIAN_POINT ( 'NONE',  ( 88.00000000000000000, 0.000000000000000000, 5.000000000000000000 ) ) ;
#1004 = AXIS2_PLACEMENT_3D ( 'NONE', #960, #293, #176 ) ;
#1005 = DIRECTION ( 'NONE',  ( 0.000000000000000000, -0.000000000000000000, -1.000000000000000000 ) ) ;
#1006 = ORIENTED_EDGE ( 'NONE', *, *, #1010, .F. ) ;
#1007 = LINE ( 'NONE', #1199, #1349 ) ;
#1008 = ORIENTED_EDGE ( 'NONE', *, *, #1398, .F. ) ;
#1009 = LINE ( 'NONE', #977, #488 ) ;
#1010 = EDGE_CURVE ( 'NONE', #699, #680, #308, .T. ) ;
#1011 = DIRECTION ( 'NONE',  ( 0.000000000000000000, 0.000000000000000000, 1.000000000000000000 ) ) ;
#1012 = EDGE_LOOP ( 'NONE', ( #651, #813, #579, #241 ) ) ;
#1013 = CARTESIAN_POINT ( 'NONE',  ( 7.000000000000000000, 1.000000000000000000, 5.000000000000000000 ) ) ;
#1014 = ORIENTED_EDGE ( 'NONE', *, *, #451, .F. ) ;
#1015 = CARTESIAN_POINT ( 'NONE',  ( 89.00000000000001421, 66.99999999999997158, 2.000000000000000000 ) ) ;
#1016 = CARTESIAN_POINT ( 'NONE',  ( 95.00000000000000000, 63.00000000000001421, 5.000000000000000000 ) ) ;
#1017 = CARTESIAN_POINT ( 'NONE',  ( 92.00000000000000000, 67.00000000000000000, 2.000000000000000000 ) ) ;
#1018 = ADVANCED_FACE ( 'NONE', ( #659 ), #116, .T. ) ;
#1019 = VERTEX_POINT ( 'NONE', #1100 ) ;
#1020 = ORIENTED_EDGE ( 'NONE', *, *, #1397, .T. ) ;
#1021 = DIRECTION ( 'NONE',  ( 1.000000000000000000, 0.000000000000000000, 0.000000000000000000 ) ) ;
#1022 = DIRECTION ( 'NONE',  ( 0.000000000000000000, 0.000000000000000000, 1.000000000000000000 ) ) ;
#1023 = VECTOR ( 'NONE', #1054, 1000.000000000000000 ) ;
#1024 = AXIS2_PLACEMENT_3D ( 'NONE', #601, #1243, #1249 ) ;
#1025 = FACE_OUTER_BOUND ( 'NONE', #292, .T. ) ;
#1026 = ORIENTED_EDGE ( 'NONE', *, *, #381, .T. ) ;
#1027 = ADVANCED_FACE ( 'NONE', ( #758 ), #1423, .F. ) ;
#1028 = VERTEX_POINT ( 'NONE', #220 ) ;
#1029 = CYLINDRICAL_SURFACE ( 'NONE', #1206, 1.649999999999998579 ) ;
#1030 = PLANE ( 'NONE',  #542 ) ;
#1031 = ORIENTED_EDGE ( 'NONE', *, *, #12, .T. ) ;
#1032 = CYLINDRICAL_SURFACE ( 'NONE', #914, 3.000000000000002665 ) ;
#1033 =( NAMED_UNIT ( * ) PLANE_ANGLE_UNIT ( ) SI_UNIT ( $, .RADIAN. ) );
#1034 = EDGE_CURVE ( 'NONE', #100, #141, #1321, .T. ) ;
#1035 = DIRECTION ( 'NONE',  ( 1.000000000000000000, 0.000000000000000000, 0.000000000000000000 ) ) ;
#1036 = CIRCLE ( 'NONE', #60, 1.649999999999999467 ) ;
#1037 = ORIENTED_EDGE ( 'NONE', *, *, #457, .F. ) ;
#1038 = FACE_OUTER_BOUND ( 'NONE', #1113, .T. ) ;
#1039 = FILL_AREA_STYLE_COLOUR ( '', #603 ) ;
#1040 = ADVANCED_FACE ( 'NONE', ( #764 ), #447, .F. ) ;
#1041 = VECTOR ( 'NONE', #1324, 1000.000000000000000 ) ;
#1042 = DIRECTION ( 'NONE',  ( -1.000000000000000000, 0.000000000000000000, -0.000000000000000000 ) ) ;
#1043 = CIRCLE ( 'NONE', #301, 1.649999999999999467 ) ;
#1044 = STYLED_ITEM ( 'NONE', ( #913 ), #735 ) ;
#1045 = AXIS2_PLACEMENT_3D ( 'NONE', #191, #7, #791 ) ;
#1046 = ORIENTED_EDGE ( 'NONE', *, *, #619, .T. ) ;
#1047 = LINE ( 'NONE', #49, #259 ) ;
#1048 = DIRECTION ( 'NONE',  ( -0.000000000000000000, 0.000000000000000000, 1.000000000000000000 ) ) ;
#1049 = ADVANCED_FACE ( 'NONE', ( #534 ), #1192, .F. ) ;
#1050 = CARTESIAN_POINT ( 'NONE',  ( 92.00000000000000000, 3.000000000000000000, 0.000000000000000000 ) ) ;
#1051 = DIRECTION ( 'NONE',  ( 0.000000000000000000, 0.000000000000000000, -1.000000000000000000 ) ) ;
#1052 = CARTESIAN_POINT ( 'NONE',  ( 92.00000000000000000, 3.000000000000000000, 2.000000000000000000 ) ) ;
#1053 = VERTEX_POINT ( 'NONE', #974 ) ;
#1054 = DIRECTION ( 'NONE',  ( 0.000000000000000000, 1.000000000000000000, 0.000000000000000000 ) ) ;
#1055 = DIRECTION ( 'NONE',  ( -1.000000000000000000, 0.000000000000000000, 0.000000000000000000 ) ) ;
#1056 = ORIENTED_EDGE ( 'NONE', *, *, #150, .T. ) ;
#1057 = CARTESIAN_POINT ( 'NONE',  ( 92.00000000000000000, 64.00000000000001421, 2.000000000000000000 ) ) ;
#1058 = CARTESIAN_POINT ( 'NONE',  ( 4.649999999999999467, 3.000000000000000000, 2.000000000000000000 ) ) ;
#1059 = CARTESIAN_POINT ( 'NONE',  ( 6.000000000000001776, 0.000000000000000000, 5.000000000000000000 ) ) ;
#1060 = EDGE_CURVE ( 'NONE', #313, #704, #1416, .T. ) ;
#1061 = ORIENTED_EDGE ( 'NONE', *, *, #808, .F. ) ;
#1062 = DIRECTION ( 'NONE',  ( 1.000000000000000000, 0.000000000000000000, 0.000000000000000000 ) ) ;
#1063 = CIRCLE ( 'NONE', #1248, 1.000000000000000000 ) ;
#1064 = DIRECTION ( 'NONE',  ( 0.000000000000000000, 0.000000000000000000, 1.000000000000000000 ) ) ;
#1065 = ORIENTED_EDGE ( 'NONE', *, *, #657, .F. ) ;
#1066 = DIRECTION ( 'NONE',  ( 1.000000000000000000, 0.000000000000000000, 0.000000000000000000 ) ) ;
#1067 = VECTOR ( 'NONE', #490, 1000.000000000000000 ) ;
#1068 = AXIS2_PLACEMENT_3D ( 'NONE', #878, #953, #1190 ) ;
#1069 = VECTOR ( 'NONE', #165, 1000.000000000000000 ) ;
#1070 = VERTEX_POINT ( 'NONE', #1330 ) ;
#1071 = EDGE_CURVE ( 'NONE', #573, #274, #917, .T. ) ;
#1072 = DIRECTION ( 'NONE',  ( -1.000000000000000000, 0.000000000000000000, 0.000000000000000000 ) ) ;
#1073 = CIRCLE ( 'NONE', #445, 1.649999999999999467 ) ;
#1074 = CYLINDRICAL_SURFACE ( 'NONE', #1280, 1.000000000000000000 ) ;
#1075 = CARTESIAN_POINT ( 'NONE',  ( 92.00000000000000000, 67.00000000000000000, 5.000000000000000000 ) ) ;
#1076 = CARTESIAN_POINT ( 'NONE',  ( 92.00000000000000000, 3.000000000000000000, 5.000000000000000000 ) ) ;
#1077 = ORIENTED_EDGE ( 'NONE', *, *, #584, .T. ) ;
#1078 = DIRECTION ( 'NONE',  ( 1.000000000000000000, 0.000000000000000000, 0.000000000000000000 ) ) ;
#1079 = EDGE_CURVE ( 'NONE', #1428, #649, #424, .T. ) ;
#1080 = ORIENTED_EDGE ( 'NONE', *, *, #789, .T. ) ;
#1081 = ORIENTED_EDGE ( 'NONE', *, *, #1083, .T. ) ;
#1082 = DIRECTION ( 'NONE',  ( 0.000000000000000000, 0.000000000000000000, 1.000000000000000000 ) ) ;
#1083 = EDGE_CURVE ( 'NONE', #560, #239, #1007, .T. ) ;
#1084 = CARTESIAN_POINT ( 'NONE',  ( 92.00000000000000000, 67.00000000000000000, 2.000000000000000000 ) ) ;
#1085 = CIRCLE ( 'NONE', #1378, 2.999999999999988898 ) ;
#1086 = VERTEX_POINT ( 'NONE', #546 ) ;
#1087 = CARTESIAN_POINT ( 'NONE',  ( 0.000000000000000000, 0.000000000000000000, 0.000000000000000000 ) ) ;
#1088 = CARTESIAN_POINT ( 'NONE',  ( 88.00000000000001421, 69.00000000000000000, 2.000000000000000000 ) ) ;
#1089 = DIRECTION ( 'NONE',  ( 1.000000000000000000, 0.000000000000000000, 0.000000000000000000 ) ) ;
#1090 = EDGE_CURVE ( 'NONE', #1156, #1338, #1207, .T. ) ;
#1091 = DIRECTION ( 'NONE',  ( 1.000000000000000000, 0.000000000000000000, 0.000000000000000000 ) ) ;
#1092 = EDGE_LOOP ( 'NONE', ( #156, #1145, #524, #1422 ) ) ;
#1093 = VECTOR ( 'NONE', #249, 1000.000000000000000 ) ;
#1094 = CARTESIAN_POINT ( 'NONE',  ( 0.000000000000000000, 0.000000000000000000, 5.000000000000000000 ) ) ;
#1095 = VECTOR ( 'NONE', #456, 1000.000000000000000 ) ;
#1096 = DIRECTION ( 'NONE',  ( 1.000000000000000000, 0.000000000000000000, 0.000000000000000000 ) ) ;
#1097 = CIRCLE ( 'NONE', #1004, 1.000000000000000888 ) ;
#1098 = CIRCLE ( 'NONE', #805, 1.000000000000000888 ) ;
#1099 = ORIENTED_EDGE ( 'NONE', *, *, #336, .F. ) ;
#1100 = CARTESIAN_POINT ( 'NONE',  ( 1.000000000000000000, 64.00000000000000000, 5.000000000000000000 ) ) ;
#1101 = ORIENTED_EDGE ( 'NONE', *, *, #626, .T. ) ;
#1102 = DIRECTION ( 'NONE',  ( 1.000000000000000000, 0.000000000000000000, 0.000000000000000000 ) ) ;
#1103 = DIRECTION ( 'NONE',  ( 1.000000000000000000, 0.000000000000000000, 0.000000000000000000 ) ) ;
#1104 = DIRECTION ( 'NONE',  ( 0.000000000000000000, -0.000000000000000000, -1.000000000000000000 ) ) ;
#1105 = ORIENTED_EDGE ( 'NONE', *, *, #278, .F. ) ;
#1106 = EDGE_CURVE ( 'NONE', #755, #29, #15, .T. ) ;
#1107 = FACE_BOUND ( 'NONE', #1299, .T. ) ;
#1108 = ORIENTED_EDGE ( 'NONE', *, *, #757, .T. ) ;
#1109 = DIRECTION ( 'NONE',  ( -0.000000000000000000, -0.000000000000000000, 1.000000000000000000 ) ) ;
#1110 = DIRECTION ( 'NONE',  ( 0.000000000000000000, 0.000000000000000000, 1.000000000000000000 ) ) ;
#1111 = DIRECTION ( 'NONE',  ( 0.000000000000000000, -1.000000000000000000, 0.000000000000000000 ) ) ;
#1112 = CIRCLE ( 'NONE', #1411, 3.000000000000000888 ) ;
#1113 = EDGE_LOOP ( 'NONE', ( #1418, #976, #774, #392 ) ) ;
#1114 = DIRECTION ( 'NONE',  ( 1.000000000000000000, 0.000000000000000000, 0.000000000000000000 ) ) ;
#1115 = ADVANCED_FACE ( 'NONE', ( #842 ), #53, .T. ) ;
#1116 = ADVANCED_FACE ( 'NONE', ( #38, #1269 ), #146, .T. ) ;
#1117 = ORIENTED_EDGE ( 'NONE', *, *, #871, .F. ) ;
#1118 = DIRECTION ( 'NONE',  ( -1.000000000000000000, 0.000000000000000000, 0.000000000000000000 ) ) ;
#1119 = LINE ( 'NONE', #121, #1095 ) ;
#1120 = CARTESIAN_POINT ( 'NONE',  ( 0.000000000000000000, 0.000000000000000000, 0.000000000000000000 ) ) ;
#1121 = CIRCLE ( 'NONE', #1235, 3.000000000000002665 ) ;
#1122 = VECTOR ( 'NONE', #894, 1000.000000000000000 ) ;
#1123 = ORIENTED_EDGE ( 'NONE', *, *, #233, .T. ) ;
#1124 = CARTESIAN_POINT ( 'NONE',  ( -0.000000000000000000, 64.00000000000001421, 5.000000000000000000 ) ) ;
#1125 = ORIENTED_EDGE ( 'NONE', *, *, #1060, .F. ) ;
#1126 = CARTESIAN_POINT ( 'NONE',  ( 7.000000000000001776, 69.00000000000000000, 2.000000000000000000 ) ) ;
#1127 = DIRECTION ( 'NONE',  ( 0.000000000000000000, 1.000000000000000000, -0.000000000000000000 ) ) ;
#1128 = EDGE_CURVE ( 'NONE', #29, #1053, #1098, .T. ) ;
#1129 = ORIENTED_EDGE ( 'NONE', *, *, #554, .F. ) ;
#1130 = DIRECTION ( 'NONE',  ( 0.000000000000000000, 0.000000000000000000, 1.000000000000000000 ) ) ;
#1131 = ORIENTED_EDGE ( 'NONE', *, *, #1229, .T. ) ;
#1132 = CARTESIAN_POINT ( 'NONE',  ( 92.00000000000000000, 3.000000000000000000, 2.000000000000000000 ) ) ;
#1133 = LINE ( 'NONE', #1364, #823 ) ;
#1134 = EDGE_CURVE ( 'NONE', #482, #16, #979, .T. ) ;
#1135 = VECTOR ( 'NONE', #210, 1000.000000000000000 ) ;
#1136 = FACE_OUTER_BOUND ( 'NONE', #1214, .T. ) ;
#1137 = ORIENTED_EDGE ( 'NONE', *, *, #578, .T. ) ;
#1138 = ORIENTED_EDGE ( 'NONE', *, *, #43, .T. ) ;
#1139 = CARTESIAN_POINT ( 'NONE',  ( 0.000000000000000000, 64.00000000000001421, 2.000000000000000000 ) ) ;
#1140 = DIRECTION ( 'NONE',  ( 1.000000000000000000, 0.000000000000000000, 0.000000000000000000 ) ) ;
#1141 = AXIS2_PLACEMENT_3D ( 'NONE', #1088, #86, #1118 ) ;
#1142 = VECTOR ( 'NONE', #841, 1000.000000000000000 ) ;
#1143 = AXIS2_PLACEMENT_3D ( 'NONE', #870, #1181, #646 ) ;
#1144 = ADVANCED_FACE ( 'NONE', ( #596 ), #354, .F. ) ;
#1145 = ORIENTED_EDGE ( 'NONE', *, *, #142, .F. ) ;
#1146 = EDGE_LOOP ( 'NONE', ( #458, #938, #1336, #1400 ) ) ;
#1147 = CARTESIAN_POINT ( 'NONE',  ( 3.000000000000000000, 0.000000000000000000, 5.000000000000000000 ) ) ;
#1148 = LINE ( 'NONE', #485, #1257 ) ;
#1149 = ORIENTED_EDGE ( 'NONE', *, *, #695, .T. ) ;
#1150 = EDGE_CURVE ( 'NONE', #362, #704, #1230, .T. ) ;
#1151 = DIRECTION ( 'NONE',  ( -0.000000000000000000, -0.000000000000000000, -1.000000000000000000 ) ) ;
#1152 = DIRECTION ( 'NONE',  ( -1.000000000000000000, 0.000000000000000000, 0.000000000000000000 ) ) ;
#1153 = CIRCLE ( 'NONE', #620, 1.649999999999998579 ) ;
#1154 = PLANE ( 'NONE',  #1024 ) ;
#1155 = DIRECTION ( 'NONE',  ( -1.000000000000000000, 0.000000000000000000, 0.000000000000000000 ) ) ;
#1156 = VERTEX_POINT ( 'NONE', #384 ) ;
#1157 = LINE ( 'NONE', #162, #1390 ) ;
#1158 = DIRECTION ( 'NONE',  ( 1.000000000000000000, 0.000000000000000000, 0.000000000000000000 ) ) ;
#1159 = EDGE_CURVE ( 'NONE', #680, #1409, #1063, .T. ) ;
#1160 = VERTEX_POINT ( 'NONE', #229 ) ;
#1161 = CARTESIAN_POINT ( 'NONE',  ( 1.350000000000000311, 3.000000000000000000, 2.000000000000000000 ) ) ;
#1162 = CIRCLE ( 'NONE', #26, 1.000000000000000000 ) ;
#1163 = VECTOR ( 'NONE', #706, 1000.000000000000000 ) ;
#1164 = AXIS2_PLACEMENT_3D ( 'NONE', #160, #1130, #1279 ) ;
#1165 = ORIENTED_EDGE ( 'NONE', *, *, #1368, .F. ) ;
#1166 = DIRECTION ( 'NONE',  ( -0.000000000000000000, -0.000000000000000000, 1.000000000000000000 ) ) ;
#1167 = CARTESIAN_POINT ( 'NONE',  ( 0.000000000000000000, 67.00000000000000000, 0.000000000000000000 ) ) ;
#1168 = FACE_OUTER_BOUND ( 'NONE', #22, .T. ) ;
#1169 = DIRECTION ( 'NONE',  ( 1.000000000000000000, 0.000000000000000000, 0.000000000000000000 ) ) ;
#1170 = ORIENTED_EDGE ( 'NONE', *, *, #195, .F. ) ;
#1171 = LINE ( 'NONE', #169, #465 ) ;
#1172 = DIRECTION ( 'NONE',  ( 1.000000000000000000, 0.000000000000000000, 0.000000000000000000 ) ) ;
#1173 = VERTEX_POINT ( 'NONE', #46 ) ;
#1174 = CARTESIAN_POINT ( 'NONE',  ( 0.000000000000000000, 0.000000000000000000, 0.000000000000000000 ) ) ;
#1175 = DIRECTION ( 'NONE',  ( -0.000000000000000000, 0.000000000000000000, -1.000000000000000000 ) ) ;
#1176 = EDGE_CURVE ( 'NONE', #968, #1380, #252, .T. ) ;
#1177 = ORIENTED_EDGE ( 'NONE', *, *, #494, .T. ) ;
#1178 = DIRECTION ( 'NONE',  ( 0.000000000000000000, 0.000000000000000000, 1.000000000000000000 ) ) ;
#1179 = ORIENTED_EDGE ( 'NONE', *, *, #1010, .T. ) ;
#1180 = DIRECTION ( 'NONE',  ( 1.000000000000000000, 0.000000000000000000, 0.000000000000000000 ) ) ;
#1181 = DIRECTION ( 'NONE',  ( 0.000000000000000000, 0.000000000000000000, -1.000000000000000000 ) ) ;
#1182 = ADVANCED_FACE ( 'NONE', ( #679 ), #833, .T. ) ;
#1183 = VECTOR ( 'NONE', #506, 1000.000000000000000 ) ;
#1184 = VECTOR ( 'NONE', #994, 1000.000000000000000 ) ;
#1185 = ORIENTED_EDGE ( 'NONE', *, *, #635, .T. ) ;
#1186 = FACE_OUTER_BOUND ( 'NONE', #840, .T. ) ;
#1187 = CIRCLE ( 'NONE', #1417, 1.649999999999998579 ) ;
#1188 = VERTEX_POINT ( 'NONE', #718 ) ;
#1189 = CARTESIAN_POINT ( 'NONE',  ( 6.000000000000001776, 0.000000000000000000, 2.000000000000000000 ) ) ;
#1190 = DIRECTION ( 'NONE',  ( 1.000000000000000000, 0.000000000000000000, 0.000000000000000000 ) ) ;
#1191 = ORIENTED_EDGE ( 'NONE', *, *, #166, .F. ) ;
#1192 = CYLINDRICAL_SURFACE ( 'NONE', #609, 1.649999999999998579 ) ;
#1193 = EDGE_CURVE ( 'NONE', #672, #755, #273, .T. ) ;
#1194 = VERTEX_POINT ( 'NONE', #1161 ) ;
#1195 = DIRECTION ( 'NONE',  ( -0.000000000000000000, -0.000000000000000000, -1.000000000000000000 ) ) ;
#1196 = DIRECTION ( 'NONE',  ( -0.000000000000000000, -0.000000000000000000, 1.000000000000000000 ) ) ;
#1197 = CYLINDRICAL_SURFACE ( 'NONE', #1271, 3.000000000000000000 ) ;
#1198 = ORIENTED_EDGE ( 'NONE', *, *, #495, .F. ) ;
#1199 = CARTESIAN_POINT ( 'NONE',  ( 3.000000000000000000, 6.000000000000000000, 2.000000000000000000 ) ) ;
#1200 = VERTEX_POINT ( 'NONE', #827 ) ;
#1201 = CARTESIAN_POINT ( 'NONE',  ( 95.00000000000000000, 67.00000000000000000, 0.000000000000000000 ) ) ;
#1202 = CARTESIAN_POINT ( 'NONE',  ( 0.000000000000000000, 64.00000000000000000, 2.000000000000000000 ) ) ;
#1203 = EDGE_CURVE ( 'NONE', #911, #29, #613, .T. ) ;
#1204 = DIRECTION ( 'NONE',  ( 0.000000000000000000, 0.000000000000000000, 1.000000000000000000 ) ) ;
#1205 = VERTEX_POINT ( 'NONE', #1263 ) ;
#1206 = AXIS2_PLACEMENT_3D ( 'NONE', #1354, #810, #1339 ) ;
#1207 = LINE ( 'NONE', #1059, #284 ) ;
#1208 = APPLICATION_PROTOCOL_DEFINITION ( 'draft international standard', 'automotive_design', 1998, #1313 ) ;
#1209 = VECTOR ( 'NONE', #13, 1000.000000000000000 ) ;
#1210 = LINE ( 'NONE', #209, #1000 ) ;
#1211 = AXIS2_PLACEMENT_3D ( 'NONE', #1374, #479, #922 ) ;
#1212 = CARTESIAN_POINT ( 'NONE',  ( 7.000000000000000000, 0.000000000000000000, 5.000000000000000000 ) ) ;
#1213 = EDGE_CURVE ( 'NONE', #961, #560, #217, .T. ) ;
#1214 = EDGE_LOOP ( 'NONE', ( #1177, #228, #919, #711 ) ) ;
#1215 = DIRECTION ( 'NONE',  ( -0.000000000000000000, -0.000000000000000000, 1.000000000000000000 ) ) ;
#1216 = ORIENTED_EDGE ( 'NONE', *, *, #848, .F. ) ;
#1217 = LINE ( 'NONE', #9, #890 ) ;
#1218 = CARTESIAN_POINT ( 'NONE',  ( 3.000000000000000000, 67.00000000000000000, 0.000000000000000000 ) ) ;
#1219 = LINE ( 'NONE', #1427, #1135 ) ;
#1220 = VECTOR ( 'NONE', #240, 1000.000000000000000 ) ;
#1221 = VERTEX_POINT ( 'NONE', #910 ) ;
#1222 = DIRECTION ( 'NONE',  ( -1.000000000000000000, 0.000000000000000000, -0.000000000000000000 ) ) ;
#1223 = ORIENTED_EDGE ( 'NONE', *, *, #1213, .T. ) ;
#1224 = CARTESIAN_POINT ( 'NONE',  ( 1.350000000000000755, 67.00000000000000000, 0.000000000000000000 ) ) ;
#1225 = CARTESIAN_POINT ( 'NONE',  ( 90.34999999999999432, 3.000000000000000000, 2.000000000000000000 ) ) ;
#1226 = PRODUCT_DEFINITION_SHAPE ( 'NONE', 'NONE',  #1351 ) ;
#1227 = AXIS2_PLACEMENT_3D ( 'NONE', #965, #1287, #980 ) ;
#1228 = ORIENTED_EDGE ( 'NONE', *, *, #757, .F. ) ;
#1229 = EDGE_CURVE ( 'NONE', #1188, #1070, #1343, .T. ) ;
#1230 = LINE ( 'NONE', #283, #837 ) ;
#1231 = VECTOR ( 'NONE', #1241, 1000.000000000000000 ) ;
#1232 = EDGE_LOOP ( 'NONE', ( #502, #1306 ) ) ;
#1233 = DIRECTION ( 'NONE',  ( 0.000000000000000000, 0.000000000000000000, -1.000000000000000000 ) ) ;
#1234 = LINE ( 'NONE', #450, #281 ) ;
#1235 = AXIS2_PLACEMENT_3D ( 'NONE', #667, #1110, #342 ) ;
#1236 = VECTOR ( 'NONE', #101, 1000.000000000000000 ) ;
#1237 = DIRECTION ( 'NONE',  ( -0.000000000000000000, -0.000000000000000000, 1.000000000000000000 ) ) ;
#1238 = ORIENTED_EDGE ( 'NONE', *, *, #520, .F. ) ;
#1239 = DIRECTION ( 'NONE',  ( -0.000000000000000000, -0.000000000000000000, 1.000000000000000000 ) ) ;
#1240 = ORIENTED_EDGE ( 'NONE', *, *, #385, .F. ) ;
#1241 = DIRECTION ( 'NONE',  ( -0.000000000000000000, -0.000000000000000000, 1.000000000000000000 ) ) ;
#1242 = DIRECTION ( 'NONE',  ( -0.000000000000000000, 0.000000000000000000, 1.000000000000000000 ) ) ;
#1243 = DIRECTION ( 'NONE',  ( 0.000000000000000000, 0.000000000000000000, 1.000000000000000000 ) ) ;
#1244 = ORIENTED_EDGE ( 'NONE', *, *, #422, .F. ) ;
#1245 = VERTEX_POINT ( 'NONE', #685 ) ;
#1246 = CARTESIAN_POINT ( 'NONE',  ( 6.000000000000000888, 67.00000000000000000, 2.000000000000000000 ) ) ;
#1247 = CARTESIAN_POINT ( 'NONE',  ( 94.00000000000000000, 63.00000000000001421, 5.000000000000000000 ) ) ;
#1248 = AXIS2_PLACEMENT_3D ( 'NONE', #1013, #346, #459 ) ;
#1249 = DIRECTION ( 'NONE',  ( 1.000000000000000000, 0.000000000000000000, -0.000000000000000000 ) ) ;
#1250 = ORIENTED_EDGE ( 'NONE', *, *, #728, .F. ) ;
#1251 = ORIENTED_EDGE ( 'NONE', *, *, #928, .F. ) ;
#1252 = DIRECTION ( 'NONE',  ( 0.000000000000000000, 1.000000000000000000, -0.000000000000000000 ) ) ;
#1253 = DIRECTION ( 'NONE',  ( -0.000000000000000000, -0.000000000000000000, 1.000000000000000000 ) ) ;
#1254 = AXIS2_PLACEMENT_3D ( 'NONE', #760, #103, #991 ) ;
#1255 = AXIS2_PLACEMENT_3D ( 'NONE', #992, #318, #897 ) ;
#1256 = DIRECTION ( 'NONE',  ( 0.000000000000000000, -1.000000000000000000, 0.000000000000000000 ) ) ;
#1257 = VECTOR ( 'NONE', #932, 1000.000000000000000 ) ;
#1258 = EDGE_CURVE ( 'NONE', #143, #672, #1085, .T. ) ;
#1259 = ORIENTED_EDGE ( 'NONE', *, *, #703, .F. ) ;
#1260 = ORIENTED_EDGE ( 'NONE', *, *, #43, .F. ) ;
#1261 = DIRECTION ( 'NONE',  ( 0.000000000000000000, 0.000000000000000000, -1.000000000000000000 ) ) ;
#1262 = DIRECTION ( 'NONE',  ( 1.000000000000000000, 0.000000000000000000, 0.000000000000000000 ) ) ;
#1263 = CARTESIAN_POINT ( 'NONE',  ( 93.64999999999999147, 3.000000000000000000, 2.000000000000000000 ) ) ;
#1264 = EDGE_CURVE ( 'NONE', #982, #684, #1112, .T. ) ;
#1265 = ORIENTED_EDGE ( 'NONE', *, *, #871, .T. ) ;
#1266 = DIRECTION ( 'NONE',  ( 0.000000000000000000, 0.000000000000000000, 1.000000000000000000 ) ) ;
#1267 = DIRECTION ( 'NONE',  ( 1.000000000000000000, 0.000000000000000000, 0.000000000000000000 ) ) ;
#1268 = DIRECTION ( 'NONE',  ( 1.000000000000000000, 0.000000000000000000, 0.000000000000000000 ) ) ;
#1269 = FACE_BOUND ( 'NONE', #1323, .T. ) ;
#1270 = CIRCLE ( 'NONE', #691, 2.999999999999988898 ) ;
#1271 = AXIS2_PLACEMENT_3D ( 'NONE', #196, #541, #551 ) ;
#1272 = EDGE_CURVE ( 'NONE', #218, #79, #797, .T. ) ;
#1273 = ORIENTED_EDGE ( 'NONE', *, *, #262, .F. ) ;
#1274 = CARTESIAN_POINT ( 'NONE',  ( 94.00000000000000000, 6.000000000000005329, 5.000000000000000000 ) ) ;
#1275 = DIRECTION ( 'NONE',  ( -0.000000000000000000, -0.000000000000000000, -1.000000000000000000 ) ) ;
#1276 = EDGE_CURVE ( 'NONE', #1200, #875, #1153, .T. ) ;
#1277 = PRODUCT_DEFINITION_CONTEXT ( 'detailed design', #1313, 'design' ) ;
#1278 = VECTOR ( 'NONE', #32, 1000.000000000000000 ) ;
#1279 = DIRECTION ( 'NONE',  ( 1.000000000000000000, 0.000000000000000000, 0.000000000000000000 ) ) ;
#1280 = AXIS2_PLACEMENT_3D ( 'NONE', #58, #74, #867 ) ;
#1281 = CIRCLE ( 'NONE', #27, 3.000000000000000888 ) ;
#1282 = ORIENTED_EDGE ( 'NONE', *, *, #1134, .F. ) ;
#1283 = CYLINDRICAL_SURFACE ( 'NONE', #750, 1.649999999999999467 ) ;
#1284 = ORIENTED_EDGE ( 'NONE', *, *, #530, .T. ) ;
#1285 = DIRECTION ( 'NONE',  ( 1.000000000000000000, 0.000000000000000000, 0.000000000000000000 ) ) ;
#1286 = EDGE_CURVE ( 'NONE', #288, #624, #993, .T. ) ;
#1287 = DIRECTION ( 'NONE',  ( 0.000000000000000000, 1.000000000000000000, 0.000000000000000000 ) ) ;
#1288 = VERTEX_POINT ( 'NONE', #639 ) ;
#1289 = CARTESIAN_POINT ( 'NONE',  ( 90.34999999999999432, 67.00000000000000000, 0.000000000000000000 ) ) ;
#1290 = EDGE_CURVE ( 'NONE', #79, #264, #291, .T. ) ;
#1291 = LINE ( 'NONE', #1312, #221 ) ;
#1292 = ORIENTED_EDGE ( 'NONE', *, *, #619, .F. ) ;
#1293 = CARTESIAN_POINT ( 'NONE',  ( 3.000000000000000000, 3.000000000000000000, 2.000000000000000000 ) ) ;
#1294 = ORIENTED_EDGE ( 'NONE', *, *, #1290, .T. ) ;
#1295 = DIRECTION ( 'NONE',  ( 0.000000000000000000, 1.000000000000000000, -0.000000000000000000 ) ) ;
#1296 = DIRECTION ( 'NONE',  ( -0.000000000000000000, -0.000000000000000000, 1.000000000000000000 ) ) ;
#1297 = ADVANCED_FACE ( 'NONE', ( #428 ), #856, .T. ) ;
#1298 = CIRCLE ( 'NONE', #328, 1.649999999999999467 ) ;
#1299 = EDGE_LOOP ( 'NONE', ( #739, #1108 ) ) ;
#1300 = DIRECTION ( 'NONE',  ( -1.000000000000000000, 0.000000000000000000, 0.000000000000000000 ) ) ;
#1301 = AXIS2_PLACEMENT_3D ( 'NONE', #339, #561, #1300 ) ;
#1302 = EDGE_LOOP ( 'NONE', ( #637, #77 ) ) ;
#1303 = DIRECTION ( 'NONE',  ( 1.000000000000000000, 0.000000000000000000, 0.000000000000000000 ) ) ;
#1304 = CARTESIAN_POINT ( 'NONE',  ( 7.000000000000001776, 69.00000000000000000, 5.000000000000000000 ) ) ;
#1305 = DIRECTION ( 'NONE',  ( 0.000000000000000000, 0.000000000000000000, 1.000000000000000000 ) ) ;
#1306 = ORIENTED_EDGE ( 'NONE', *, *, #861, .T. ) ;
#1307 = EDGE_CURVE ( 'NONE', #844, #356, #470, .T. ) ;
#1308 = PLANE ( 'NONE',  #421 ) ;
#1309 = ORIENTED_EDGE ( 'NONE', *, *, #195, .T. ) ;
#1310 = CYLINDRICAL_SURFACE ( 'NONE', #1141, 1.000000000000000888 ) ;
#1311 = FACE_OUTER_BOUND ( 'NONE', #433, .T. ) ;
#1312 = CARTESIAN_POINT ( 'NONE',  ( 0.000000000000000000, 70.00000000000000000, 5.000000000000000000 ) ) ;
#1313 = APPLICATION_CONTEXT ( 'automotive_design' ) ;
#1314 = EDGE_LOOP ( 'NONE', ( #193, #407, #597, #809 ) ) ;
#1315 = DIRECTION ( 'NONE',  ( -0.000000000000000000, -0.000000000000000000, 1.000000000000000000 ) ) ;
#1316 = PRODUCT_DEFINITION_FORMATION_WITH_SPECIFIED_SOURCE ( 'ANY', '', #460, .NOT_KNOWN. ) ;
#1317 = LINE ( 'NONE', #1224, #115 ) ;
#1318 = PLANE ( 'NONE',  #303 ) ;
#1319 = EDGE_LOOP ( 'NONE', ( #1244, #1129, #414, #498 ) ) ;
#1320 = AXIS2_PLACEMENT_3D ( 'NONE', #1126, #1151, #257 ) ;
#1321 = LINE ( 'NONE', #665, #493 ) ;
#1322 = VECTOR ( 'NONE', #776, 1000.000000000000000 ) ;
#1323 = EDGE_LOOP ( 'NONE', ( #1123, #39 ) ) ;
#1324 = DIRECTION ( 'NONE',  ( 0.000000000000000000, 1.000000000000000000, -0.000000000000000000 ) ) ;
#1325 = CARTESIAN_POINT ( 'NONE',  ( 6.000000000000000000, 1.000000000000000000, 5.000000000000000000 ) ) ;
#1326 = MECHANICAL_DESIGN_GEOMETRIC_PRESENTATION_REPRESENTATION (  '', ( #1044 ), #282 ) ;
#1327 = EDGE_CURVE ( 'NONE', #389, #316, #540, .T. ) ;
#1328 = UNCERTAINTY_MEASURE_WITH_UNIT (LENGTH_MEASURE( 1.000000000000000082E-05 ), #811, 'distance_accuracy_value', 'NONE');
#1329 = ORIENTED_EDGE ( 'NONE', *, *, #1352, .T. ) ;
#1330 = CARTESIAN_POINT ( 'NONE',  ( 3.000000000000000000, 70.00000000000000000, 2.000000000000000000 ) ) ;
#1331 = ORIENTED_EDGE ( 'NONE', *, *, #150, .F. ) ;
#1332 = DIRECTION ( 'NONE',  ( 0.000000000000000000, -1.000000000000000000, 0.000000000000000000 ) ) ;
#1333 = CARTESIAN_POINT ( 'NONE',  ( 6.000000000000000888, 67.00000000000000000, 2.000000000000000000 ) ) ;
#1334 = EDGE_CURVE ( 'NONE', #141, #362, #1270, .T. ) ;
#1335 = EDGE_CURVE ( 'NONE', #313, #119, #1291, .T. ) ;
#1336 = ORIENTED_EDGE ( 'NONE', *, *, #1397, .F. ) ;
#1337 = DIRECTION ( 'NONE',  ( 0.000000000000000000, 0.000000000000000000, -1.000000000000000000 ) ) ;
#1338 = VERTEX_POINT ( 'NONE', #297 ) ;
#1339 = DIRECTION ( 'NONE',  ( 1.000000000000000000, 0.000000000000000000, 0.000000000000000000 ) ) ;
#1340 = DIRECTION ( 'NONE',  ( -1.000000000000000000, 0.000000000000000000, -0.000000000000000000 ) ) ;
#1341 = CYLINDRICAL_SURFACE ( 'NONE', #565, 1.649999999999999467 ) ;
#1342 = ORIENTED_EDGE ( 'NONE', *, *, #12, .F. ) ;
#1343 = LINE ( 'NONE', #267, #1220 ) ;
#1344 = AXIS2_PLACEMENT_3D ( 'NONE', #1139, #242, #687 ) ;
#1345 = ORIENTED_EDGE ( 'NONE', *, *, #277, .T. ) ;
#1346 = CARTESIAN_POINT ( 'NONE',  ( 95.00000000000000000, 0.000000000000000000, 2.000000000000000000 ) ) ;
#1347 = DIRECTION ( 'NONE',  ( 0.000000000000000000, -0.000000000000000000, 1.000000000000000000 ) ) ;
#1348 = AXIS2_PLACEMENT_3D ( 'NONE', #1218, #427, #442 ) ;
#1349 = VECTOR ( 'NONE', #93, 1000.000000000000000 ) ;
#1350 = ORIENTED_EDGE ( 'NONE', *, *, #768, .T. ) ;
#1351 = PRODUCT_DEFINITION ( 'UNKNOWN', '', #1316, #1277 ) ;
#1352 = EDGE_CURVE ( 'NONE', #161, #119, #850, .T. ) ;
#1353 = ORIENTED_EDGE ( 'NONE', *, *, #1106, .F. ) ;
#1354 = CARTESIAN_POINT ( 'NONE',  ( 92.00000000000000000, 67.00000000000000000, 0.000000000000000000 ) ) ;
#1355 = CYLINDRICAL_SURFACE ( 'NONE', #47, 1.000000000000000888 ) ;
#1356 = DIRECTION ( 'NONE',  ( 0.000000000000000000, 1.000000000000000000, -0.000000000000000000 ) ) ;
#1357 = ORIENTED_EDGE ( 'NONE', *, *, #142, .T. ) ;
#1358 = ORIENTED_EDGE ( 'NONE', *, *, #1286, .F. ) ;
#1359 = DIRECTION ( 'NONE',  ( -0.000000000000000000, -0.000000000000000000, 1.000000000000000000 ) ) ;
#1360 = SURFACE_STYLE_USAGE ( .BOTH. , #577 ) ;
#1361 = ADVANCED_FACE ( 'NONE', ( #1412 ), #971, .F. ) ;
#1362 = ORIENTED_EDGE ( 'NONE', *, *, #1327, .F. ) ;
#1363 = CARTESIAN_POINT ( 'NONE',  ( 6.000000000000000000, 0.000000000000000000, 2.000000000000000000 ) ) ;
#1364 = CARTESIAN_POINT ( 'NONE',  ( 89.00000000000001421, 0.000000000000000000, 5.000000000000000000 ) ) ;
#1365 = VECTOR ( 'NONE', #1166, 1000.000000000000000 ) ;
#1366 = VECTOR ( 'NONE', #800, 1000.000000000000000 ) ;
#1367 = EDGE_CURVE ( 'NONE', #686, #100, #839, .T. ) ;
#1368 = EDGE_CURVE ( 'NONE', #1388, #102, #648, .T. ) ;
#1369 = CARTESIAN_POINT ( 'NONE',  ( 95.00000000000000000, 0.000000000000000000, 5.000000000000000000 ) ) ;
#1370 = DIRECTION ( 'NONE',  ( 0.000000000000000000, 0.000000000000000000, 1.000000000000000000 ) ) ;
#1371 = VECTOR ( 'NONE', #33, 1000.000000000000000 ) ;
#1372 = ORIENTED_EDGE ( 'NONE', *, *, #1090, .T. ) ;
#1373 = LINE ( 'NONE', #712, #864 ) ;
#1374 = CARTESIAN_POINT ( 'NONE',  ( 3.000000000000000000, 67.00000000000000000, 0.000000000000000000 ) ) ;
#1375 = CARTESIAN_POINT ( 'NONE',  ( 0.000000000000000000, 0.000000000000000000, 2.000000000000000000 ) ) ;
#1376 = DIRECTION ( 'NONE',  ( -0.000000000000000000, -0.000000000000000000, -1.000000000000000000 ) ) ;
#1377 = ADVANCED_FACE ( 'NONE', ( #517 ), #411, .T. ) ;
#1378 = AXIS2_PLACEMENT_3D ( 'NONE', #708, #602, #1421 ) ;
#1379 = ADVANCED_FACE ( 'NONE', ( #88 ), #406, .T. ) ;
#1380 = VERTEX_POINT ( 'NONE', #302 ) ;
#1381 = DIRECTION ( 'NONE',  ( 0.000000000000000000, -1.000000000000000000, 0.000000000000000000 ) ) ;
#1382 = CYLINDRICAL_SURFACE ( 'NONE', #469, 1.649999999999998579 ) ;
#1383 = DIRECTION ( 'NONE',  ( 0.000000000000000000, 1.000000000000000000, -0.000000000000000000 ) ) ;
#1384 = ORIENTED_EDGE ( 'NONE', *, *, #1079, .T. ) ;
#1385 = ADVANCED_FACE ( 'NONE', ( #746 ), #1197, .T. ) ;
#1386 = CARTESIAN_POINT ( 'NONE',  ( 6.000000000000000000, 3.000000000000000000, 2.000000000000000000 ) ) ;
#1387 = CYLINDRICAL_SURFACE ( 'NONE', #182, 3.000000000000000000 ) ;
#1388 = VERTEX_POINT ( 'NONE', #683 ) ;
#1389 = DIRECTION ( 'NONE',  ( 1.000000000000000000, 0.000000000000000000, -0.000000000000000000 ) ) ;
#1390 = VECTOR ( 'NONE', #1266, 1000.000000000000000 ) ;
#1391 = DIRECTION ( 'NONE',  ( 1.000000000000000000, 0.000000000000000000, 0.000000000000000000 ) ) ;
#1392 = DIRECTION ( 'NONE',  ( -1.000000000000000000, -0.000000000000000000, -0.000000000000000000 ) ) ;
#1393 = AXIS2_PLACEMENT_3D ( 'NONE', #1410, #416, #1389 ) ;
#1394 = AXIS2_PLACEMENT_3D ( 'NONE', #507, #634, #1172 ) ;
#1395 = ORIENTED_EDGE ( 'NONE', *, *, #385, .T. ) ;
#1396 = DIRECTION ( 'NONE',  ( 1.000000000000000000, 0.000000000000000000, 0.000000000000000000 ) ) ;
#1397 = EDGE_CURVE ( 'NONE', #351, #1194, #929, .T. ) ;
#1398 = EDGE_CURVE ( 'NONE', #161, #1070, #113, .T. ) ;
#1399 = CARTESIAN_POINT ( 'NONE',  ( 1.000000000000000000, 7.000000000000000000, 5.000000000000000000 ) ) ;
#1400 = ORIENTED_EDGE ( 'NONE', *, *, #981, .F. ) ;
#1401 = CARTESIAN_POINT ( 'NONE',  ( 3.000000000000000000, 67.00000000000000000, 2.000000000000000000 ) ) ;
#1402 = ORIENTED_EDGE ( 'NONE', *, *, #352, .T. ) ;
#1403 = LINE ( 'NONE', #1174, #868 ) ;
#1404 = EDGE_CURVE ( 'NONE', #1408, #288, #124, .T. ) ;
#1405 = DIRECTION ( 'NONE',  ( 0.000000000000000000, 0.000000000000000000, 1.000000000000000000 ) ) ;
#1406 = EDGE_LOOP ( 'NONE', ( #1020, #425 ) ) ;
#1407 = DIRECTION ( 'NONE',  ( 0.000000000000000000, 0.000000000000000000, 1.000000000000000000 ) ) ;
#1408 = VERTEX_POINT ( 'NONE', #225 ) ;
#1409 = VERTEX_POINT ( 'NONE', #1212 ) ;
#1410 = CARTESIAN_POINT ( 'NONE',  ( 3.000000000000000000, 3.000000000000000000, 2.000000000000000000 ) ) ;
#1411 = AXIS2_PLACEMENT_3D ( 'NONE', #312, #1204, #180 ) ;
#1412 = FACE_OUTER_BOUND ( 'NONE', #329, .T. ) ;
#1413 = EDGE_CURVE ( 'NONE', #1173, #955, #1036, .T. ) ;
#1414 = VECTOR ( 'NONE', #1275, 1000.000000000000000 ) ;
#1415 = ORIENTED_EDGE ( 'NONE', *, *, #430, .F. ) ;
#1416 = LINE ( 'NONE', #782, #1236 ) ;
#1417 = AXIS2_PLACEMENT_3D ( 'NONE', #129, #1022, #1140 ) ;
#1418 = ORIENTED_EDGE ( 'NONE', *, *, #307, .F. ) ;
#1419 = CARTESIAN_POINT ( 'NONE',  ( 0.000000000000000000, 63.00000000000000000, 5.000000000000000000 ) ) ;
#1420 = LINE ( 'NONE', #877, #1437 ) ;
#1421 = DIRECTION ( 'NONE',  ( 1.000000000000000000, 0.000000000000000000, 0.000000000000000000 ) ) ;
#1422 = ORIENTED_EDGE ( 'NONE', *, *, #1352, .F. ) ;
#1423 = CYLINDRICAL_SURFACE ( 'NONE', #892, 3.000000000000000000 ) ;
#1424 = ORIENTED_EDGE ( 'NONE', *, *, #768, .F. ) ;
#1425 = LINE ( 'NONE', #888, #1041 ) ;
#1426 = CARTESIAN_POINT ( 'NONE',  ( 92.00000000000000000, 64.00000000000001421, 5.000000000000000000 ) ) ;
#1427 = CARTESIAN_POINT ( 'NONE',  ( 4.649999999999999467, 67.00000000000000000, 0.000000000000000000 ) ) ;
#1428 = VERTEX_POINT ( 'NONE', #11 ) ;
#1429 = FACE_BOUND ( 'NONE', #1232, .T. ) ;
#1430 = EDGE_CURVE ( 'NONE', #1173, #345, #1219, .T. ) ;
#1431 = LINE ( 'NONE', #666, #654 ) ;
#1432 = CARTESIAN_POINT ( 'NONE',  ( 3.000000000000000000, 3.000000000000000000, 0.000000000000000000 ) ) ;
#1433 = FACE_OUTER_BOUND ( 'NONE', #409, .T. ) ;
#1434 = EDGE_LOOP ( 'NONE', ( #556, #664, #199, #1099 ) ) ;
#1435 = VECTOR ( 'NONE', #1332, 1000.000000000000000 ) ;
#1436 = DIRECTION ( 'NONE',  ( -0.000000000000000000, -0.000000000000000000, 1.000000000000000000 ) ) ;
#1437 = VECTOR ( 'NONE', #435, 1000.000000000000000 ) ;
#1438 = ORIENTED_EDGE ( 'NONE', *, *, #233, .F. ) ;
#1439 = FACE_OUTER_BOUND ( 'NONE', #895, .T. ) ;
ENDSEC;
END-ISO-10303-21;
