ISO-10303-21;
HEADER;
FILE_DESCRIPTION(('KiCad electronic assembly'),'2;1');
FILE_NAME('weight_measurement.step','2024-10-06T01:00:22',('Pcbnew'),(
    'Kicad'),'Open CASCADE STEP processor 7.8','KiCad to STEP converter'
  ,'Unknown');
FILE_SCHEMA(('AUTOMOTIVE_DESIGN { 1 0 10303 214 1 1 1 1 }'));
ENDSEC;
DATA;
#1 = APPLICATION_PROTOCOL_DEFINITION('international standard',
  'automotive_design',2000,#2);
#2 = APPLICATION_CONTEXT(
  'core data for automotive mechanical design processes');
#3 = SHAPE_DEFINITION_REPRESENTATION(#4,#10);
#4 = PRODUCT_DEFINITION_SHAPE('','',#5);
#5 = PRODUCT_DEFINITION('design','',#6,#9);
#6 = PRODUCT_DEFINITION_FORMATION('','',#7);
#7 = PRODUCT('weight_measurement 1','weight_measurement 1','',(#8));
#8 = PRODUCT_CONTEXT('',#2,'mechanical');
#9 = PRODUCT_DEFINITION_CONTEXT('part definition',#2,'design');
#10 = SHAPE_REPRESENTATION('',(#11,#15,#19,#23,#27),#31);
#11 = AXIS2_PLACEMENT_3D('',#12,#13,#14);
#12 = CARTESIAN_POINT('',(0.,0.,0.));
#13 = DIRECTION('',(0.,0.,1.));
#14 = DIRECTION('',(1.,0.,-0.));
#15 = AXIS2_PLACEMENT_3D('',#16,#17,#18);
#16 = CARTESIAN_POINT('',(99.,-79.5,1.649978));
#17 = DIRECTION('',(0.,-0.,1.));
#18 = DIRECTION('',(1.110223024625E-16,1.,0.));
#19 = AXIS2_PLACEMENT_3D('',#20,#21,#22);
#20 = CARTESIAN_POINT('',(120.,-79.5,1.649978));
#21 = DIRECTION('',(0.,-0.,1.));
#22 = DIRECTION('',(1.110223024625E-16,1.,0.));
#23 = AXIS2_PLACEMENT_3D('',#24,#25,#26);
#24 = CARTESIAN_POINT('',(91.,-79.5,1.649978));
#25 = DIRECTION('',(0.,-0.,1.));
#26 = DIRECTION('',(1.110223024625E-16,1.,0.));
#27 = AXIS2_PLACEMENT_3D('',#28,#29,#30);
#28 = CARTESIAN_POINT('',(0.,0.,0.));
#29 = DIRECTION('',(0.,0.,1.));
#30 = DIRECTION('',(1.,0.,-0.));
#31 = ( GEOMETRIC_REPRESENTATION_CONTEXT(3) 
GLOBAL_UNCERTAINTY_ASSIGNED_CONTEXT((#35)) GLOBAL_UNIT_ASSIGNED_CONTEXT(
(#32,#33,#34)) REPRESENTATION_CONTEXT('Context #1',
  '3D Context with UNIT and UNCERTAINTY') );
#32 = ( LENGTH_UNIT() NAMED_UNIT(*) SI_UNIT(.MILLI.,.METRE.) );
#33 = ( NAMED_UNIT(*) PLANE_ANGLE_UNIT() SI_UNIT($,.RADIAN.) );
#34 = ( NAMED_UNIT(*) SI_UNIT($,.STERADIAN.) SOLID_ANGLE_UNIT() );
#35 = UNCERTAINTY_MEASURE_WITH_UNIT(LENGTH_MEASURE(2.E-05),#32,
  'distance_accuracy_value','confusion accuracy');
#36 = PRODUCT_RELATED_PRODUCT_CATEGORY('part',$,(#7));
#37 = SHAPE_DEFINITION_REPRESENTATION(#38,#44);
#38 = PRODUCT_DEFINITION_SHAPE('','',#39);
#39 = PRODUCT_DEFINITION('design','',#40,#43);
#40 = PRODUCT_DEFINITION_FORMATION('','',#41);
#41 = PRODUCT('C_Radial_D6.3mm_H5.0mm_P2.50mm',
  'C_Radial_D6.3mm_H5.0mm_P2.50mm','',(#42));
#42 = PRODUCT_CONTEXT('',#2,'mechanical');
#43 = PRODUCT_DEFINITION_CONTEXT('part definition',#2,'design');
#44 = SHAPE_REPRESENTATION('',(#11,#45),#49);
#45 = AXIS2_PLACEMENT_3D('',#46,#47,#48);
#46 = CARTESIAN_POINT('',(0.,0.,0.));
#47 = DIRECTION('',(0.,0.,1.));
#48 = DIRECTION('',(1.,0.,-0.));
#49 = ( GEOMETRIC_REPRESENTATION_CONTEXT(3) 
GLOBAL_UNCERTAINTY_ASSIGNED_CONTEXT((#53)) GLOBAL_UNIT_ASSIGNED_CONTEXT(
(#50,#51,#52)) REPRESENTATION_CONTEXT('Context #1',
  '3D Context with UNIT and UNCERTAINTY') );
#50 = ( LENGTH_UNIT() NAMED_UNIT(*) SI_UNIT(.MILLI.,.METRE.) );
#51 = ( NAMED_UNIT(*) PLANE_ANGLE_UNIT() SI_UNIT($,.RADIAN.) );
#52 = ( NAMED_UNIT(*) SI_UNIT($,.STERADIAN.) SOLID_ANGLE_UNIT() );
#53 = UNCERTAINTY_MEASURE_WITH_UNIT(LENGTH_MEASURE(2.E-06),#50,
  'distance_accuracy_value','confusion accuracy');
#54 = CONTEXT_DEPENDENT_SHAPE_REPRESENTATION(#55,#57);
#55 = ( REPRESENTATION_RELATIONSHIP('','',#44,#10) 
REPRESENTATION_RELATIONSHIP_WITH_TRANSFORMATION(#56) 
SHAPE_REPRESENTATION_RELATIONSHIP() );
#56 = ITEM_DEFINED_TRANSFORMATION('','',#11,#15);
#57 = PRODUCT_DEFINITION_SHAPE('Placement','Placement of an item',#58);
#58 = NEXT_ASSEMBLY_USAGE_OCCURRENCE('2','C3','',#5,#39,$);
#59 = PRODUCT_RELATED_PRODUCT_CATEGORY('part',$,(#41));
#60 = SHAPE_DEFINITION_REPRESENTATION(#61,#67);
#61 = PRODUCT_DEFINITION_SHAPE('','',#62);
#62 = PRODUCT_DEFINITION('design','',#63,#66);
#63 = PRODUCT_DEFINITION_FORMATION('','',#64);
#64 = PRODUCT('C_Radial_D63mm_H50mm_P250mm',
  'C_Radial_D63mm_H50mm_P250mm','',(#65));
#65 = PRODUCT_CONTEXT('',#2,'mechanical');
#66 = PRODUCT_DEFINITION_CONTEXT('part definition',#2,'design');
#67 = ADVANCED_BREP_SHAPE_REPRESENTATION('',(#11,#68),#1055);
#68 = BREP_WITH_VOIDS('',#69,(#992));
#69 = CLOSED_SHELL('',(#70,#87,#112,#143,#168,#193,#213,#222,#252,#287,
    #360,#400,#473,#498,#524,#544,#714,#784,#808,#824,#836,#860,#876,
    #888,#912,#928,#940,#964,#980));
#70 = ADVANCED_FACE('',(#71),#82,.F.);
#71 = FACE_BOUND('',#72,.F.);
#72 = EDGE_LOOP('',(#73));
#73 = ORIENTED_EDGE('',*,*,#74,.T.);
#74 = EDGE_CURVE('',#75,#75,#77,.T.);
#75 = VERTEX_POINT('',#76);
#76 = CARTESIAN_POINT('',(2.2,-1.16341445919E-16,-1.9));
#77 = CIRCLE('',#78,0.3);
#78 = AXIS2_PLACEMENT_3D('',#79,#80,#81);
#79 = CARTESIAN_POINT('',(2.5,-1.530808498934E-16,-1.9));
#80 = DIRECTION('',(0.,0.,1.));
#81 = DIRECTION('',(-1.,1.224646799147E-16,0.));
#82 = PLANE('',#83);
#83 = AXIS2_PLACEMENT_3D('',#84,#85,#86);
#84 = CARTESIAN_POINT('',(2.5,-1.586395919611E-16,-1.9));
#85 = DIRECTION('',(0.,0.,1.));
#86 = DIRECTION('',(-1.,1.224646799147E-16,0.));
#87 = ADVANCED_FACE('',(#88),#107,.T.);
#88 = FACE_BOUND('',#89,.T.);
#89 = EDGE_LOOP('',(#90,#99,#105,#106));
#90 = ORIENTED_EDGE('',*,*,#91,.F.);
#91 = EDGE_CURVE('',#92,#92,#94,.T.);
#92 = VERTEX_POINT('',#93);
#93 = CARTESIAN_POINT('',(2.2,-1.16341445919E-16,0.2));
#94 = CIRCLE('',#95,0.3);
#95 = AXIS2_PLACEMENT_3D('',#96,#97,#98);
#96 = CARTESIAN_POINT('',(2.5,-1.530808498934E-16,0.2));
#97 = DIRECTION('',(0.,0.,1.));
#98 = DIRECTION('',(-1.,1.224646799147E-16,0.));
#99 = ORIENTED_EDGE('',*,*,#100,.T.);
#100 = EDGE_CURVE('',#92,#75,#101,.T.);
#101 = LINE('',#102,#103);
#102 = CARTESIAN_POINT('',(2.2,-1.16341445919E-16,0.3));
#103 = VECTOR('',#104,1.);
#104 = DIRECTION('',(0.,0.,-1.));
#105 = ORIENTED_EDGE('',*,*,#74,.T.);
#106 = ORIENTED_EDGE('',*,*,#100,.F.);
#107 = CYLINDRICAL_SURFACE('',#108,0.3);
#108 = AXIS2_PLACEMENT_3D('',#109,#110,#111);
#109 = CARTESIAN_POINT('',(2.5,-1.530808498934E-16,0.3));
#110 = DIRECTION('',(0.,0.,1.));
#111 = DIRECTION('',(-1.,1.224646799147E-16,0.));
#112 = ADVANCED_FACE('',(#113,#124,#127),#138,.F.);
#113 = FACE_BOUND('',#114,.F.);
#114 = EDGE_LOOP('',(#115));
#115 = ORIENTED_EDGE('',*,*,#116,.T.);
#116 = EDGE_CURVE('',#117,#117,#119,.T.);
#117 = VERTEX_POINT('',#118);
#118 = CARTESIAN_POINT('',(3.455,-5.40069238424E-16,0.2));
#119 = CIRCLE('',#120,2.205);
#120 = AXIS2_PLACEMENT_3D('',#121,#122,#123);
#121 = CARTESIAN_POINT('',(1.25,0.,0.2));
#122 = DIRECTION('',(-0.,0.,1.));
#123 = DIRECTION('',(1.,-2.449293598295E-16,0.));
#124 = FACE_BOUND('',#125,.F.);
#125 = EDGE_LOOP('',(#126));
#126 = ORIENTED_EDGE('',*,*,#91,.F.);
#127 = FACE_BOUND('',#128,.F.);
#128 = EDGE_LOOP('',(#129));
#129 = ORIENTED_EDGE('',*,*,#130,.F.);
#130 = EDGE_CURVE('',#131,#131,#133,.T.);
#131 = VERTEX_POINT('',#132);
#132 = CARTESIAN_POINT('',(-0.3,1.898202538678E-16,0.2));
#133 = CIRCLE('',#134,0.3);
#134 = AXIS2_PLACEMENT_3D('',#135,#136,#137);
#135 = CARTESIAN_POINT('',(0.,1.530808498934E-16,0.2));
#136 = DIRECTION('',(0.,0.,1.));
#137 = DIRECTION('',(-1.,1.224646799147E-16,0.));
#138 = PLANE('',#139);
#139 = AXIS2_PLACEMENT_3D('',#140,#141,#142);
#140 = CARTESIAN_POINT('',(1.25,1.425463059326E-16,0.2));
#141 = DIRECTION('',(0.,0.,1.));
#142 = DIRECTION('',(1.,-2.449293598295E-16,0.));
#143 = ADVANCED_FACE('',(#144),#163,.F.);
#144 = FACE_BOUND('',#145,.F.);
#145 = EDGE_LOOP('',(#146,#147,#155,#162));
#146 = ORIENTED_EDGE('',*,*,#116,.F.);
#147 = ORIENTED_EDGE('',*,*,#148,.T.);
#148 = EDGE_CURVE('',#117,#149,#151,.T.);
#149 = VERTEX_POINT('',#150);
#150 = CARTESIAN_POINT('',(3.455,-5.40069238424E-16,0.));
#151 = LINE('',#152,#153);
#152 = CARTESIAN_POINT('',(3.455,-5.40069238424E-16,0.3));
#153 = VECTOR('',#154,1.);
#154 = DIRECTION('',(0.,0.,-1.));
#155 = ORIENTED_EDGE('',*,*,#156,.F.);
#156 = EDGE_CURVE('',#149,#149,#157,.T.);
#157 = CIRCLE('',#158,2.205);
#158 = AXIS2_PLACEMENT_3D('',#159,#160,#161);
#159 = CARTESIAN_POINT('',(1.25,0.,0.));
#160 = DIRECTION('',(0.,-0.,-1.));
#161 = DIRECTION('',(1.,-2.449293598295E-16,0.));
#162 = ORIENTED_EDGE('',*,*,#148,.F.);
#163 = CYLINDRICAL_SURFACE('',#164,2.205);
#164 = AXIS2_PLACEMENT_3D('',#165,#166,#167);
#165 = CARTESIAN_POINT('',(1.25,0.,0.3));
#166 = DIRECTION('',(0.,0.,-1.));
#167 = DIRECTION('',(1.,-2.449293598295E-16,0.));
#168 = ADVANCED_FACE('',(#169),#188,.T.);
#169 = FACE_BOUND('',#170,.T.);
#170 = EDGE_LOOP('',(#171,#172,#180,#187));
#171 = ORIENTED_EDGE('',*,*,#130,.F.);
#172 = ORIENTED_EDGE('',*,*,#173,.T.);
#173 = EDGE_CURVE('',#131,#174,#176,.T.);
#174 = VERTEX_POINT('',#175);
#175 = CARTESIAN_POINT('',(-0.3,1.898202538678E-16,-2.));
#176 = LINE('',#177,#178);
#177 = CARTESIAN_POINT('',(-0.3,1.898202538678E-16,0.3));
#178 = VECTOR('',#179,1.);
#179 = DIRECTION('',(0.,0.,-1.));
#180 = ORIENTED_EDGE('',*,*,#181,.T.);
#181 = EDGE_CURVE('',#174,#174,#182,.T.);
#182 = CIRCLE('',#183,0.3);
#183 = AXIS2_PLACEMENT_3D('',#184,#185,#186);
#184 = CARTESIAN_POINT('',(0.,1.530808498934E-16,-2.));
#185 = DIRECTION('',(0.,0.,1.));
#186 = DIRECTION('',(-1.,1.224646799147E-16,0.));
#187 = ORIENTED_EDGE('',*,*,#173,.F.);
#188 = CYLINDRICAL_SURFACE('',#189,0.3);
#189 = AXIS2_PLACEMENT_3D('',#190,#191,#192);
#190 = CARTESIAN_POINT('',(0.,1.530808498934E-16,0.3));
#191 = DIRECTION('',(0.,0.,1.));
#192 = DIRECTION('',(-1.,1.224646799147E-16,0.));
#193 = ADVANCED_FACE('',(#194,#197),#208,.T.);
#194 = FACE_BOUND('',#195,.F.);
#195 = EDGE_LOOP('',(#196));
#196 = ORIENTED_EDGE('',*,*,#156,.T.);
#197 = FACE_BOUND('',#198,.F.);
#198 = EDGE_LOOP('',(#199));
#199 = ORIENTED_EDGE('',*,*,#200,.F.);
#200 = EDGE_CURVE('',#201,#201,#203,.T.);
#201 = VERTEX_POINT('',#202);
#202 = CARTESIAN_POINT('',(4.2,-7.225416114969E-16,-5.551115123126E-17)
  );
#203 = CIRCLE('',#204,2.95);
#204 = AXIS2_PLACEMENT_3D('',#205,#206,#207);
#205 = CARTESIAN_POINT('',(1.25,0.,-5.551115123126E-17));
#206 = DIRECTION('',(0.,-0.,-1.));
#207 = DIRECTION('',(1.,-2.449293598295E-16,0.));
#208 = PLANE('',#209);
#209 = AXIS2_PLACEMENT_3D('',#210,#211,#212);
#210 = CARTESIAN_POINT('',(1.25,0.,0.));
#211 = DIRECTION('',(0.,0.,-1.));
#212 = DIRECTION('',(1.,-2.449293598295E-16,0.));
#213 = ADVANCED_FACE('',(#214),#217,.F.);
#214 = FACE_BOUND('',#215,.F.);
#215 = EDGE_LOOP('',(#216));
#216 = ORIENTED_EDGE('',*,*,#181,.T.);
#217 = PLANE('',#218);
#218 = AXIS2_PLACEMENT_3D('',#219,#220,#221);
#219 = CARTESIAN_POINT('',(0.,1.475221078258E-16,-2.));
#220 = DIRECTION('',(0.,0.,1.));
#221 = DIRECTION('',(-1.,1.224646799147E-16,0.));
#222 = ADVANCED_FACE('',(#223),#243,.F.);
#223 = FACE_BOUND('',#224,.F.);
#224 = EDGE_LOOP('',(#225,#226,#235,#242));
#225 = ORIENTED_EDGE('',*,*,#200,.T.);
#226 = ORIENTED_EDGE('',*,*,#227,.T.);
#227 = EDGE_CURVE('',#201,#228,#230,.T.);
#228 = VERTEX_POINT('',#229);
#229 = CARTESIAN_POINT('',(4.4,-7.715274834628E-16,0.2));
#230 = CIRCLE('',#231,0.2);
#231 = AXIS2_PLACEMENT_3D('',#232,#233,#234);
#232 = CARTESIAN_POINT('',(4.2,-7.225416114969E-16,0.2));
#233 = DIRECTION('',(-2.449293598295E-16,-1.,0.));
#234 = DIRECTION('',(2.22044604925E-15,-5.438524293787E-31,-1.));
#235 = ORIENTED_EDGE('',*,*,#236,.F.);
#236 = EDGE_CURVE('',#228,#228,#237,.T.);
#237 = CIRCLE('',#238,3.15);
#238 = AXIS2_PLACEMENT_3D('',#239,#240,#241);
#239 = CARTESIAN_POINT('',(1.25,0.,0.2));
#240 = DIRECTION('',(0.,-0.,-1.));
#241 = DIRECTION('',(1.,-2.449293598295E-16,0.));
#242 = ORIENTED_EDGE('',*,*,#227,.F.);
#243 = SURFACE_OF_REVOLUTION('',#244,#249);
#244 = CIRCLE('',#245,0.2);
#245 = AXIS2_PLACEMENT_3D('',#246,#247,#248);
#246 = CARTESIAN_POINT('',(4.2,-7.225416114969E-16,0.2));
#247 = DIRECTION('',(-2.449293598295E-16,-1.,0.));
#248 = DIRECTION('',(2.22044604925E-15,-5.438524293787E-31,-1.));
#249 = AXIS1_PLACEMENT('',#250,#251);
#250 = CARTESIAN_POINT('',(1.25,0.,0.));
#251 = DIRECTION('',(0.,0.,-1.));
#252 = ADVANCED_FACE('',(#253),#282,.T.);
#253 = FACE_BOUND('',#254,.T.);
#254 = EDGE_LOOP('',(#255,#274,#280,#281));
#255 = ORIENTED_EDGE('',*,*,#256,.T.);
#256 = EDGE_CURVE('',#257,#257,#259,.T.);
#257 = VERTEX_POINT('',#258);
#258 = CARTESIAN_POINT('',(4.4,-7.715274834628E-16,1.064979142851));
#259 = ( BOUNDED_CURVE() B_SPLINE_CURVE(13,(#260,#261,#262,#263,#264,
    #265,#266,#267,#268,#269,#270,#271,#272,#273),.UNSPECIFIED.,.T.,.F.)
 B_SPLINE_CURVE_WITH_KNOTS((1,13,13,1),(-19.79203371761,
    3.914259941243E-16,19.792033717616,39.584067435232),.UNSPECIFIED.) 
CURVE() GEOMETRIC_REPRESENTATION_ITEM() RATIONAL_B_SPLINE_CURVE((1.,1.,
    1.000000000001,0.999999999998,1.000000000004,0.999999999994,
    1.000000000007,0.999999999994,1.000000000005,0.999999999997,
1.000000000001,1.,1.,1.)) REPRESENTATION_ITEM('') );
#260 = CARTESIAN_POINT('',(4.4,-7.715274834628E-16,1.064979142851));
#261 = CARTESIAN_POINT('',(4.400000000001,-1.500440617323,1.064979142851
    ));
#262 = CARTESIAN_POINT('',(3.624522784297,-3.035482525997,1.064979142851
    ));
#263 = CARTESIAN_POINT('',(2.028699260132,-4.133102804311,1.064979142851
    ));
#264 = CARTESIAN_POINT('',(-0.167356467598,-4.30167636091,1.064979142851
    ));
#265 = CARTESIAN_POINT('',(-2.064487228419,-3.131786890302,
    1.064979142852));
#266 = CARTESIAN_POINT('',(-3.455833357229,-1.424009627089,
    1.064979142851));
#267 = CARTESIAN_POINT('',(-3.455833357257,1.424009627108,1.064979142852
    ));
#268 = CARTESIAN_POINT('',(-2.064487228411,3.13178689027,1.064979142851)
  );
#269 = CARTESIAN_POINT('',(-0.167356467591,4.301676360939,1.064979142852
    ));
#270 = CARTESIAN_POINT('',(2.028699260121,4.133102804298,1.064979142851)
  );
#271 = CARTESIAN_POINT('',(3.624522784302,3.035482526,1.064979142851));
#272 = CARTESIAN_POINT('',(4.399999999999,1.500440617323,1.064979142851)
  );
#273 = CARTESIAN_POINT('',(4.4,-7.715274834628E-16,1.064979142851));
#274 = ORIENTED_EDGE('',*,*,#275,.F.);
#275 = EDGE_CURVE('',#228,#257,#276,.T.);
#276 = LINE('',#277,#278);
#277 = CARTESIAN_POINT('',(4.4,-7.715274834628E-16,0.2));
#278 = VECTOR('',#279,1.);
#279 = DIRECTION('',(0.,0.,1.));
#280 = ORIENTED_EDGE('',*,*,#236,.F.);
#281 = ORIENTED_EDGE('',*,*,#275,.T.);
#282 = CYLINDRICAL_SURFACE('',#283,3.15);
#283 = AXIS2_PLACEMENT_3D('',#284,#285,#286);
#284 = CARTESIAN_POINT('',(1.25,0.,0.2));
#285 = DIRECTION('',(0.,0.,1.));
#286 = DIRECTION('',(1.,-2.449293598295E-16,0.));
#287 = ADVANCED_FACE('',(#288),#317,.T.);
#288 = FACE_BOUND('',#289,.T.);
#289 = EDGE_LOOP('',(#290,#298,#315,#316));
#290 = ORIENTED_EDGE('',*,*,#291,.T.);
#291 = EDGE_CURVE('',#257,#292,#294,.T.);
#292 = VERTEX_POINT('',#293);
#293 = CARTESIAN_POINT('',(4.319629897377,-7.518424856778E-16,
    1.269338405373));
#294 = ( BOUNDED_CURVE() B_SPLINE_CURVE(2,(#295,#296,#297),
.UNSPECIFIED.,.F.,.F.) B_SPLINE_CURVE_WITH_KNOTS((3,3),(0.,
19.792033717616),.PIECEWISE_BEZIER_KNOTS.) CURVE() 
GEOMETRIC_REPRESENTATION_ITEM() RATIONAL_B_SPLINE_CURVE((1.,
0.93061798229,1.)) REPRESENTATION_ITEM('') );
#295 = CARTESIAN_POINT('',(4.4,-7.715274834628E-16,1.064979142851));
#296 = CARTESIAN_POINT('',(4.4,-1.976292937529E-15,1.182962690499));
#297 = CARTESIAN_POINT('',(4.319629897377,-7.518424856778E-16,
    1.269338405373));
#298 = ORIENTED_EDGE('',*,*,#299,.T.);
#299 = EDGE_CURVE('',#292,#292,#300,.T.);
#300 = ( BOUNDED_CURVE() B_SPLINE_CURVE(13,(#301,#302,#303,#304,#305,
    #306,#307,#308,#309,#310,#311,#312,#313,#314),.UNSPECIFIED.,.T.,.F.)
 B_SPLINE_CURVE_WITH_KNOTS((1,13,13,1),(-19.79203371761,
    3.914259941243E-16,19.792033717616,39.584067435232),.UNSPECIFIED.) 
CURVE() GEOMETRIC_REPRESENTATION_ITEM() RATIONAL_B_SPLINE_CURVE((1.,1.,
    1.000000000001,0.999999999998,1.000000000004,0.999999999994,
    1.000000000007,0.999999999994,1.000000000005,0.999999999997,
1.000000000001,1.,1.,1.)) REPRESENTATION_ITEM('') );
#301 = CARTESIAN_POINT('',(4.319629897377,-7.518424856778E-16,
    1.269338405373));
#302 = CARTESIAN_POINT('',(4.319629897377,-1.462157897832,1.269338405373
    ));
#303 = CARTESIAN_POINT('',(3.563938454184,-2.958034258655,1.269338405373
    ));
#304 = CARTESIAN_POINT('',(2.008831279353,-4.027649503823,1.269338405373
    ));
#305 = CARTESIAN_POINT('',(-0.131193583547,-4.191922021045,
    1.269338405373));
#306 = CARTESIAN_POINT('',(-1.979920346296,-3.051881482754,
    1.269338405373));
#307 = CARTESIAN_POINT('',(-3.335767227117,-1.387676992214,
    1.269338405373));
#308 = CARTESIAN_POINT('',(-3.335767227146,1.387676992232,1.269338405373
    ));
#309 = CARTESIAN_POINT('',(-1.979920346286,3.051881482722,1.269338405373
    ));
#310 = CARTESIAN_POINT('',(-0.131193583542,4.191922021073,1.269338405373
    ));
#311 = CARTESIAN_POINT('',(2.008831279344,4.027649503809,1.269338405373)
  );
#312 = CARTESIAN_POINT('',(3.563938454189,2.958034258659,1.269338405373)
  );
#313 = CARTESIAN_POINT('',(4.319629897376,1.462157897832,1.269338405373)
  );
#314 = CARTESIAN_POINT('',(4.319629897377,-7.518424856778E-16,
    1.269338405373));
#315 = ORIENTED_EDGE('',*,*,#291,.F.);
#316 = ORIENTED_EDGE('',*,*,#256,.F.);
#317 = ( BOUNDED_SURFACE() B_SPLINE_SURFACE(2,13,(
    (#318,#319,#320,#321,#322,#323,#324,#325,#326,#327,#328,#329,#330
      ,#331)
    ,(#332,#333,#334,#335,#336,#337,#338,#339,#340,#341,#342,#343,#344
      ,#345)
    ,(#346,#347,#348,#349,#350,#351,#352,#353,#354,#355,#356,#357,#358
,#359
    )),.UNSPECIFIED.,.F.,.T.,.F.) B_SPLINE_SURFACE_WITH_KNOTS((3,3),(1,
    13,13,1),(0.,19.792033717616),(-19.79203371761,3.914259941243E-16,
    19.792033717616,39.584067435232),.UNSPECIFIED.) 
GEOMETRIC_REPRESENTATION_ITEM() RATIONAL_B_SPLINE_SURFACE((
    (1.,1.,1.000000000001,0.999999999998,1.000000000004,0.999999999994
      ,1.000000000007,0.999999999994,1.000000000005,0.999999999997
      ,1.000000000001,1.,1.,1.)
    ,(0.93061798229,0.93061798229,0.93061798229,0.930617982288
      ,0.930617982293,0.930617982285,0.930617982295,0.930617982284
      ,0.930617982294,0.930617982287,0.930617982291,0.930617982289
      ,0.93061798229,0.93061798229)
    ,(1.,1.,1.000000000001,0.999999999998,1.000000000004,0.999999999994
      ,1.000000000007,0.999999999994,1.000000000005,0.999999999997
,1.000000000001,1.,1.,1.))) REPRESENTATION_ITEM('') SURFACE() );
#318 = CARTESIAN_POINT('',(4.4,-7.715274834628E-16,1.064979142851));
#319 = CARTESIAN_POINT('',(4.400000000001,-1.500440617323,1.064979142851
    ));
#320 = CARTESIAN_POINT('',(3.624522784297,-3.035482525997,1.064979142851
    ));
#321 = CARTESIAN_POINT('',(2.028699260132,-4.133102804311,1.064979142851
    ));
#322 = CARTESIAN_POINT('',(-0.167356467598,-4.30167636091,1.064979142851
    ));
#323 = CARTESIAN_POINT('',(-2.064487228419,-3.131786890302,
    1.064979142852));
#324 = CARTESIAN_POINT('',(-3.455833357229,-1.424009627089,
    1.064979142851));
#325 = CARTESIAN_POINT('',(-3.455833357257,1.424009627108,1.064979142852
    ));
#326 = CARTESIAN_POINT('',(-2.064487228411,3.13178689027,1.064979142851)
  );
#327 = CARTESIAN_POINT('',(-0.167356467591,4.301676360939,1.064979142852
    ));
#328 = CARTESIAN_POINT('',(2.028699260121,4.133102804298,1.064979142851)
  );
#329 = CARTESIAN_POINT('',(3.624522784302,3.035482526,1.064979142851));
#330 = CARTESIAN_POINT('',(4.399999999999,1.500440617323,1.064979142851)
  );
#331 = CARTESIAN_POINT('',(4.4,-7.715274834628E-16,1.064979142851));
#332 = CARTESIAN_POINT('',(4.4,-1.976292937529E-15,1.182962690499));
#333 = CARTESIAN_POINT('',(4.400000000001,-1.500440617323,1.182962690499
    ));
#334 = CARTESIAN_POINT('',(3.624522784298,-3.035482525997,1.182962690499
    ));
#335 = CARTESIAN_POINT('',(2.028699260129,-4.133102804311,1.182962690499
    ));
#336 = CARTESIAN_POINT('',(-0.167356467594,-4.30167636091,1.182962690499
    ));
#337 = CARTESIAN_POINT('',(-2.064487228423,-3.131786890304,
    1.182962690499));
#338 = CARTESIAN_POINT('',(-3.455833357225,-1.424009627085,
    1.182962690499));
#339 = CARTESIAN_POINT('',(-3.455833357263,1.424009627102,1.182962690499
    ));
#340 = CARTESIAN_POINT('',(-2.064487228405,3.131786890273,1.182962690499
    ));
#341 = CARTESIAN_POINT('',(-0.167356467595,4.301676360937,1.182962690499
    ));
#342 = CARTESIAN_POINT('',(2.028699260123,4.133102804298,1.182962690499)
  );
#343 = CARTESIAN_POINT('',(3.624522784302,3.035482526,1.182962690499));
#344 = CARTESIAN_POINT('',(4.4,1.500440617323,1.182962690499));
#345 = CARTESIAN_POINT('',(4.4,-1.976292937529E-15,1.182962690499));
#346 = CARTESIAN_POINT('',(4.319629897377,-7.518424856778E-16,
    1.269338405373));
#347 = CARTESIAN_POINT('',(4.319629897377,-1.462157897832,1.269338405373
    ));
#348 = CARTESIAN_POINT('',(3.563938454184,-2.958034258655,1.269338405373
    ));
#349 = CARTESIAN_POINT('',(2.008831279353,-4.027649503823,1.269338405373
    ));
#350 = CARTESIAN_POINT('',(-0.131193583547,-4.191922021045,
    1.269338405373));
#351 = CARTESIAN_POINT('',(-1.979920346296,-3.051881482754,
    1.269338405373));
#352 = CARTESIAN_POINT('',(-3.335767227117,-1.387676992214,
    1.269338405373));
#353 = CARTESIAN_POINT('',(-3.335767227146,1.387676992232,1.269338405373
    ));
#354 = CARTESIAN_POINT('',(-1.979920346286,3.051881482722,1.269338405373
    ));
#355 = CARTESIAN_POINT('',(-0.131193583542,4.191922021073,1.269338405373
    ));
#356 = CARTESIAN_POINT('',(2.008831279344,4.027649503809,1.269338405373)
  );
#357 = CARTESIAN_POINT('',(3.563938454189,2.958034258659,1.269338405373)
  );
#358 = CARTESIAN_POINT('',(4.319629897376,1.462157897832,1.269338405373)
  );
#359 = CARTESIAN_POINT('',(4.319629897377,-7.518424856778E-16,
    1.269338405373));
#360 = ADVANCED_FACE('',(#361),#391,.F.);
#361 = FACE_BOUND('',#362,.F.);
#362 = EDGE_LOOP('',(#363,#372,#373,#374));
#363 = ORIENTED_EDGE('',*,*,#364,.F.);
#364 = EDGE_CURVE('',#292,#365,#367,.T.);
#365 = VERTEX_POINT('',#366);
#366 = CARTESIAN_POINT('',(4.319629897377,-7.518424856778E-16,
    1.930661594627));
#367 = CIRCLE('',#368,0.485412195974);
#368 = AXIS2_PLACEMENT_3D('',#369,#370,#371);
#369 = CARTESIAN_POINT('',(4.675,-8.388830574159E-16,1.6));
#370 = DIRECTION('',(2.449293598295E-16,1.,0.));
#371 = DIRECTION('',(-0.566528822887,1.387595419147E-16,-0.824041924199)
  );
#372 = ORIENTED_EDGE('',*,*,#299,.T.);
#373 = ORIENTED_EDGE('',*,*,#364,.T.);
#374 = ORIENTED_EDGE('',*,*,#375,.F.);
#375 = EDGE_CURVE('',#365,#365,#376,.T.);
#376 = ( BOUNDED_CURVE() B_SPLINE_CURVE(13,(#377,#378,#379,#380,#381,
    #382,#383,#384,#385,#386,#387,#388,#389,#390),.UNSPECIFIED.,.T.,.F.)
 B_SPLINE_CURVE_WITH_KNOTS((1,13,13,1),(-19.79203371761,
    3.914259941243E-16,19.792033717616,39.584067435232),.UNSPECIFIED.) 
CURVE() GEOMETRIC_REPRESENTATION_ITEM() RATIONAL_B_SPLINE_CURVE((1.,1.,
    1.000000000001,0.999999999998,1.000000000004,0.999999999994,
    1.000000000007,0.999999999994,1.000000000005,0.999999999997,
1.000000000001,1.,1.,1.)) REPRESENTATION_ITEM('') );
#377 = CARTESIAN_POINT('',(4.319629897377,-7.518424856778E-16,
    1.930661594627));
#378 = CARTESIAN_POINT('',(4.319629897377,-1.462157897833,1.930661594627
    ));
#379 = CARTESIAN_POINT('',(3.563938454184,-2.958034258655,1.930661594627
    ));
#380 = CARTESIAN_POINT('',(2.008831279353,-4.027649503824,1.930661594627
    ));
#381 = CARTESIAN_POINT('',(-0.131193583546,-4.191922021043,
    1.930661594627));
#382 = CARTESIAN_POINT('',(-1.979920346298,-3.051881482758,
    1.930661594627));
#383 = CARTESIAN_POINT('',(-3.335767227115,-1.387676992209,
    1.930661594627));
#384 = CARTESIAN_POINT('',(-3.335767227148,1.387676992226,1.930661594628
    ));
#385 = CARTESIAN_POINT('',(-1.979920346285,3.051881482728,1.930661594627
    ));
#386 = CARTESIAN_POINT('',(-0.131193583543,4.191922021069,1.930661594627
    ));
#387 = CARTESIAN_POINT('',(2.008831279344,4.027649503812,1.930661594627)
  );
#388 = CARTESIAN_POINT('',(3.563938454189,2.958034258658,1.930661594627)
  );
#389 = CARTESIAN_POINT('',(4.319629897376,1.462157897832,1.930661594627)
  );
#390 = CARTESIAN_POINT('',(4.319629897377,-7.518424856778E-16,
    1.930661594627));
#391 = SURFACE_OF_REVOLUTION('',#392,#397);
#392 = CIRCLE('',#393,0.485412195974);
#393 = AXIS2_PLACEMENT_3D('',#394,#395,#396);
#394 = CARTESIAN_POINT('',(4.675,-8.388830574159E-16,1.6));
#395 = DIRECTION('',(2.449293598295E-16,1.,0.));
#396 = DIRECTION('',(-0.566528822887,1.387595419147E-16,-0.824041924199)
  );
#397 = AXIS1_PLACEMENT('',#398,#399);
#398 = CARTESIAN_POINT('',(1.25,0.,0.));
#399 = DIRECTION('',(0.,0.,-1.));
#400 = ADVANCED_FACE('',(#401),#430,.T.);
#401 = FACE_BOUND('',#402,.T.);
#402 = EDGE_LOOP('',(#403,#411,#428,#429));
#403 = ORIENTED_EDGE('',*,*,#404,.T.);
#404 = EDGE_CURVE('',#365,#405,#407,.T.);
#405 = VERTEX_POINT('',#406);
#406 = CARTESIAN_POINT('',(4.4,-7.715274834628E-16,2.135020857149));
#407 = ( BOUNDED_CURVE() B_SPLINE_CURVE(2,(#408,#409,#410),
.UNSPECIFIED.,.F.,.F.) B_SPLINE_CURVE_WITH_KNOTS((3,3),(0.,
19.792033717616),.PIECEWISE_BEZIER_KNOTS.) CURVE() 
GEOMETRIC_REPRESENTATION_ITEM() RATIONAL_B_SPLINE_CURVE((1.,
0.93061798229,1.)) REPRESENTATION_ITEM('') );
#408 = CARTESIAN_POINT('',(4.319629897377,-7.518424856778E-16,
    1.930661594627));
#409 = CARTESIAN_POINT('',(4.4,2.037378332058E-17,2.017037309501));
#410 = CARTESIAN_POINT('',(4.4,-7.715274834628E-16,2.135020857149));
#411 = ORIENTED_EDGE('',*,*,#412,.T.);
#412 = EDGE_CURVE('',#405,#405,#413,.T.);
#413 = ( BOUNDED_CURVE() B_SPLINE_CURVE(13,(#414,#415,#416,#417,#418,
    #419,#420,#421,#422,#423,#424,#425,#426,#427),.UNSPECIFIED.,.T.,.F.)
 B_SPLINE_CURVE_WITH_KNOTS((1,13,13,1),(-19.79203371761,
    3.914259941243E-16,19.792033717616,39.584067435232),.UNSPECIFIED.) 
CURVE() GEOMETRIC_REPRESENTATION_ITEM() RATIONAL_B_SPLINE_CURVE((1.,1.,
    1.000000000001,0.999999999998,1.000000000004,0.999999999994,
    1.000000000007,0.999999999994,1.000000000005,0.999999999997,
1.000000000001,1.,1.,1.)) REPRESENTATION_ITEM('') );
#414 = CARTESIAN_POINT('',(4.4,-7.715274834628E-16,2.135020857149));
#415 = CARTESIAN_POINT('',(4.400000000001,-1.500440617323,2.135020857149
    ));
#416 = CARTESIAN_POINT('',(3.624522784296,-3.035482525996,2.135020857149
    ));
#417 = CARTESIAN_POINT('',(2.028699260134,-4.133102804312,2.135020857149
    ));
#418 = CARTESIAN_POINT('',(-0.167356467603,-4.301676360908,
    2.135020857149));
#419 = CARTESIAN_POINT('',(-2.064487228411,-3.131786890305,
    2.135020857148));
#420 = CARTESIAN_POINT('',(-3.455833357239,-1.424009627086,
    2.135020857149));
#421 = CARTESIAN_POINT('',(-3.455833357248,1.424009627104,2.135020857148
    ));
#422 = CARTESIAN_POINT('',(-2.064487228418,3.131786890273,2.135020857149
    ));
#423 = CARTESIAN_POINT('',(-0.167356467587,4.301676360936,2.135020857148
    ));
#424 = CARTESIAN_POINT('',(2.028699260119,4.133102804299,2.135020857149)
  );
#425 = CARTESIAN_POINT('',(3.624522784303,3.035482526,2.135020857149));
#426 = CARTESIAN_POINT('',(4.399999999999,1.500440617323,2.135020857149)
  );
#427 = CARTESIAN_POINT('',(4.4,-7.715274834628E-16,2.135020857149));
#428 = ORIENTED_EDGE('',*,*,#404,.F.);
#429 = ORIENTED_EDGE('',*,*,#375,.F.);
#430 = ( BOUNDED_SURFACE() B_SPLINE_SURFACE(2,13,(
    (#431,#432,#433,#434,#435,#436,#437,#438,#439,#440,#441,#442,#443
      ,#444)
    ,(#445,#446,#447,#448,#449,#450,#451,#452,#453,#454,#455,#456,#457
      ,#458)
    ,(#459,#460,#461,#462,#463,#464,#465,#466,#467,#468,#469,#470,#471
,#472
    )),.UNSPECIFIED.,.F.,.T.,.F.) B_SPLINE_SURFACE_WITH_KNOTS((3,3),(1,
    13,13,1),(0.,19.792033717616),(-19.79203371761,3.914259941243E-16,
    19.792033717616,39.584067435232),.UNSPECIFIED.) 
GEOMETRIC_REPRESENTATION_ITEM() RATIONAL_B_SPLINE_SURFACE((
    (1.,1.,1.000000000001,0.999999999998,1.000000000004,0.999999999994
      ,1.000000000007,0.999999999994,1.000000000005,0.999999999997
      ,1.000000000001,1.,1.,1.)
    ,(0.93061798229,0.93061798229,0.93061798229,0.930617982288
      ,0.930617982292,0.930617982286,0.930617982294,0.930617982286
      ,0.930617982293,0.930617982288,0.930617982291,0.930617982289
      ,0.93061798229,0.93061798229)
    ,(1.,1.,1.000000000001,0.999999999998,1.000000000004,0.999999999994
      ,1.000000000007,0.999999999994,1.000000000005,0.999999999997
,1.000000000001,1.,1.,1.))) REPRESENTATION_ITEM('') SURFACE() );
#431 = CARTESIAN_POINT('',(4.319629897377,-7.518424856778E-16,
    1.930661594627));
#432 = CARTESIAN_POINT('',(4.319629897377,-1.462157897833,1.930661594627
    ));
#433 = CARTESIAN_POINT('',(3.563938454184,-2.958034258655,1.930661594627
    ));
#434 = CARTESIAN_POINT('',(2.008831279353,-4.027649503824,1.930661594627
    ));
#435 = CARTESIAN_POINT('',(-0.131193583546,-4.191922021043,
    1.930661594627));
#436 = CARTESIAN_POINT('',(-1.979920346298,-3.051881482758,
    1.930661594627));
#437 = CARTESIAN_POINT('',(-3.335767227115,-1.387676992209,
    1.930661594627));
#438 = CARTESIAN_POINT('',(-3.335767227148,1.387676992226,1.930661594628
    ));
#439 = CARTESIAN_POINT('',(-1.979920346285,3.051881482728,1.930661594627
    ));
#440 = CARTESIAN_POINT('',(-0.131193583543,4.191922021069,1.930661594627
    ));
#441 = CARTESIAN_POINT('',(2.008831279344,4.027649503812,1.930661594627)
  );
#442 = CARTESIAN_POINT('',(3.563938454189,2.958034258658,1.930661594627)
  );
#443 = CARTESIAN_POINT('',(4.319629897376,1.462157897832,1.930661594627)
  );
#444 = CARTESIAN_POINT('',(4.319629897377,-7.518424856778E-16,
    1.930661594627));
#445 = CARTESIAN_POINT('',(4.4,2.037378332058E-17,2.017037309501));
#446 = CARTESIAN_POINT('',(4.4,-1.500440617323,2.017037309501));
#447 = CARTESIAN_POINT('',(3.624522784298,-3.035482525997,2.017037309501
    ));
#448 = CARTESIAN_POINT('',(2.028699260128,-4.13310280431,2.017037309501)
  );
#449 = CARTESIAN_POINT('',(-0.167356467593,-4.301676360914,
    2.017037309501));
#450 = CARTESIAN_POINT('',(-2.064487228423,-3.131786890298,
    2.017037309501));
#451 = CARTESIAN_POINT('',(-3.455833357227,-1.42400962709,2.017037309501
    ));
#452 = CARTESIAN_POINT('',(-3.45583335726,1.424009627103,2.017037309501)
  );
#453 = CARTESIAN_POINT('',(-2.064487228406,3.131786890275,2.017037309501
    ));
#454 = CARTESIAN_POINT('',(-0.167356467596,4.301676360934,2.017037309501
    ));
#455 = CARTESIAN_POINT('',(2.028699260125,4.1331028043,2.017037309501));
#456 = CARTESIAN_POINT('',(3.624522784301,3.035482526,2.017037309501));
#457 = CARTESIAN_POINT('',(4.4,1.500440617323,2.017037309501));
#458 = CARTESIAN_POINT('',(4.4,2.037378332058E-17,2.017037309501));
#459 = CARTESIAN_POINT('',(4.4,-7.715274834628E-16,2.135020857149));
#460 = CARTESIAN_POINT('',(4.400000000001,-1.500440617323,2.135020857149
    ));
#461 = CARTESIAN_POINT('',(3.624522784296,-3.035482525996,2.135020857149
    ));
#462 = CARTESIAN_POINT('',(2.028699260134,-4.133102804312,2.135020857149
    ));
#463 = CARTESIAN_POINT('',(-0.167356467603,-4.301676360908,
    2.135020857149));
#464 = CARTESIAN_POINT('',(-2.064487228411,-3.131786890305,
    2.135020857148));
#465 = CARTESIAN_POINT('',(-3.455833357239,-1.424009627086,
    2.135020857149));
#466 = CARTESIAN_POINT('',(-3.455833357248,1.424009627104,2.135020857148
    ));
#467 = CARTESIAN_POINT('',(-2.064487228418,3.131786890273,2.135020857149
    ));
#468 = CARTESIAN_POINT('',(-0.167356467587,4.301676360936,2.135020857148
    ));
#469 = CARTESIAN_POINT('',(2.028699260119,4.133102804299,2.135020857149)
  );
#470 = CARTESIAN_POINT('',(3.624522784303,3.035482526,2.135020857149));
#471 = CARTESIAN_POINT('',(4.399999999999,1.500440617323,2.135020857149)
  );
#472 = CARTESIAN_POINT('',(4.4,-7.715274834628E-16,2.135020857149));
#473 = ADVANCED_FACE('',(#474),#493,.T.);
#474 = FACE_BOUND('',#475,.T.);
#475 = EDGE_LOOP('',(#476,#485,#491,#492));
#476 = ORIENTED_EDGE('',*,*,#477,.T.);
#477 = EDGE_CURVE('',#478,#478,#480,.T.);
#478 = VERTEX_POINT('',#479);
#479 = CARTESIAN_POINT('',(4.4,-7.715274834628E-16,4.8));
#480 = CIRCLE('',#481,3.15);
#481 = AXIS2_PLACEMENT_3D('',#482,#483,#484);
#482 = CARTESIAN_POINT('',(1.25,0.,4.8));
#483 = DIRECTION('',(0.,-0.,-1.));
#484 = DIRECTION('',(1.,-2.449293598295E-16,0.));
#485 = ORIENTED_EDGE('',*,*,#486,.F.);
#486 = EDGE_CURVE('',#405,#478,#487,.T.);
#487 = LINE('',#488,#489);
#488 = CARTESIAN_POINT('',(4.4,-7.715274834628E-16,2.));
#489 = VECTOR('',#490,1.);
#490 = DIRECTION('',(0.,0.,1.));
#491 = ORIENTED_EDGE('',*,*,#412,.F.);
#492 = ORIENTED_EDGE('',*,*,#486,.T.);
#493 = CYLINDRICAL_SURFACE('',#494,3.15);
#494 = AXIS2_PLACEMENT_3D('',#495,#496,#497);
#495 = CARTESIAN_POINT('',(1.25,0.,2.));
#496 = DIRECTION('',(0.,0.,1.));
#497 = DIRECTION('',(1.,-2.449293598295E-16,0.));
#498 = ADVANCED_FACE('',(#499),#519,.T.);
#499 = FACE_BOUND('',#500,.T.);
#500 = EDGE_LOOP('',(#501,#510,#517,#518));
#501 = ORIENTED_EDGE('',*,*,#502,.T.);
#502 = EDGE_CURVE('',#478,#503,#505,.T.);
#503 = VERTEX_POINT('',#504);
#504 = CARTESIAN_POINT('',(4.2,-7.225416114969E-16,5.));
#505 = CIRCLE('',#506,0.2);
#506 = AXIS2_PLACEMENT_3D('',#507,#508,#509);
#507 = CARTESIAN_POINT('',(4.2,-7.225416114969E-16,4.8));
#508 = DIRECTION('',(-2.449293598295E-16,-1.,0.));
#509 = DIRECTION('',(1.,-2.449293598295E-16,-8.881784197001E-15));
#510 = ORIENTED_EDGE('',*,*,#511,.T.);
#511 = EDGE_CURVE('',#503,#503,#512,.T.);
#512 = CIRCLE('',#513,2.95);
#513 = AXIS2_PLACEMENT_3D('',#514,#515,#516);
#514 = CARTESIAN_POINT('',(1.25,0.,5.));
#515 = DIRECTION('',(0.,-0.,-1.));
#516 = DIRECTION('',(1.,-2.449293598295E-16,0.));
#517 = ORIENTED_EDGE('',*,*,#502,.F.);
#518 = ORIENTED_EDGE('',*,*,#477,.F.);
#519 = TOROIDAL_SURFACE('',#520,2.95,0.2);
#520 = AXIS2_PLACEMENT_3D('',#521,#522,#523);
#521 = CARTESIAN_POINT('',(1.25,0.,4.8));
#522 = DIRECTION('',(0.,0.,1.));
#523 = DIRECTION('',(1.,-2.449293598295E-16,0.));
#524 = ADVANCED_FACE('',(#525,#528),#539,.F.);
#525 = FACE_BOUND('',#526,.F.);
#526 = EDGE_LOOP('',(#527));
#527 = ORIENTED_EDGE('',*,*,#511,.T.);
#528 = FACE_BOUND('',#529,.F.);
#529 = EDGE_LOOP('',(#530));
#530 = ORIENTED_EDGE('',*,*,#531,.F.);
#531 = EDGE_CURVE('',#532,#532,#534,.T.);
#532 = VERTEX_POINT('',#533);
#533 = CARTESIAN_POINT('',(3.455,-5.40069238424E-16,5.));
#534 = CIRCLE('',#535,2.205);
#535 = AXIS2_PLACEMENT_3D('',#536,#537,#538);
#536 = CARTESIAN_POINT('',(1.25,0.,5.));
#537 = DIRECTION('',(0.,-0.,-1.));
#538 = DIRECTION('',(1.,-2.449293598295E-16,0.));
#539 = PLANE('',#540);
#540 = AXIS2_PLACEMENT_3D('',#541,#542,#543);
#541 = CARTESIAN_POINT('',(1.25,0.,5.));
#542 = DIRECTION('',(0.,0.,-1.));
#543 = DIRECTION('',(1.,-2.449293598295E-16,0.));
#544 = ADVANCED_FACE('',(#545),#709,.F.);
#545 = FACE_BOUND('',#546,.F.);
#546 = EDGE_LOOP('',(#547,#555,#556,#557,#566,#574,#583,#591,#600,#608,
    #617,#625,#634,#643,#651,#660,#668,#677,#685,#694,#702));
#547 = ORIENTED_EDGE('',*,*,#548,.F.);
#548 = EDGE_CURVE('',#532,#549,#551,.T.);
#549 = VERTEX_POINT('',#550);
#550 = CARTESIAN_POINT('',(3.455,-4.090752798957E-14,4.8));
#551 = LINE('',#552,#553);
#552 = CARTESIAN_POINT('',(3.455,-5.40069238424E-16,5.));
#553 = VECTOR('',#554,1.);
#554 = DIRECTION('',(0.,0.,-1.));
#555 = ORIENTED_EDGE('',*,*,#531,.T.);
#556 = ORIENTED_EDGE('',*,*,#548,.T.);
#557 = ORIENTED_EDGE('',*,*,#558,.F.);
#558 = EDGE_CURVE('',#559,#549,#561,.T.);
#559 = VERTEX_POINT('',#560);
#560 = CARTESIAN_POINT('',(3.454433033685,5.E-02,4.8));
#561 = CIRCLE('',#562,2.205);
#562 = AXIS2_PLACEMENT_3D('',#563,#564,#565);
#563 = CARTESIAN_POINT('',(1.25,0.,4.8));
#564 = DIRECTION('',(0.,0.,-1.));
#565 = DIRECTION('',(-1.,1.224646799147E-16,0.));
#566 = ORIENTED_EDGE('',*,*,#567,.F.);
#567 = EDGE_CURVE('',#568,#559,#570,.T.);
#568 = VERTEX_POINT('',#569);
#569 = CARTESIAN_POINT('',(3.454433033685,5.000000000005E-02,4.9));
#570 = LINE('',#571,#572);
#571 = CARTESIAN_POINT('',(3.454433033685,5.E-02,4.7));
#572 = VECTOR('',#573,1.);
#573 = DIRECTION('',(0.,0.,-1.));
#574 = ORIENTED_EDGE('',*,*,#575,.T.);
#575 = EDGE_CURVE('',#568,#576,#578,.T.);
#576 = VERTEX_POINT('',#577);
#577 = CARTESIAN_POINT('',(1.3,2.204433033685,4.9));
#578 = CIRCLE('',#579,2.205);
#579 = AXIS2_PLACEMENT_3D('',#580,#581,#582);
#580 = CARTESIAN_POINT('',(1.25,0.,4.9));
#581 = DIRECTION('',(0.,0.,1.));
#582 = DIRECTION('',(-1.,1.224646799147E-16,0.));
#583 = ORIENTED_EDGE('',*,*,#584,.T.);
#584 = EDGE_CURVE('',#576,#585,#587,.T.);
#585 = VERTEX_POINT('',#586);
#586 = CARTESIAN_POINT('',(1.3,2.204433033685,4.8));
#587 = LINE('',#588,#589);
#588 = CARTESIAN_POINT('',(1.3,2.204433033685,4.7));
#589 = VECTOR('',#590,1.);
#590 = DIRECTION('',(0.,0.,-1.));
#591 = ORIENTED_EDGE('',*,*,#592,.F.);
#592 = EDGE_CURVE('',#593,#585,#595,.T.);
#593 = VERTEX_POINT('',#594);
#594 = CARTESIAN_POINT('',(1.2,2.204433033685,4.8));
#595 = CIRCLE('',#596,2.205);
#596 = AXIS2_PLACEMENT_3D('',#597,#598,#599);
#597 = CARTESIAN_POINT('',(1.25,0.,4.8));
#598 = DIRECTION('',(0.,0.,-1.));
#599 = DIRECTION('',(-1.,1.224646799147E-16,0.));
#600 = ORIENTED_EDGE('',*,*,#601,.F.);
#601 = EDGE_CURVE('',#602,#593,#604,.T.);
#602 = VERTEX_POINT('',#603);
#603 = CARTESIAN_POINT('',(1.2,2.204433033685,4.9));
#604 = LINE('',#605,#606);
#605 = CARTESIAN_POINT('',(1.2,2.204433033685,4.7));
#606 = VECTOR('',#607,1.);
#607 = DIRECTION('',(0.,0.,-1.));
#608 = ORIENTED_EDGE('',*,*,#609,.T.);
#609 = EDGE_CURVE('',#602,#610,#612,.T.);
#610 = VERTEX_POINT('',#611);
#611 = CARTESIAN_POINT('',(-0.954433033685,5.000000000003E-02,4.9));
#612 = CIRCLE('',#613,2.205);
#613 = AXIS2_PLACEMENT_3D('',#614,#615,#616);
#614 = CARTESIAN_POINT('',(1.25,0.,4.9));
#615 = DIRECTION('',(0.,0.,1.));
#616 = DIRECTION('',(-1.,1.224646799147E-16,0.));
#617 = ORIENTED_EDGE('',*,*,#618,.T.);
#618 = EDGE_CURVE('',#610,#619,#621,.T.);
#619 = VERTEX_POINT('',#620);
#620 = CARTESIAN_POINT('',(-0.954433033685,5.E-02,4.8));
#621 = LINE('',#622,#623);
#622 = CARTESIAN_POINT('',(-0.954433033685,5.E-02,4.7));
#623 = VECTOR('',#624,1.);
#624 = DIRECTION('',(0.,0.,-1.));
#625 = ORIENTED_EDGE('',*,*,#626,.F.);
#626 = EDGE_CURVE('',#627,#619,#629,.T.);
#627 = VERTEX_POINT('',#628);
#628 = CARTESIAN_POINT('',(-0.955,2.70034619212E-16,4.8));
#629 = CIRCLE('',#630,2.205);
#630 = AXIS2_PLACEMENT_3D('',#631,#632,#633);
#631 = CARTESIAN_POINT('',(1.25,0.,4.8));
#632 = DIRECTION('',(0.,0.,-1.));
#633 = DIRECTION('',(-1.,1.224646799147E-16,0.));
#634 = ORIENTED_EDGE('',*,*,#635,.F.);
#635 = EDGE_CURVE('',#636,#627,#638,.T.);
#636 = VERTEX_POINT('',#637);
#637 = CARTESIAN_POINT('',(-0.954433033685,-5.E-02,4.8));
#638 = CIRCLE('',#639,2.205);
#639 = AXIS2_PLACEMENT_3D('',#640,#641,#642);
#640 = CARTESIAN_POINT('',(1.25,0.,4.8));
#641 = DIRECTION('',(0.,0.,-1.));
#642 = DIRECTION('',(-1.,1.224646799147E-16,0.));
#643 = ORIENTED_EDGE('',*,*,#644,.F.);
#644 = EDGE_CURVE('',#645,#636,#647,.T.);
#645 = VERTEX_POINT('',#646);
#646 = CARTESIAN_POINT('',(-0.954433033685,-5.000000000003E-02,4.9));
#647 = LINE('',#648,#649);
#648 = CARTESIAN_POINT('',(-0.954433033685,-5.E-02,4.7));
#649 = VECTOR('',#650,1.);
#650 = DIRECTION('',(0.,0.,-1.));
#651 = ORIENTED_EDGE('',*,*,#652,.T.);
#652 = EDGE_CURVE('',#645,#653,#655,.T.);
#653 = VERTEX_POINT('',#654);
#654 = CARTESIAN_POINT('',(1.2,-2.204433033685,4.9));
#655 = CIRCLE('',#656,2.205);
#656 = AXIS2_PLACEMENT_3D('',#657,#658,#659);
#657 = CARTESIAN_POINT('',(1.25,0.,4.9));
#658 = DIRECTION('',(0.,0.,1.));
#659 = DIRECTION('',(-1.,1.224646799147E-16,0.));
#660 = ORIENTED_EDGE('',*,*,#661,.T.);
#661 = EDGE_CURVE('',#653,#662,#664,.T.);
#662 = VERTEX_POINT('',#663);
#663 = CARTESIAN_POINT('',(1.2,-2.204433033685,4.8));
#664 = LINE('',#665,#666);
#665 = CARTESIAN_POINT('',(1.2,-2.204433033685,4.7));
#666 = VECTOR('',#667,1.);
#667 = DIRECTION('',(0.,0.,-1.));
#668 = ORIENTED_EDGE('',*,*,#669,.F.);
#669 = EDGE_CURVE('',#670,#662,#672,.T.);
#670 = VERTEX_POINT('',#671);
#671 = CARTESIAN_POINT('',(1.3,-2.204433033685,4.8));
#672 = CIRCLE('',#673,2.205);
#673 = AXIS2_PLACEMENT_3D('',#674,#675,#676);
#674 = CARTESIAN_POINT('',(1.25,0.,4.8));
#675 = DIRECTION('',(0.,0.,-1.));
#676 = DIRECTION('',(-1.,1.224646799147E-16,0.));
#677 = ORIENTED_EDGE('',*,*,#678,.F.);
#678 = EDGE_CURVE('',#679,#670,#681,.T.);
#679 = VERTEX_POINT('',#680);
#680 = CARTESIAN_POINT('',(1.3,-2.204433033685,4.9));
#681 = LINE('',#682,#683);
#682 = CARTESIAN_POINT('',(1.3,-2.204433033685,4.7));
#683 = VECTOR('',#684,1.);
#684 = DIRECTION('',(0.,0.,-1.));
#685 = ORIENTED_EDGE('',*,*,#686,.T.);
#686 = EDGE_CURVE('',#679,#687,#689,.T.);
#687 = VERTEX_POINT('',#688);
#688 = CARTESIAN_POINT('',(3.454433033685,-5.000000000005E-02,4.9));
#689 = CIRCLE('',#690,2.205);
#690 = AXIS2_PLACEMENT_3D('',#691,#692,#693);
#691 = CARTESIAN_POINT('',(1.25,0.,4.9));
#692 = DIRECTION('',(0.,0.,1.));
#693 = DIRECTION('',(-1.,1.224646799147E-16,0.));
#694 = ORIENTED_EDGE('',*,*,#695,.T.);
#695 = EDGE_CURVE('',#687,#696,#698,.T.);
#696 = VERTEX_POINT('',#697);
#697 = CARTESIAN_POINT('',(3.454433033685,-5.E-02,4.8));
#698 = LINE('',#699,#700);
#699 = CARTESIAN_POINT('',(3.454433033685,-5.E-02,4.7));
#700 = VECTOR('',#701,1.);
#701 = DIRECTION('',(0.,0.,-1.));
#702 = ORIENTED_EDGE('',*,*,#703,.F.);
#703 = EDGE_CURVE('',#549,#696,#704,.T.);
#704 = CIRCLE('',#705,2.205);
#705 = AXIS2_PLACEMENT_3D('',#706,#707,#708);
#706 = CARTESIAN_POINT('',(1.25,0.,4.8));
#707 = DIRECTION('',(0.,0.,-1.));
#708 = DIRECTION('',(-1.,1.224646799147E-16,0.));
#709 = CYLINDRICAL_SURFACE('',#710,2.205);
#710 = AXIS2_PLACEMENT_3D('',#711,#712,#713);
#711 = CARTESIAN_POINT('',(1.25,0.,5.));
#712 = DIRECTION('',(0.,0.,-1.));
#713 = DIRECTION('',(1.,-2.449293598295E-16,0.));
#714 = ADVANCED_FACE('',(#715),#779,.T.);
#715 = FACE_BOUND('',#716,.T.);
#716 = EDGE_LOOP('',(#717,#725,#731,#732,#740,#746,#747,#748,#756,#762,
    #763,#771,#777,#778));
#717 = ORIENTED_EDGE('',*,*,#718,.T.);
#718 = EDGE_CURVE('',#636,#719,#721,.T.);
#719 = VERTEX_POINT('',#720);
#720 = CARTESIAN_POINT('',(1.2,-5.E-02,4.8));
#721 = LINE('',#722,#723);
#722 = CARTESIAN_POINT('',(-5.1,-5.E-02,4.8));
#723 = VECTOR('',#724,1.);
#724 = DIRECTION('',(1.,-1.070449156838E-16,0.));
#725 = ORIENTED_EDGE('',*,*,#726,.T.);
#726 = EDGE_CURVE('',#719,#662,#727,.T.);
#727 = LINE('',#728,#729);
#728 = CARTESIAN_POINT('',(1.2,-5.E-02,4.8));
#729 = VECTOR('',#730,1.);
#730 = DIRECTION('',(-1.224646799147E-16,-1.,0.));
#731 = ORIENTED_EDGE('',*,*,#669,.F.);
#732 = ORIENTED_EDGE('',*,*,#733,.T.);
#733 = EDGE_CURVE('',#670,#734,#736,.T.);
#734 = VERTEX_POINT('',#735);
#735 = CARTESIAN_POINT('',(1.3,-5.E-02,4.8));
#736 = LINE('',#737,#738);
#737 = CARTESIAN_POINT('',(1.3,-6.35,4.8));
#738 = VECTOR('',#739,1.);
#739 = DIRECTION('',(1.224646799147E-16,1.,0.));
#740 = ORIENTED_EDGE('',*,*,#741,.T.);
#741 = EDGE_CURVE('',#734,#696,#742,.T.);
#742 = LINE('',#743,#744);
#743 = CARTESIAN_POINT('',(1.3,-5.E-02,4.8));
#744 = VECTOR('',#745,1.);
#745 = DIRECTION('',(1.,-1.224646799147E-16,0.));
#746 = ORIENTED_EDGE('',*,*,#703,.F.);
#747 = ORIENTED_EDGE('',*,*,#558,.F.);
#748 = ORIENTED_EDGE('',*,*,#749,.T.);
#749 = EDGE_CURVE('',#559,#750,#752,.T.);
#750 = VERTEX_POINT('',#751);
#751 = CARTESIAN_POINT('',(1.3,5.E-02,4.8));
#752 = LINE('',#753,#754);
#753 = CARTESIAN_POINT('',(7.6,5.E-02,4.8));
#754 = VECTOR('',#755,1.);
#755 = DIRECTION('',(-1.,1.224646799147E-16,0.));
#756 = ORIENTED_EDGE('',*,*,#757,.T.);
#757 = EDGE_CURVE('',#750,#585,#758,.T.);
#758 = LINE('',#759,#760);
#759 = CARTESIAN_POINT('',(1.3,5.E-02,4.8));
#760 = VECTOR('',#761,1.);
#761 = DIRECTION('',(1.224646799147E-16,1.,0.));
#762 = ORIENTED_EDGE('',*,*,#592,.F.);
#763 = ORIENTED_EDGE('',*,*,#764,.T.);
#764 = EDGE_CURVE('',#593,#765,#767,.T.);
#765 = VERTEX_POINT('',#766);
#766 = CARTESIAN_POINT('',(1.2,5.E-02,4.8));
#767 = LINE('',#768,#769);
#768 = CARTESIAN_POINT('',(1.2,6.35,4.8));
#769 = VECTOR('',#770,1.);
#770 = DIRECTION('',(-1.224646799147E-16,-1.,0.));
#771 = ORIENTED_EDGE('',*,*,#772,.T.);
#772 = EDGE_CURVE('',#765,#619,#773,.T.);
#773 = LINE('',#774,#775);
#774 = CARTESIAN_POINT('',(1.2,5.E-02,4.8));
#775 = VECTOR('',#776,1.);
#776 = DIRECTION('',(-1.,1.224646799147E-16,0.));
#777 = ORIENTED_EDGE('',*,*,#626,.F.);
#778 = ORIENTED_EDGE('',*,*,#635,.F.);
#779 = PLANE('',#780);
#780 = AXIS2_PLACEMENT_3D('',#781,#782,#783);
#781 = CARTESIAN_POINT('',(1.25,-2.677211033791E-17,4.8));
#782 = DIRECTION('',(1.122179901648E-31,-3.00852520549E-33,1.));
#783 = DIRECTION('',(-1.,1.224646799147E-16,1.122179901648E-31));
#784 = ADVANCED_FACE('',(#785),#803,.F.);
#785 = FACE_BOUND('',#786,.F.);
#786 = EDGE_LOOP('',(#787,#795,#801,#802));
#787 = ORIENTED_EDGE('',*,*,#788,.F.);
#788 = EDGE_CURVE('',#789,#687,#791,.T.);
#789 = VERTEX_POINT('',#790);
#790 = CARTESIAN_POINT('',(1.3,-5.E-02,4.9));
#791 = LINE('',#792,#793);
#792 = CARTESIAN_POINT('',(1.3,-5.E-02,4.9));
#793 = VECTOR('',#794,1.);
#794 = DIRECTION('',(1.,-1.224646799147E-16,0.));
#795 = ORIENTED_EDGE('',*,*,#796,.T.);
#796 = EDGE_CURVE('',#789,#734,#797,.T.);
#797 = LINE('',#798,#799);
#798 = CARTESIAN_POINT('',(1.3,-5.E-02,4.9));
#799 = VECTOR('',#800,1.);
#800 = DIRECTION('',(1.203998759507E-48,-1.2517178869E-32,-1.));
#801 = ORIENTED_EDGE('',*,*,#741,.T.);
#802 = ORIENTED_EDGE('',*,*,#695,.F.);
#803 = PLANE('',#804);
#804 = AXIS2_PLACEMENT_3D('',#805,#806,#807);
#805 = CARTESIAN_POINT('',(1.3,-5.E-02,4.9));
#806 = DIRECTION('',(-1.224646799147E-16,-1.,1.2517178869E-32));
#807 = DIRECTION('',(1.,-1.224646799147E-16,0.));
#808 = ADVANCED_FACE('',(#809),#819,.T.);
#809 = FACE_BOUND('',#810,.T.);
#810 = EDGE_LOOP('',(#811,#817,#818));
#811 = ORIENTED_EDGE('',*,*,#812,.F.);
#812 = EDGE_CURVE('',#679,#789,#813,.T.);
#813 = LINE('',#814,#815);
#814 = CARTESIAN_POINT('',(1.3,-6.35,4.9));
#815 = VECTOR('',#816,1.);
#816 = DIRECTION('',(1.224646799147E-16,1.,0.));
#817 = ORIENTED_EDGE('',*,*,#686,.T.);
#818 = ORIENTED_EDGE('',*,*,#788,.F.);
#819 = PLANE('',#820);
#820 = AXIS2_PLACEMENT_3D('',#821,#822,#823);
#821 = CARTESIAN_POINT('',(1.25,-1.425463059326E-16,4.9));
#822 = DIRECTION('',(-1.203998759507E-48,1.2517178869E-32,1.));
#823 = DIRECTION('',(-1.224646799147E-16,-1.,1.2517178869E-32));
#824 = ADVANCED_FACE('',(#825),#831,.F.);
#825 = FACE_BOUND('',#826,.F.);
#826 = EDGE_LOOP('',(#827,#828,#829,#830));
#827 = ORIENTED_EDGE('',*,*,#812,.F.);
#828 = ORIENTED_EDGE('',*,*,#678,.T.);
#829 = ORIENTED_EDGE('',*,*,#733,.T.);
#830 = ORIENTED_EDGE('',*,*,#796,.F.);
#831 = PLANE('',#832);
#832 = AXIS2_PLACEMENT_3D('',#833,#834,#835);
#833 = CARTESIAN_POINT('',(1.3,-6.35,4.9));
#834 = DIRECTION('',(1.,-1.224646799147E-16,2.736911063134E-48));
#835 = DIRECTION('',(1.224646799147E-16,1.,0.));
#836 = ADVANCED_FACE('',(#837),#855,.F.);
#837 = FACE_BOUND('',#838,.F.);
#838 = EDGE_LOOP('',(#839,#847,#853,#854));
#839 = ORIENTED_EDGE('',*,*,#840,.F.);
#840 = EDGE_CURVE('',#841,#653,#843,.T.);
#841 = VERTEX_POINT('',#842);
#842 = CARTESIAN_POINT('',(1.2,-5.E-02,4.9));
#843 = LINE('',#844,#845);
#844 = CARTESIAN_POINT('',(1.2,-5.E-02,4.9));
#845 = VECTOR('',#846,1.);
#846 = DIRECTION('',(-1.224646799147E-16,-1.,0.));
#847 = ORIENTED_EDGE('',*,*,#848,.T.);
#848 = EDGE_CURVE('',#841,#719,#849,.T.);
#849 = LINE('',#850,#851);
#850 = CARTESIAN_POINT('',(1.2,-5.E-02,4.9));
#851 = VECTOR('',#852,1.);
#852 = DIRECTION('',(1.203998759507E-48,-1.2517178869E-32,-1.));
#853 = ORIENTED_EDGE('',*,*,#726,.T.);
#854 = ORIENTED_EDGE('',*,*,#661,.F.);
#855 = PLANE('',#856);
#856 = AXIS2_PLACEMENT_3D('',#857,#858,#859);
#857 = CARTESIAN_POINT('',(1.2,-5.E-02,4.9));
#858 = DIRECTION('',(-1.,1.224646799147E-16,-2.736911063134E-48));
#859 = DIRECTION('',(-1.224646799147E-16,-1.,0.));
#860 = ADVANCED_FACE('',(#861),#871,.T.);
#861 = FACE_BOUND('',#862,.T.);
#862 = EDGE_LOOP('',(#863,#869,#870));
#863 = ORIENTED_EDGE('',*,*,#864,.F.);
#864 = EDGE_CURVE('',#645,#841,#865,.T.);
#865 = LINE('',#866,#867);
#866 = CARTESIAN_POINT('',(-5.1,-5.E-02,4.9));
#867 = VECTOR('',#868,1.);
#868 = DIRECTION('',(1.,-1.070449156838E-16,0.));
#869 = ORIENTED_EDGE('',*,*,#652,.T.);
#870 = ORIENTED_EDGE('',*,*,#840,.F.);
#871 = PLANE('',#872);
#872 = AXIS2_PLACEMENT_3D('',#873,#874,#875);
#873 = CARTESIAN_POINT('',(1.25,-1.425463059326E-16,4.9));
#874 = DIRECTION('',(-1.203998759507E-48,1.2517178869E-32,1.));
#875 = DIRECTION('',(-1.224646799147E-16,-1.,1.2517178869E-32));
#876 = ADVANCED_FACE('',(#877),#883,.F.);
#877 = FACE_BOUND('',#878,.F.);
#878 = EDGE_LOOP('',(#879,#880,#881,#882));
#879 = ORIENTED_EDGE('',*,*,#864,.F.);
#880 = ORIENTED_EDGE('',*,*,#644,.T.);
#881 = ORIENTED_EDGE('',*,*,#718,.T.);
#882 = ORIENTED_EDGE('',*,*,#848,.F.);
#883 = PLANE('',#884);
#884 = AXIS2_PLACEMENT_3D('',#885,#886,#887);
#885 = CARTESIAN_POINT('',(-5.1,-5.E-02,4.9));
#886 = DIRECTION('',(-1.070449156838E-16,-1.,1.2517178869E-32));
#887 = DIRECTION('',(1.,-1.070449156838E-16,0.));
#888 = ADVANCED_FACE('',(#889),#907,.F.);
#889 = FACE_BOUND('',#890,.F.);
#890 = EDGE_LOOP('',(#891,#899,#905,#906));
#891 = ORIENTED_EDGE('',*,*,#892,.F.);
#892 = EDGE_CURVE('',#893,#610,#895,.T.);
#893 = VERTEX_POINT('',#894);
#894 = CARTESIAN_POINT('',(1.2,5.E-02,4.9));
#895 = LINE('',#896,#897);
#896 = CARTESIAN_POINT('',(1.2,5.E-02,4.9));
#897 = VECTOR('',#898,1.);
#898 = DIRECTION('',(-1.,1.224646799147E-16,0.));
#899 = ORIENTED_EDGE('',*,*,#900,.T.);
#900 = EDGE_CURVE('',#893,#765,#901,.T.);
#901 = LINE('',#902,#903);
#902 = CARTESIAN_POINT('',(1.2,5.E-02,4.9));
#903 = VECTOR('',#904,1.);
#904 = DIRECTION('',(1.203998759507E-48,-1.2517178869E-32,-1.));
#905 = ORIENTED_EDGE('',*,*,#772,.T.);
#906 = ORIENTED_EDGE('',*,*,#618,.F.);
#907 = PLANE('',#908);
#908 = AXIS2_PLACEMENT_3D('',#909,#910,#911);
#909 = CARTESIAN_POINT('',(1.2,5.E-02,4.9));
#910 = DIRECTION('',(1.224646799147E-16,1.,-1.2517178869E-32));
#911 = DIRECTION('',(-1.,1.224646799147E-16,0.));
#912 = ADVANCED_FACE('',(#913),#923,.T.);
#913 = FACE_BOUND('',#914,.T.);
#914 = EDGE_LOOP('',(#915,#916,#917));
#915 = ORIENTED_EDGE('',*,*,#609,.T.);
#916 = ORIENTED_EDGE('',*,*,#892,.F.);
#917 = ORIENTED_EDGE('',*,*,#918,.F.);
#918 = EDGE_CURVE('',#602,#893,#919,.T.);
#919 = LINE('',#920,#921);
#920 = CARTESIAN_POINT('',(1.2,6.35,4.9));
#921 = VECTOR('',#922,1.);
#922 = DIRECTION('',(-1.224646799147E-16,-1.,0.));
#923 = PLANE('',#924);
#924 = AXIS2_PLACEMENT_3D('',#925,#926,#927);
#925 = CARTESIAN_POINT('',(1.25,-1.425463059326E-16,4.9));
#926 = DIRECTION('',(-1.203998759507E-48,1.2517178869E-32,1.));
#927 = DIRECTION('',(-1.224646799147E-16,-1.,1.2517178869E-32));
#928 = ADVANCED_FACE('',(#929),#935,.F.);
#929 = FACE_BOUND('',#930,.F.);
#930 = EDGE_LOOP('',(#931,#932,#933,#934));
#931 = ORIENTED_EDGE('',*,*,#918,.F.);
#932 = ORIENTED_EDGE('',*,*,#601,.T.);
#933 = ORIENTED_EDGE('',*,*,#764,.T.);
#934 = ORIENTED_EDGE('',*,*,#900,.F.);
#935 = PLANE('',#936);
#936 = AXIS2_PLACEMENT_3D('',#937,#938,#939);
#937 = CARTESIAN_POINT('',(1.2,6.35,4.9));
#938 = DIRECTION('',(-1.,1.224646799147E-16,-2.736911063134E-48));
#939 = DIRECTION('',(-1.224646799147E-16,-1.,0.));
#940 = ADVANCED_FACE('',(#941),#959,.F.);
#941 = FACE_BOUND('',#942,.F.);
#942 = EDGE_LOOP('',(#943,#951,#957,#958));
#943 = ORIENTED_EDGE('',*,*,#944,.F.);
#944 = EDGE_CURVE('',#945,#576,#947,.T.);
#945 = VERTEX_POINT('',#946);
#946 = CARTESIAN_POINT('',(1.3,5.E-02,4.9));
#947 = LINE('',#948,#949);
#948 = CARTESIAN_POINT('',(1.3,5.E-02,4.9));
#949 = VECTOR('',#950,1.);
#950 = DIRECTION('',(1.224646799147E-16,1.,0.));
#951 = ORIENTED_EDGE('',*,*,#952,.T.);
#952 = EDGE_CURVE('',#945,#750,#953,.T.);
#953 = LINE('',#954,#955);
#954 = CARTESIAN_POINT('',(1.3,5.E-02,4.9));
#955 = VECTOR('',#956,1.);
#956 = DIRECTION('',(1.203998759507E-48,-1.2517178869E-32,-1.));
#957 = ORIENTED_EDGE('',*,*,#757,.T.);
#958 = ORIENTED_EDGE('',*,*,#584,.F.);
#959 = PLANE('',#960);
#960 = AXIS2_PLACEMENT_3D('',#961,#962,#963);
#961 = CARTESIAN_POINT('',(1.3,5.E-02,4.9));
#962 = DIRECTION('',(1.,-1.224646799147E-16,2.736911063134E-48));
#963 = DIRECTION('',(1.224646799147E-16,1.,0.));
#964 = ADVANCED_FACE('',(#965),#975,.T.);
#965 = FACE_BOUND('',#966,.T.);
#966 = EDGE_LOOP('',(#967,#968,#969));
#967 = ORIENTED_EDGE('',*,*,#575,.T.);
#968 = ORIENTED_EDGE('',*,*,#944,.F.);
#969 = ORIENTED_EDGE('',*,*,#970,.F.);
#970 = EDGE_CURVE('',#568,#945,#971,.T.);
#971 = LINE('',#972,#973);
#972 = CARTESIAN_POINT('',(7.6,5.E-02,4.9));
#973 = VECTOR('',#974,1.);
#974 = DIRECTION('',(-1.,1.224646799147E-16,0.));
#975 = PLANE('',#976);
#976 = AXIS2_PLACEMENT_3D('',#977,#978,#979);
#977 = CARTESIAN_POINT('',(1.25,-1.425463059326E-16,4.9));
#978 = DIRECTION('',(-1.203998759507E-48,1.2517178869E-32,1.));
#979 = DIRECTION('',(-1.224646799147E-16,-1.,1.2517178869E-32));
#980 = ADVANCED_FACE('',(#981),#987,.F.);
#981 = FACE_BOUND('',#982,.F.);
#982 = EDGE_LOOP('',(#983,#984,#985,#986));
#983 = ORIENTED_EDGE('',*,*,#970,.F.);
#984 = ORIENTED_EDGE('',*,*,#567,.T.);
#985 = ORIENTED_EDGE('',*,*,#749,.T.);
#986 = ORIENTED_EDGE('',*,*,#952,.F.);
#987 = PLANE('',#988);
#988 = AXIS2_PLACEMENT_3D('',#989,#990,#991);
#989 = CARTESIAN_POINT('',(7.6,5.E-02,4.9));
#990 = DIRECTION('',(1.224646799147E-16,1.,-1.2517178869E-32));
#991 = DIRECTION('',(-1.,1.224646799147E-16,0.));
#992 = ORIENTED_CLOSED_SHELL('',*,#993,.F.);
#993 = CLOSED_SHELL('',(#994,#1011,#1045));
#994 = ADVANCED_FACE('',(#995),#1006,.T.);
#995 = FACE_BOUND('',#996,.T.);
#996 = EDGE_LOOP('',(#997));
#997 = ORIENTED_EDGE('',*,*,#998,.T.);
#998 = EDGE_CURVE('',#999,#999,#1001,.T.);
#999 = VERTEX_POINT('',#1000);
#1000 = CARTESIAN_POINT('',(3.455,-5.40069238424E-16,4.6));
#1001 = CIRCLE('',#1002,2.205);
#1002 = AXIS2_PLACEMENT_3D('',#1003,#1004,#1005);
#1003 = CARTESIAN_POINT('',(1.25,0.,4.6));
#1004 = DIRECTION('',(0.,-0.,-1.));
#1005 = DIRECTION('',(1.,-2.449293598295E-16,0.));
#1006 = PLANE('',#1007);
#1007 = AXIS2_PLACEMENT_3D('',#1008,#1009,#1010);
#1008 = CARTESIAN_POINT('',(1.25,0.,4.6));
#1009 = DIRECTION('',(0.,0.,-1.));
#1010 = DIRECTION('',(1.,-2.449293598295E-16,0.));
#1011 = ADVANCED_FACE('',(#1012),#1040,.T.);
#1012 = FACE_BOUND('',#1013,.T.);
#1013 = EDGE_LOOP('',(#1014,#1025,#1031,#1032,#1033));
#1014 = ORIENTED_EDGE('',*,*,#1015,.F.);
#1015 = EDGE_CURVE('',#1016,#1018,#1020,.T.);
#1016 = VERTEX_POINT('',#1017);
#1017 = CARTESIAN_POINT('',(3.455,-4.068795425492E-14,4.7));
#1018 = VERTEX_POINT('',#1019);
#1019 = CARTESIAN_POINT('',(-0.955,2.70034619212E-16,4.7));
#1020 = CIRCLE('',#1021,2.205);
#1021 = AXIS2_PLACEMENT_3D('',#1022,#1023,#1024);
#1022 = CARTESIAN_POINT('',(1.25,0.,4.7));
#1023 = DIRECTION('',(0.,0.,1.));
#1024 = DIRECTION('',(-1.,1.224646799147E-16,0.));
#1025 = ORIENTED_EDGE('',*,*,#1026,.T.);
#1026 = EDGE_CURVE('',#1016,#999,#1027,.T.);
#1027 = LINE('',#1028,#1029);
#1028 = CARTESIAN_POINT('',(3.455,-5.40069238424E-16,5.));
#1029 = VECTOR('',#1030,1.);
#1030 = DIRECTION('',(0.,0.,-1.));
#1031 = ORIENTED_EDGE('',*,*,#998,.F.);
#1032 = ORIENTED_EDGE('',*,*,#1026,.F.);
#1033 = ORIENTED_EDGE('',*,*,#1034,.F.);
#1034 = EDGE_CURVE('',#1018,#1016,#1035,.T.);
#1035 = CIRCLE('',#1036,2.205);
#1036 = AXIS2_PLACEMENT_3D('',#1037,#1038,#1039);
#1037 = CARTESIAN_POINT('',(1.25,0.,4.7));
#1038 = DIRECTION('',(0.,0.,1.));
#1039 = DIRECTION('',(-1.,1.224646799147E-16,0.));
#1040 = CYLINDRICAL_SURFACE('',#1041,2.205);
#1041 = AXIS2_PLACEMENT_3D('',#1042,#1043,#1044);
#1042 = CARTESIAN_POINT('',(1.25,0.,5.));
#1043 = DIRECTION('',(0.,0.,-1.));
#1044 = DIRECTION('',(1.,-2.449293598295E-16,0.));
#1045 = ADVANCED_FACE('',(#1046),#1050,.T.);
#1046 = FACE_BOUND('',#1047,.T.);
#1047 = EDGE_LOOP('',(#1048,#1049));
#1048 = ORIENTED_EDGE('',*,*,#1034,.T.);
#1049 = ORIENTED_EDGE('',*,*,#1015,.T.);
#1050 = PLANE('',#1051);
#1051 = AXIS2_PLACEMENT_3D('',#1052,#1053,#1054);
#1052 = CARTESIAN_POINT('',(1.25,-1.425463059326E-16,4.7));
#1053 = DIRECTION('',(-1.203998759507E-48,1.2517178869E-32,1.));
#1054 = DIRECTION('',(-1.224646799147E-16,-1.,1.2517178869E-32));
#1055 = ( GEOMETRIC_REPRESENTATION_CONTEXT(3) 
GLOBAL_UNCERTAINTY_ASSIGNED_CONTEXT((#1059)) 
GLOBAL_UNIT_ASSIGNED_CONTEXT((#1056,#1057,#1058)) REPRESENTATION_CONTEXT
('Context #1','3D Context with UNIT and UNCERTAINTY') );
#1056 = ( LENGTH_UNIT() NAMED_UNIT(*) SI_UNIT(.MILLI.,.METRE.) );
#1057 = ( NAMED_UNIT(*) PLANE_ANGLE_UNIT() SI_UNIT($,.RADIAN.) );
#1058 = ( NAMED_UNIT(*) SI_UNIT($,.STERADIAN.) SOLID_ANGLE_UNIT() );
#1059 = UNCERTAINTY_MEASURE_WITH_UNIT(LENGTH_MEASURE(2.E-06),#1056,
  'distance_accuracy_value','confusion accuracy');
#1060 = CONTEXT_DEPENDENT_SHAPE_REPRESENTATION(#1061,#1063);
#1061 = ( REPRESENTATION_RELATIONSHIP('','',#67,#44) 
REPRESENTATION_RELATIONSHIP_WITH_TRANSFORMATION(#1062) 
SHAPE_REPRESENTATION_RELATIONSHIP() );
#1062 = ITEM_DEFINED_TRANSFORMATION('','',#11,#45);
#1063 = PRODUCT_DEFINITION_SHAPE('Placement','Placement of an item',
  #1064);
#1064 = NEXT_ASSEMBLY_USAGE_OCCURRENCE('1','=>[0:1:1:3]','',#39,#62,$);
#1065 = PRODUCT_RELATED_PRODUCT_CATEGORY('part',$,(#64));
#1066 = CONTEXT_DEPENDENT_SHAPE_REPRESENTATION(#1067,#1069);
#1067 = ( REPRESENTATION_RELATIONSHIP('','',#44,#10) 
REPRESENTATION_RELATIONSHIP_WITH_TRANSFORMATION(#1068) 
SHAPE_REPRESENTATION_RELATIONSHIP() );
#1068 = ITEM_DEFINED_TRANSFORMATION('','',#11,#19);
#1069 = PRODUCT_DEFINITION_SHAPE('Placement','Placement of an item',
  #1070);
#1070 = NEXT_ASSEMBLY_USAGE_OCCURRENCE('3','C1','',#5,#39,$);
#1071 = CONTEXT_DEPENDENT_SHAPE_REPRESENTATION(#1072,#1074);
#1072 = ( REPRESENTATION_RELATIONSHIP('','',#44,#10) 
REPRESENTATION_RELATIONSHIP_WITH_TRANSFORMATION(#1073) 
SHAPE_REPRESENTATION_RELATIONSHIP() );
#1073 = ITEM_DEFINED_TRANSFORMATION('','',#11,#23);
#1074 = PRODUCT_DEFINITION_SHAPE('Placement','Placement of an item',
  #1075);
#1075 = NEXT_ASSEMBLY_USAGE_OCCURRENCE('4','C2','',#5,#39,$);
#1076 = SHAPE_DEFINITION_REPRESENTATION(#1077,#1083);
#1077 = PRODUCT_DEFINITION_SHAPE('','',#1078);
#1078 = PRODUCT_DEFINITION('design','',#1079,#1082);
#1079 = PRODUCT_DEFINITION_FORMATION('','',#1080);
#1080 = PRODUCT('weight_measurement_PCB','weight_measurement_PCB','',(
    #1081));
#1081 = PRODUCT_CONTEXT('',#2,'mechanical');
#1082 = PRODUCT_DEFINITION_CONTEXT('part definition',#2,'design');
#1083 = ADVANCED_BREP_SHAPE_REPRESENTATION('',(#11,#1084),#3526);
#1084 = MANIFOLD_SOLID_BREP('',#1085);
#1085 = CLOSED_SHELL('',(#1086,#1126,#1157,#1188,#1841,#2494,#2506,#2523
    ,#2540,#2557,#2574,#2591,#2608,#2625,#2642,#2659,#2676,#2693,#2710,
    #2727,#2744,#2761,#2778,#2795,#2812,#2829,#2846,#2863,#2880,#2897,
    #2914,#2931,#2948,#2965,#2982,#2999,#3016,#3033,#3050,#3067,#3084,
    #3101,#3118,#3135,#3152,#3169,#3186,#3203,#3220,#3237,#3254,#3276,
    #3293,#3310,#3322,#3344,#3361,#3378,#3390,#3407,#3424,#3441,#3463,
    #3480,#3497,#3509));
#1086 = ADVANCED_FACE('',(#1087),#1121,.T.);
#1087 = FACE_BOUND('',#1088,.T.);
#1088 = EDGE_LOOP('',(#1089,#1099,#1107,#1115));
#1089 = ORIENTED_EDGE('',*,*,#1090,.T.);
#1090 = EDGE_CURVE('',#1091,#1093,#1095,.T.);
#1091 = VERTEX_POINT('',#1092);
#1092 = CARTESIAN_POINT('',(147.5,-117.,0.));
#1093 = VERTEX_POINT('',#1094);
#1094 = CARTESIAN_POINT('',(147.5,-117.,1.599978));
#1095 = LINE('',#1096,#1097);
#1096 = CARTESIAN_POINT('',(147.5,-117.,0.));
#1097 = VECTOR('',#1098,1.);
#1098 = DIRECTION('',(0.,0.,1.));
#1099 = ORIENTED_EDGE('',*,*,#1100,.T.);
#1100 = EDGE_CURVE('',#1093,#1101,#1103,.T.);
#1101 = VERTEX_POINT('',#1102);
#1102 = CARTESIAN_POINT('',(75.5,-117.,1.599978));
#1103 = LINE('',#1104,#1105);
#1104 = CARTESIAN_POINT('',(147.5,-117.,1.599978));
#1105 = VECTOR('',#1106,1.);
#1106 = DIRECTION('',(-1.,0.,0.));
#1107 = ORIENTED_EDGE('',*,*,#1108,.F.);
#1108 = EDGE_CURVE('',#1109,#1101,#1111,.T.);
#1109 = VERTEX_POINT('',#1110);
#1110 = CARTESIAN_POINT('',(75.5,-117.,0.));
#1111 = LINE('',#1112,#1113);
#1112 = CARTESIAN_POINT('',(75.5,-117.,0.));
#1113 = VECTOR('',#1114,1.);
#1114 = DIRECTION('',(0.,0.,1.));
#1115 = ORIENTED_EDGE('',*,*,#1116,.F.);
#1116 = EDGE_CURVE('',#1091,#1109,#1117,.T.);
#1117 = LINE('',#1118,#1119);
#1118 = CARTESIAN_POINT('',(147.5,-117.,0.));
#1119 = VECTOR('',#1120,1.);
#1120 = DIRECTION('',(-1.,0.,0.));
#1121 = PLANE('',#1122);
#1122 = AXIS2_PLACEMENT_3D('',#1123,#1124,#1125);
#1123 = CARTESIAN_POINT('',(147.5,-117.,0.));
#1124 = DIRECTION('',(0.,-1.,0.));
#1125 = DIRECTION('',(-1.,0.,0.));
#1126 = ADVANCED_FACE('',(#1127),#1152,.T.);
#1127 = FACE_BOUND('',#1128,.T.);
#1128 = EDGE_LOOP('',(#1129,#1139,#1145,#1146));
#1129 = ORIENTED_EDGE('',*,*,#1130,.T.);
#1130 = EDGE_CURVE('',#1131,#1133,#1135,.T.);
#1131 = VERTEX_POINT('',#1132);
#1132 = CARTESIAN_POINT('',(147.5,-70.,0.));
#1133 = VERTEX_POINT('',#1134);
#1134 = CARTESIAN_POINT('',(147.5,-70.,1.599978));
#1135 = LINE('',#1136,#1137);
#1136 = CARTESIAN_POINT('',(147.5,-70.,0.));
#1137 = VECTOR('',#1138,1.);
#1138 = DIRECTION('',(0.,0.,1.));
#1139 = ORIENTED_EDGE('',*,*,#1140,.T.);
#1140 = EDGE_CURVE('',#1133,#1093,#1141,.T.);
#1141 = LINE('',#1142,#1143);
#1142 = CARTESIAN_POINT('',(147.5,-70.,1.599978));
#1143 = VECTOR('',#1144,1.);
#1144 = DIRECTION('',(0.,-1.,0.));
#1145 = ORIENTED_EDGE('',*,*,#1090,.F.);
#1146 = ORIENTED_EDGE('',*,*,#1147,.F.);
#1147 = EDGE_CURVE('',#1131,#1091,#1148,.T.);
#1148 = LINE('',#1149,#1150);
#1149 = CARTESIAN_POINT('',(147.5,-70.,0.));
#1150 = VECTOR('',#1151,1.);
#1151 = DIRECTION('',(0.,-1.,0.));
#1152 = PLANE('',#1153);
#1153 = AXIS2_PLACEMENT_3D('',#1154,#1155,#1156);
#1154 = CARTESIAN_POINT('',(147.5,-70.,0.));
#1155 = DIRECTION('',(1.,0.,-0.));
#1156 = DIRECTION('',(0.,-1.,0.));
#1157 = ADVANCED_FACE('',(#1158),#1183,.T.);
#1158 = FACE_BOUND('',#1159,.T.);
#1159 = EDGE_LOOP('',(#1160,#1161,#1169,#1177));
#1160 = ORIENTED_EDGE('',*,*,#1108,.T.);
#1161 = ORIENTED_EDGE('',*,*,#1162,.T.);
#1162 = EDGE_CURVE('',#1101,#1163,#1165,.T.);
#1163 = VERTEX_POINT('',#1164);
#1164 = CARTESIAN_POINT('',(75.5,-70.,1.599978));
#1165 = LINE('',#1166,#1167);
#1166 = CARTESIAN_POINT('',(75.5,-117.,1.599978));
#1167 = VECTOR('',#1168,1.);
#1168 = DIRECTION('',(0.,1.,0.));
#1169 = ORIENTED_EDGE('',*,*,#1170,.F.);
#1170 = EDGE_CURVE('',#1171,#1163,#1173,.T.);
#1171 = VERTEX_POINT('',#1172);
#1172 = CARTESIAN_POINT('',(75.5,-70.,0.));
#1173 = LINE('',#1174,#1175);
#1174 = CARTESIAN_POINT('',(75.5,-70.,0.));
#1175 = VECTOR('',#1176,1.);
#1176 = DIRECTION('',(0.,0.,1.));
#1177 = ORIENTED_EDGE('',*,*,#1178,.F.);
#1178 = EDGE_CURVE('',#1109,#1171,#1179,.T.);
#1179 = LINE('',#1180,#1181);
#1180 = CARTESIAN_POINT('',(75.5,-117.,0.));
#1181 = VECTOR('',#1182,1.);
#1182 = DIRECTION('',(0.,1.,0.));
#1183 = PLANE('',#1184);
#1184 = AXIS2_PLACEMENT_3D('',#1185,#1186,#1187);
#1185 = CARTESIAN_POINT('',(75.5,-117.,0.));
#1186 = DIRECTION('',(-1.,0.,0.));
#1187 = DIRECTION('',(0.,1.,0.));
#1188 = ADVANCED_FACE('',(#1189,#1200,#1211,#1222,#1233,#1244,#1255,
    #1266,#1277,#1288,#1299,#1310,#1321,#1332,#1343,#1354,#1365,#1376,
    #1387,#1398,#1409,#1420,#1431,#1442,#1453,#1464,#1475,#1486,#1497,
    #1508,#1519,#1530,#1541,#1552,#1563,#1574,#1585,#1596,#1607,#1618,
    #1629,#1640,#1651,#1662,#1673,#1684,#1720,#1756,#1767,#1778,#1789,
    #1825),#1836,.F.);
#1189 = FACE_BOUND('',#1190,.F.);
#1190 = EDGE_LOOP('',(#1191,#1192,#1193,#1199));
#1191 = ORIENTED_EDGE('',*,*,#1116,.F.);
#1192 = ORIENTED_EDGE('',*,*,#1147,.F.);
#1193 = ORIENTED_EDGE('',*,*,#1194,.F.);
#1194 = EDGE_CURVE('',#1171,#1131,#1195,.T.);
#1195 = LINE('',#1196,#1197);
#1196 = CARTESIAN_POINT('',(75.5,-70.,0.));
#1197 = VECTOR('',#1198,1.);
#1198 = DIRECTION('',(1.,0.,0.));
#1199 = ORIENTED_EDGE('',*,*,#1178,.F.);
#1200 = FACE_BOUND('',#1201,.F.);
#1201 = EDGE_LOOP('',(#1202));
#1202 = ORIENTED_EDGE('',*,*,#1203,.T.);
#1203 = EDGE_CURVE('',#1204,#1204,#1206,.T.);
#1204 = VERTEX_POINT('',#1205);
#1205 = CARTESIAN_POINT('',(79.,-115.1,0.));
#1206 = CIRCLE('',#1207,1.6);
#1207 = AXIS2_PLACEMENT_3D('',#1208,#1209,#1210);
#1208 = CARTESIAN_POINT('',(79.,-113.5,0.));
#1209 = DIRECTION('',(-0.,0.,-1.));
#1210 = DIRECTION('',(-0.,-1.,0.));
#1211 = FACE_BOUND('',#1212,.F.);
#1212 = EDGE_LOOP('',(#1213));
#1213 = ORIENTED_EDGE('',*,*,#1214,.T.);
#1214 = EDGE_CURVE('',#1215,#1215,#1217,.T.);
#1215 = VERTEX_POINT('',#1216);
#1216 = CARTESIAN_POINT('',(108.9,-110.6,0.));
#1217 = CIRCLE('',#1218,0.6);
#1218 = AXIS2_PLACEMENT_3D('',#1219,#1220,#1221);
#1219 = CARTESIAN_POINT('',(108.9,-110.,0.));
#1220 = DIRECTION('',(-0.,0.,-1.));
#1221 = DIRECTION('',(-0.,-1.,0.));
#1222 = FACE_BOUND('',#1223,.F.);
#1223 = EDGE_LOOP('',(#1224));
#1224 = ORIENTED_EDGE('',*,*,#1225,.T.);
#1225 = EDGE_CURVE('',#1226,#1226,#1228,.T.);
#1226 = VERTEX_POINT('',#1227);
#1227 = CARTESIAN_POINT('',(100.5,-107.041,0.));
#1228 = CIRCLE('',#1229,0.381);
#1229 = AXIS2_PLACEMENT_3D('',#1230,#1231,#1232);
#1230 = CARTESIAN_POINT('',(100.5,-106.66,0.));
#1231 = DIRECTION('',(-0.,0.,-1.));
#1232 = DIRECTION('',(-0.,-1.,0.));
#1233 = FACE_BOUND('',#1234,.F.);
#1234 = EDGE_LOOP('',(#1235));
#1235 = ORIENTED_EDGE('',*,*,#1236,.T.);
#1236 = EDGE_CURVE('',#1237,#1237,#1239,.T.);
#1237 = VERTEX_POINT('',#1238);
#1238 = CARTESIAN_POINT('',(110.5,-108.475,0.));
#1239 = CIRCLE('',#1240,0.475);
#1240 = AXIS2_PLACEMENT_3D('',#1241,#1242,#1243);
#1241 = CARTESIAN_POINT('',(110.5,-108.,0.));
#1242 = DIRECTION('',(-0.,0.,-1.));
#1243 = DIRECTION('',(-0.,-1.,0.));
#1244 = FACE_BOUND('',#1245,.F.);
#1245 = EDGE_LOOP('',(#1246));
#1246 = ORIENTED_EDGE('',*,*,#1247,.T.);
#1247 = EDGE_CURVE('',#1248,#1248,#1250,.T.);
#1248 = VERTEX_POINT('',#1249);
#1249 = CARTESIAN_POINT('',(85.26,-99.421,0.));
#1250 = CIRCLE('',#1251,0.381);
#1251 = AXIS2_PLACEMENT_3D('',#1252,#1253,#1254);
#1252 = CARTESIAN_POINT('',(85.26,-99.04,0.));
#1253 = DIRECTION('',(-0.,0.,-1.));
#1254 = DIRECTION('',(-0.,-1.,0.));
#1255 = FACE_BOUND('',#1256,.F.);
#1256 = EDGE_LOOP('',(#1257));
#1257 = ORIENTED_EDGE('',*,*,#1258,.T.);
#1258 = EDGE_CURVE('',#1259,#1259,#1261,.T.);
#1259 = VERTEX_POINT('',#1260);
#1260 = CARTESIAN_POINT('',(85.26,-96.881,0.));
#1261 = CIRCLE('',#1262,0.381);
#1262 = AXIS2_PLACEMENT_3D('',#1263,#1264,#1265);
#1263 = CARTESIAN_POINT('',(85.26,-96.5,0.));
#1264 = DIRECTION('',(-0.,0.,-1.));
#1265 = DIRECTION('',(-0.,-1.,0.));
#1266 = FACE_BOUND('',#1267,.F.);
#1267 = EDGE_LOOP('',(#1268));
#1268 = ORIENTED_EDGE('',*,*,#1269,.T.);
#1269 = EDGE_CURVE('',#1270,#1270,#1272,.T.);
#1270 = VERTEX_POINT('',#1271);
#1271 = CARTESIAN_POINT('',(85.26,-94.341,0.));
#1272 = CIRCLE('',#1273,0.381);
#1273 = AXIS2_PLACEMENT_3D('',#1274,#1275,#1276);
#1274 = CARTESIAN_POINT('',(85.26,-93.96,0.));
#1275 = DIRECTION('',(-0.,0.,-1.));
#1276 = DIRECTION('',(-0.,-1.,0.));
#1277 = FACE_BOUND('',#1278,.F.);
#1278 = EDGE_LOOP('',(#1279));
#1279 = ORIENTED_EDGE('',*,*,#1280,.T.);
#1280 = EDGE_CURVE('',#1281,#1281,#1283,.T.);
#1281 = VERTEX_POINT('',#1282);
#1282 = CARTESIAN_POINT('',(100.5,-104.501,0.));
#1283 = CIRCLE('',#1284,0.381);
#1284 = AXIS2_PLACEMENT_3D('',#1285,#1286,#1287);
#1285 = CARTESIAN_POINT('',(100.5,-104.12,0.));
#1286 = DIRECTION('',(-0.,0.,-1.));
#1287 = DIRECTION('',(-0.,-1.,0.));
#1288 = FACE_BOUND('',#1289,.F.);
#1289 = EDGE_LOOP('',(#1290));
#1290 = ORIENTED_EDGE('',*,*,#1291,.T.);
#1291 = EDGE_CURVE('',#1292,#1292,#1294,.T.);
#1292 = VERTEX_POINT('',#1293);
#1293 = CARTESIAN_POINT('',(100.5,-101.961,0.));
#1294 = CIRCLE('',#1295,0.381);
#1295 = AXIS2_PLACEMENT_3D('',#1296,#1297,#1298);
#1296 = CARTESIAN_POINT('',(100.5,-101.58,0.));
#1297 = DIRECTION('',(-0.,0.,-1.));
#1298 = DIRECTION('',(-0.,-1.,0.));
#1299 = FACE_BOUND('',#1300,.F.);
#1300 = EDGE_LOOP('',(#1301));
#1301 = ORIENTED_EDGE('',*,*,#1302,.T.);
#1302 = EDGE_CURVE('',#1303,#1303,#1305,.T.);
#1303 = VERTEX_POINT('',#1304);
#1304 = CARTESIAN_POINT('',(100.5,-99.421,0.));
#1305 = CIRCLE('',#1306,0.381);
#1306 = AXIS2_PLACEMENT_3D('',#1307,#1308,#1309);
#1307 = CARTESIAN_POINT('',(100.5,-99.04,0.));
#1308 = DIRECTION('',(-0.,0.,-1.));
#1309 = DIRECTION('',(-0.,-1.,0.));
#1310 = FACE_BOUND('',#1311,.F.);
#1311 = EDGE_LOOP('',(#1312));
#1312 = ORIENTED_EDGE('',*,*,#1313,.T.);
#1313 = EDGE_CURVE('',#1314,#1314,#1316,.T.);
#1314 = VERTEX_POINT('',#1315);
#1315 = CARTESIAN_POINT('',(100.5,-96.881,0.));
#1316 = CIRCLE('',#1317,0.381);
#1317 = AXIS2_PLACEMENT_3D('',#1318,#1319,#1320);
#1318 = CARTESIAN_POINT('',(100.5,-96.5,0.));
#1319 = DIRECTION('',(-0.,0.,-1.));
#1320 = DIRECTION('',(-0.,-1.,0.));
#1321 = FACE_BOUND('',#1322,.F.);
#1322 = EDGE_LOOP('',(#1323));
#1323 = ORIENTED_EDGE('',*,*,#1324,.T.);
#1324 = EDGE_CURVE('',#1325,#1325,#1327,.T.);
#1325 = VERTEX_POINT('',#1326);
#1326 = CARTESIAN_POINT('',(100.5,-94.341,0.));
#1327 = CIRCLE('',#1328,0.381);
#1328 = AXIS2_PLACEMENT_3D('',#1329,#1330,#1331);
#1329 = CARTESIAN_POINT('',(100.5,-93.96,0.));
#1330 = DIRECTION('',(-0.,0.,-1.));
#1331 = DIRECTION('',(-0.,-1.,0.));
#1332 = FACE_BOUND('',#1333,.F.);
#1333 = EDGE_LOOP('',(#1334));
#1334 = ORIENTED_EDGE('',*,*,#1335,.T.);
#1335 = EDGE_CURVE('',#1336,#1336,#1338,.T.);
#1336 = VERTEX_POINT('',#1337);
#1337 = CARTESIAN_POINT('',(108.9,-96.6,0.));
#1338 = CIRCLE('',#1339,0.6);
#1339 = AXIS2_PLACEMENT_3D('',#1340,#1341,#1342);
#1340 = CARTESIAN_POINT('',(108.9,-96.,0.));
#1341 = DIRECTION('',(-0.,0.,-1.));
#1342 = DIRECTION('',(-0.,-1.,0.));
#1343 = FACE_BOUND('',#1344,.F.);
#1344 = EDGE_LOOP('',(#1345));
#1345 = ORIENTED_EDGE('',*,*,#1346,.T.);
#1346 = EDGE_CURVE('',#1347,#1347,#1349,.T.);
#1347 = VERTEX_POINT('',#1348);
#1348 = CARTESIAN_POINT('',(110.5,-94.475,0.));
#1349 = CIRCLE('',#1350,0.475);
#1350 = AXIS2_PLACEMENT_3D('',#1351,#1352,#1353);
#1351 = CARTESIAN_POINT('',(110.5,-94.,0.));
#1352 = DIRECTION('',(-0.,0.,-1.));
#1353 = DIRECTION('',(-0.,-1.,0.));
#1354 = FACE_BOUND('',#1355,.F.);
#1355 = EDGE_LOOP('',(#1356));
#1356 = ORIENTED_EDGE('',*,*,#1357,.T.);
#1357 = EDGE_CURVE('',#1358,#1358,#1360,.T.);
#1358 = VERTEX_POINT('',#1359);
#1359 = CARTESIAN_POINT('',(126.9,-110.6,0.));
#1360 = CIRCLE('',#1361,0.6);
#1361 = AXIS2_PLACEMENT_3D('',#1362,#1363,#1364);
#1362 = CARTESIAN_POINT('',(126.9,-110.,0.));
#1363 = DIRECTION('',(-0.,0.,-1.));
#1364 = DIRECTION('',(-0.,-1.,0.));
#1365 = FACE_BOUND('',#1366,.F.);
#1366 = EDGE_LOOP('',(#1367));
#1367 = ORIENTED_EDGE('',*,*,#1368,.T.);
#1368 = EDGE_CURVE('',#1369,#1369,#1371,.T.);
#1369 = VERTEX_POINT('',#1370);
#1370 = CARTESIAN_POINT('',(113.,-108.475,0.));
#1371 = CIRCLE('',#1372,0.475);
#1372 = AXIS2_PLACEMENT_3D('',#1373,#1374,#1375);
#1373 = CARTESIAN_POINT('',(113.,-108.,0.));
#1374 = DIRECTION('',(-0.,0.,-1.));
#1375 = DIRECTION('',(-0.,-1.,0.));
#1376 = FACE_BOUND('',#1377,.F.);
#1377 = EDGE_LOOP('',(#1378));
#1378 = ORIENTED_EDGE('',*,*,#1379,.T.);
#1379 = EDGE_CURVE('',#1380,#1380,#1382,.T.);
#1380 = VERTEX_POINT('',#1381);
#1381 = CARTESIAN_POINT('',(115.5,-108.475,0.));
#1382 = CIRCLE('',#1383,0.475);
#1383 = AXIS2_PLACEMENT_3D('',#1384,#1385,#1386);
#1384 = CARTESIAN_POINT('',(115.5,-108.,0.));
#1385 = DIRECTION('',(-0.,0.,-1.));
#1386 = DIRECTION('',(-0.,-1.,0.));
#1387 = FACE_BOUND('',#1388,.F.);
#1388 = EDGE_LOOP('',(#1389));
#1389 = ORIENTED_EDGE('',*,*,#1390,.T.);
#1390 = EDGE_CURVE('',#1391,#1391,#1393,.T.);
#1391 = VERTEX_POINT('',#1392);
#1392 = CARTESIAN_POINT('',(118.,-108.475,0.));
#1393 = CIRCLE('',#1394,0.475);
#1394 = AXIS2_PLACEMENT_3D('',#1395,#1396,#1397);
#1395 = CARTESIAN_POINT('',(118.,-108.,0.));
#1396 = DIRECTION('',(-0.,0.,-1.));
#1397 = DIRECTION('',(-0.,-1.,0.));
#1398 = FACE_BOUND('',#1399,.F.);
#1399 = EDGE_LOOP('',(#1400));
#1400 = ORIENTED_EDGE('',*,*,#1401,.T.);
#1401 = EDGE_CURVE('',#1402,#1402,#1404,.T.);
#1402 = VERTEX_POINT('',#1403);
#1403 = CARTESIAN_POINT('',(128.5,-108.475,0.));
#1404 = CIRCLE('',#1405,0.475);
#1405 = AXIS2_PLACEMENT_3D('',#1406,#1407,#1408);
#1406 = CARTESIAN_POINT('',(128.5,-108.,0.));
#1407 = DIRECTION('',(-0.,0.,-1.));
#1408 = DIRECTION('',(-0.,-1.,0.));
#1409 = FACE_BOUND('',#1410,.F.);
#1410 = EDGE_LOOP('',(#1411));
#1411 = ORIENTED_EDGE('',*,*,#1412,.T.);
#1412 = EDGE_CURVE('',#1413,#1413,#1415,.T.);
#1413 = VERTEX_POINT('',#1414);
#1414 = CARTESIAN_POINT('',(144.,-115.1,0.));
#1415 = CIRCLE('',#1416,1.6);
#1416 = AXIS2_PLACEMENT_3D('',#1417,#1418,#1419);
#1417 = CARTESIAN_POINT('',(144.,-113.5,0.));
#1418 = DIRECTION('',(-0.,0.,-1.));
#1419 = DIRECTION('',(-0.,-1.,0.));
#1420 = FACE_BOUND('',#1421,.F.);
#1421 = EDGE_LOOP('',(#1422));
#1422 = ORIENTED_EDGE('',*,*,#1423,.T.);
#1423 = EDGE_CURVE('',#1424,#1424,#1426,.T.);
#1424 = VERTEX_POINT('',#1425);
#1425 = CARTESIAN_POINT('',(131.,-108.475,0.));
#1426 = CIRCLE('',#1427,0.475);
#1427 = AXIS2_PLACEMENT_3D('',#1428,#1429,#1430);
#1428 = CARTESIAN_POINT('',(131.,-108.,0.));
#1429 = DIRECTION('',(-0.,0.,-1.));
#1430 = DIRECTION('',(-0.,-1.,0.));
#1431 = FACE_BOUND('',#1432,.F.);
#1432 = EDGE_LOOP('',(#1433));
#1433 = ORIENTED_EDGE('',*,*,#1434,.T.);
#1434 = EDGE_CURVE('',#1435,#1435,#1437,.T.);
#1435 = VERTEX_POINT('',#1436);
#1436 = CARTESIAN_POINT('',(133.5,-108.475,0.));
#1437 = CIRCLE('',#1438,0.475);
#1438 = AXIS2_PLACEMENT_3D('',#1439,#1440,#1441);
#1439 = CARTESIAN_POINT('',(133.5,-108.,0.));
#1440 = DIRECTION('',(-0.,0.,-1.));
#1441 = DIRECTION('',(-0.,-1.,0.));
#1442 = FACE_BOUND('',#1443,.F.);
#1443 = EDGE_LOOP('',(#1444));
#1444 = ORIENTED_EDGE('',*,*,#1445,.T.);
#1445 = EDGE_CURVE('',#1446,#1446,#1448,.T.);
#1446 = VERTEX_POINT('',#1447);
#1447 = CARTESIAN_POINT('',(136.,-108.475,0.));
#1448 = CIRCLE('',#1449,0.475);
#1449 = AXIS2_PLACEMENT_3D('',#1450,#1451,#1452);
#1450 = CARTESIAN_POINT('',(136.,-108.,0.));
#1451 = DIRECTION('',(-0.,0.,-1.));
#1452 = DIRECTION('',(-0.,-1.,0.));
#1453 = FACE_BOUND('',#1454,.F.);
#1454 = EDGE_LOOP('',(#1455));
#1455 = ORIENTED_EDGE('',*,*,#1456,.T.);
#1456 = EDGE_CURVE('',#1457,#1457,#1459,.T.);
#1457 = VERTEX_POINT('',#1458);
#1458 = CARTESIAN_POINT('',(113.,-94.475,0.));
#1459 = CIRCLE('',#1460,0.475);
#1460 = AXIS2_PLACEMENT_3D('',#1461,#1462,#1463);
#1461 = CARTESIAN_POINT('',(113.,-94.,0.));
#1462 = DIRECTION('',(-0.,0.,-1.));
#1463 = DIRECTION('',(-0.,-1.,0.));
#1464 = FACE_BOUND('',#1465,.F.);
#1465 = EDGE_LOOP('',(#1466));
#1466 = ORIENTED_EDGE('',*,*,#1467,.T.);
#1467 = EDGE_CURVE('',#1468,#1468,#1470,.T.);
#1468 = VERTEX_POINT('',#1469);
#1469 = CARTESIAN_POINT('',(115.5,-94.475,0.));
#1470 = CIRCLE('',#1471,0.475);
#1471 = AXIS2_PLACEMENT_3D('',#1472,#1473,#1474);
#1472 = CARTESIAN_POINT('',(115.5,-94.,0.));
#1473 = DIRECTION('',(-0.,0.,-1.));
#1474 = DIRECTION('',(-0.,-1.,0.));
#1475 = FACE_BOUND('',#1476,.F.);
#1476 = EDGE_LOOP('',(#1477));
#1477 = ORIENTED_EDGE('',*,*,#1478,.T.);
#1478 = EDGE_CURVE('',#1479,#1479,#1481,.T.);
#1479 = VERTEX_POINT('',#1480);
#1480 = CARTESIAN_POINT('',(118.,-94.475,0.));
#1481 = CIRCLE('',#1482,0.475);
#1482 = AXIS2_PLACEMENT_3D('',#1483,#1484,#1485);
#1483 = CARTESIAN_POINT('',(118.,-94.,0.));
#1484 = DIRECTION('',(-0.,0.,-1.));
#1485 = DIRECTION('',(-0.,-1.,0.));
#1486 = FACE_BOUND('',#1487,.F.);
#1487 = EDGE_LOOP('',(#1488));
#1488 = ORIENTED_EDGE('',*,*,#1489,.T.);
#1489 = EDGE_CURVE('',#1490,#1490,#1492,.T.);
#1490 = VERTEX_POINT('',#1491);
#1491 = CARTESIAN_POINT('',(127.,-96.6,0.));
#1492 = CIRCLE('',#1493,0.6);
#1493 = AXIS2_PLACEMENT_3D('',#1494,#1495,#1496);
#1494 = CARTESIAN_POINT('',(127.,-96.,0.));
#1495 = DIRECTION('',(-0.,0.,-1.));
#1496 = DIRECTION('',(-0.,-1.,0.));
#1497 = FACE_BOUND('',#1498,.F.);
#1498 = EDGE_LOOP('',(#1499));
#1499 = ORIENTED_EDGE('',*,*,#1500,.T.);
#1500 = EDGE_CURVE('',#1501,#1501,#1503,.T.);
#1501 = VERTEX_POINT('',#1502);
#1502 = CARTESIAN_POINT('',(128.6,-94.475,0.));
#1503 = CIRCLE('',#1504,0.475);
#1504 = AXIS2_PLACEMENT_3D('',#1505,#1506,#1507);
#1505 = CARTESIAN_POINT('',(128.6,-94.,0.));
#1506 = DIRECTION('',(-0.,0.,-1.));
#1507 = DIRECTION('',(-0.,-1.,0.));
#1508 = FACE_BOUND('',#1509,.F.);
#1509 = EDGE_LOOP('',(#1510));
#1510 = ORIENTED_EDGE('',*,*,#1511,.T.);
#1511 = EDGE_CURVE('',#1512,#1512,#1514,.T.);
#1512 = VERTEX_POINT('',#1513);
#1513 = CARTESIAN_POINT('',(131.1,-94.475,0.));
#1514 = CIRCLE('',#1515,0.475);
#1515 = AXIS2_PLACEMENT_3D('',#1516,#1517,#1518);
#1516 = CARTESIAN_POINT('',(131.1,-94.,0.));
#1517 = DIRECTION('',(-0.,0.,-1.));
#1518 = DIRECTION('',(-0.,-1.,0.));
#1519 = FACE_BOUND('',#1520,.F.);
#1520 = EDGE_LOOP('',(#1521));
#1521 = ORIENTED_EDGE('',*,*,#1522,.T.);
#1522 = EDGE_CURVE('',#1523,#1523,#1525,.T.);
#1523 = VERTEX_POINT('',#1524);
#1524 = CARTESIAN_POINT('',(133.6,-94.475,0.));
#1525 = CIRCLE('',#1526,0.475);
#1526 = AXIS2_PLACEMENT_3D('',#1527,#1528,#1529);
#1527 = CARTESIAN_POINT('',(133.6,-94.,0.));
#1528 = DIRECTION('',(-0.,0.,-1.));
#1529 = DIRECTION('',(-0.,-1.,0.));
#1530 = FACE_BOUND('',#1531,.F.);
#1531 = EDGE_LOOP('',(#1532));
#1532 = ORIENTED_EDGE('',*,*,#1533,.T.);
#1533 = EDGE_CURVE('',#1534,#1534,#1536,.T.);
#1534 = VERTEX_POINT('',#1535);
#1535 = CARTESIAN_POINT('',(136.1,-94.475,0.));
#1536 = CIRCLE('',#1537,0.475);
#1537 = AXIS2_PLACEMENT_3D('',#1538,#1539,#1540);
#1538 = CARTESIAN_POINT('',(136.1,-94.,0.));
#1539 = DIRECTION('',(-0.,0.,-1.));
#1540 = DIRECTION('',(-0.,-1.,0.));
#1541 = FACE_BOUND('',#1542,.F.);
#1542 = EDGE_LOOP('',(#1543));
#1543 = ORIENTED_EDGE('',*,*,#1544,.T.);
#1544 = EDGE_CURVE('',#1545,#1545,#1547,.T.);
#1545 = VERTEX_POINT('',#1546);
#1546 = CARTESIAN_POINT('',(85.26,-91.801,0.));
#1547 = CIRCLE('',#1548,0.381);
#1548 = AXIS2_PLACEMENT_3D('',#1549,#1550,#1551);
#1549 = CARTESIAN_POINT('',(85.26,-91.42,0.));
#1550 = DIRECTION('',(-0.,0.,-1.));
#1551 = DIRECTION('',(-0.,-1.,0.));
#1552 = FACE_BOUND('',#1553,.F.);
#1553 = EDGE_LOOP('',(#1554));
#1554 = ORIENTED_EDGE('',*,*,#1555,.T.);
#1555 = EDGE_CURVE('',#1556,#1556,#1558,.T.);
#1556 = VERTEX_POINT('',#1557);
#1557 = CARTESIAN_POINT('',(85.26,-89.261,0.));
#1558 = CIRCLE('',#1559,0.381);
#1559 = AXIS2_PLACEMENT_3D('',#1560,#1561,#1562);
#1560 = CARTESIAN_POINT('',(85.26,-88.88,0.));
#1561 = DIRECTION('',(-0.,0.,-1.));
#1562 = DIRECTION('',(-0.,-1.,0.));
#1563 = FACE_BOUND('',#1564,.F.);
#1564 = EDGE_LOOP('',(#1565));
#1565 = ORIENTED_EDGE('',*,*,#1566,.T.);
#1566 = EDGE_CURVE('',#1567,#1567,#1569,.T.);
#1567 = VERTEX_POINT('',#1568);
#1568 = CARTESIAN_POINT('',(85.26,-86.721,0.));
#1569 = CIRCLE('',#1570,0.381);
#1570 = AXIS2_PLACEMENT_3D('',#1571,#1572,#1573);
#1571 = CARTESIAN_POINT('',(85.26,-86.34,0.));
#1572 = DIRECTION('',(-0.,0.,-1.));
#1573 = DIRECTION('',(-0.,-1.,0.));
#1574 = FACE_BOUND('',#1575,.F.);
#1575 = EDGE_LOOP('',(#1576));
#1576 = ORIENTED_EDGE('',*,*,#1577,.T.);
#1577 = EDGE_CURVE('',#1578,#1578,#1580,.T.);
#1578 = VERTEX_POINT('',#1579);
#1579 = CARTESIAN_POINT('',(100.5,-91.801,0.));
#1580 = CIRCLE('',#1581,0.381);
#1581 = AXIS2_PLACEMENT_3D('',#1582,#1583,#1584);
#1582 = CARTESIAN_POINT('',(100.5,-91.42,0.));
#1583 = DIRECTION('',(-0.,0.,-1.));
#1584 = DIRECTION('',(-0.,-1.,0.));
#1585 = FACE_BOUND('',#1586,.F.);
#1586 = EDGE_LOOP('',(#1587));
#1587 = ORIENTED_EDGE('',*,*,#1588,.T.);
#1588 = EDGE_CURVE('',#1589,#1589,#1591,.T.);
#1589 = VERTEX_POINT('',#1590);
#1590 = CARTESIAN_POINT('',(100.5,-89.261,0.));
#1591 = CIRCLE('',#1592,0.381);
#1592 = AXIS2_PLACEMENT_3D('',#1593,#1594,#1595);
#1593 = CARTESIAN_POINT('',(100.5,-88.88,0.));
#1594 = DIRECTION('',(-0.,0.,-1.));
#1595 = DIRECTION('',(-0.,-1.,0.));
#1596 = FACE_BOUND('',#1597,.F.);
#1597 = EDGE_LOOP('',(#1598));
#1598 = ORIENTED_EDGE('',*,*,#1599,.T.);
#1599 = EDGE_CURVE('',#1600,#1600,#1602,.T.);
#1600 = VERTEX_POINT('',#1601);
#1601 = CARTESIAN_POINT('',(100.5,-86.721,0.));
#1602 = CIRCLE('',#1603,0.381);
#1603 = AXIS2_PLACEMENT_3D('',#1604,#1605,#1606);
#1604 = CARTESIAN_POINT('',(100.5,-86.34,0.));
#1605 = DIRECTION('',(-0.,0.,-1.));
#1606 = DIRECTION('',(-0.,-1.,0.));
#1607 = FACE_BOUND('',#1608,.F.);
#1608 = EDGE_LOOP('',(#1609));
#1609 = ORIENTED_EDGE('',*,*,#1610,.T.);
#1610 = EDGE_CURVE('',#1611,#1611,#1613,.T.);
#1611 = VERTEX_POINT('',#1612);
#1612 = CARTESIAN_POINT('',(91.,-79.9,0.));
#1613 = CIRCLE('',#1614,0.4);
#1614 = AXIS2_PLACEMENT_3D('',#1615,#1616,#1617);
#1615 = CARTESIAN_POINT('',(91.,-79.5,0.));
#1616 = DIRECTION('',(-0.,0.,-1.));
#1617 = DIRECTION('',(-0.,-1.,0.));
#1618 = FACE_BOUND('',#1619,.F.);
#1619 = EDGE_LOOP('',(#1620));
#1620 = ORIENTED_EDGE('',*,*,#1621,.T.);
#1621 = EDGE_CURVE('',#1622,#1622,#1624,.T.);
#1622 = VERTEX_POINT('',#1623);
#1623 = CARTESIAN_POINT('',(79.,-75.1,0.));
#1624 = CIRCLE('',#1625,1.6);
#1625 = AXIS2_PLACEMENT_3D('',#1626,#1627,#1628);
#1626 = CARTESIAN_POINT('',(79.,-73.5,0.));
#1627 = DIRECTION('',(-0.,0.,-1.));
#1628 = DIRECTION('',(-0.,-1.,0.));
#1629 = FACE_BOUND('',#1630,.F.);
#1630 = EDGE_LOOP('',(#1631));
#1631 = ORIENTED_EDGE('',*,*,#1632,.T.);
#1632 = EDGE_CURVE('',#1633,#1633,#1635,.T.);
#1633 = VERTEX_POINT('',#1634);
#1634 = CARTESIAN_POINT('',(91.,-77.4,0.));
#1635 = CIRCLE('',#1636,0.4);
#1636 = AXIS2_PLACEMENT_3D('',#1637,#1638,#1639);
#1637 = CARTESIAN_POINT('',(91.,-77.,0.));
#1638 = DIRECTION('',(-0.,0.,-1.));
#1639 = DIRECTION('',(-0.,-1.,0.));
#1640 = FACE_BOUND('',#1641,.F.);
#1641 = EDGE_LOOP('',(#1642));
#1642 = ORIENTED_EDGE('',*,*,#1643,.T.);
#1643 = EDGE_CURVE('',#1644,#1644,#1646,.T.);
#1644 = VERTEX_POINT('',#1645);
#1645 = CARTESIAN_POINT('',(99.,-79.9,0.));
#1646 = CIRCLE('',#1647,0.4);
#1647 = AXIS2_PLACEMENT_3D('',#1648,#1649,#1650);
#1648 = CARTESIAN_POINT('',(99.,-79.5,0.));
#1649 = DIRECTION('',(-0.,0.,-1.));
#1650 = DIRECTION('',(-0.,-1.,0.));
#1651 = FACE_BOUND('',#1652,.F.);
#1652 = EDGE_LOOP('',(#1653));
#1653 = ORIENTED_EDGE('',*,*,#1654,.T.);
#1654 = EDGE_CURVE('',#1655,#1655,#1657,.T.);
#1655 = VERTEX_POINT('',#1656);
#1656 = CARTESIAN_POINT('',(99.,-77.4,0.));
#1657 = CIRCLE('',#1658,0.4);
#1658 = AXIS2_PLACEMENT_3D('',#1659,#1660,#1661);
#1659 = CARTESIAN_POINT('',(99.,-77.,0.));
#1660 = DIRECTION('',(-0.,0.,-1.));
#1661 = DIRECTION('',(-0.,-1.,0.));
#1662 = FACE_BOUND('',#1663,.F.);
#1663 = EDGE_LOOP('',(#1664));
#1664 = ORIENTED_EDGE('',*,*,#1665,.T.);
#1665 = EDGE_CURVE('',#1666,#1666,#1668,.T.);
#1666 = VERTEX_POINT('',#1667);
#1667 = CARTESIAN_POINT('',(106.46,-77.2,0.));
#1668 = CIRCLE('',#1669,0.475);
#1669 = AXIS2_PLACEMENT_3D('',#1670,#1671,#1672);
#1670 = CARTESIAN_POINT('',(106.46,-76.725,0.));
#1671 = DIRECTION('',(-0.,0.,-1.));
#1672 = DIRECTION('',(-2.991758887411E-14,-1.,0.));
#1673 = FACE_BOUND('',#1674,.F.);
#1674 = EDGE_LOOP('',(#1675));
#1675 = ORIENTED_EDGE('',*,*,#1676,.T.);
#1676 = EDGE_CURVE('',#1677,#1677,#1679,.T.);
#1677 = VERTEX_POINT('',#1678);
#1678 = CARTESIAN_POINT('',(109.,-77.2,0.));
#1679 = CIRCLE('',#1680,0.475);
#1680 = AXIS2_PLACEMENT_3D('',#1681,#1682,#1683);
#1681 = CARTESIAN_POINT('',(109.,-76.725,0.));
#1682 = DIRECTION('',(-0.,0.,-1.));
#1683 = DIRECTION('',(-0.,-1.,0.));
#1684 = FACE_BOUND('',#1685,.F.);
#1685 = EDGE_LOOP('',(#1686,#1697,#1705,#1714));
#1686 = ORIENTED_EDGE('',*,*,#1687,.T.);
#1687 = EDGE_CURVE('',#1688,#1690,#1692,.T.);
#1688 = VERTEX_POINT('',#1689);
#1689 = CARTESIAN_POINT('',(128.45,-85.9,0.));
#1690 = VERTEX_POINT('',#1691);
#1691 = CARTESIAN_POINT('',(127.45,-85.9,0.));
#1692 = CIRCLE('',#1693,0.5);
#1693 = AXIS2_PLACEMENT_3D('',#1694,#1695,#1696);
#1694 = CARTESIAN_POINT('',(127.95,-85.9,0.));
#1695 = DIRECTION('',(-0.,0.,-1.));
#1696 = DIRECTION('',(-1.,2.84217094304E-14,0.));
#1697 = ORIENTED_EDGE('',*,*,#1698,.T.);
#1698 = EDGE_CURVE('',#1690,#1699,#1701,.T.);
#1699 = VERTEX_POINT('',#1700);
#1700 = CARTESIAN_POINT('',(127.45,-83.9,0.));
#1701 = LINE('',#1702,#1703);
#1702 = CARTESIAN_POINT('',(127.45,-41.95,0.));
#1703 = VECTOR('',#1704,1.);
#1704 = DIRECTION('',(-0.,1.,0.));
#1705 = ORIENTED_EDGE('',*,*,#1706,.T.);
#1706 = EDGE_CURVE('',#1699,#1707,#1709,.T.);
#1707 = VERTEX_POINT('',#1708);
#1708 = CARTESIAN_POINT('',(128.45,-83.9,0.));
#1709 = CIRCLE('',#1710,0.5);
#1710 = AXIS2_PLACEMENT_3D('',#1711,#1712,#1713);
#1711 = CARTESIAN_POINT('',(127.95,-83.9,0.));
#1712 = DIRECTION('',(0.,-0.,-1.));
#1713 = DIRECTION('',(1.,-2.84217094304E-14,0.));
#1714 = ORIENTED_EDGE('',*,*,#1715,.T.);
#1715 = EDGE_CURVE('',#1707,#1688,#1716,.T.);
#1716 = LINE('',#1717,#1718);
#1717 = CARTESIAN_POINT('',(128.45,-42.95,0.));
#1718 = VECTOR('',#1719,1.);
#1719 = DIRECTION('',(0.,-1.,0.));
#1720 = FACE_BOUND('',#1721,.F.);
#1721 = EDGE_LOOP('',(#1722,#1733,#1741,#1750));
#1722 = ORIENTED_EDGE('',*,*,#1723,.T.);
#1723 = EDGE_CURVE('',#1724,#1726,#1728,.T.);
#1724 = VERTEX_POINT('',#1725);
#1725 = CARTESIAN_POINT('',(134.55,-85.9,0.));
#1726 = VERTEX_POINT('',#1727);
#1727 = CARTESIAN_POINT('',(133.55,-85.9,0.));
#1728 = CIRCLE('',#1729,0.5);
#1729 = AXIS2_PLACEMENT_3D('',#1730,#1731,#1732);
#1730 = CARTESIAN_POINT('',(134.05,-85.9,0.));
#1731 = DIRECTION('',(-0.,0.,-1.));
#1732 = DIRECTION('',(-1.,0.,0.));
#1733 = ORIENTED_EDGE('',*,*,#1734,.T.);
#1734 = EDGE_CURVE('',#1726,#1735,#1737,.T.);
#1735 = VERTEX_POINT('',#1736);
#1736 = CARTESIAN_POINT('',(133.55,-83.9,0.));
#1737 = LINE('',#1738,#1739);
#1738 = CARTESIAN_POINT('',(133.55,-41.95,0.));
#1739 = VECTOR('',#1740,1.);
#1740 = DIRECTION('',(-0.,1.,0.));
#1741 = ORIENTED_EDGE('',*,*,#1742,.T.);
#1742 = EDGE_CURVE('',#1735,#1743,#1745,.T.);
#1743 = VERTEX_POINT('',#1744);
#1744 = CARTESIAN_POINT('',(134.55,-83.9,0.));
#1745 = CIRCLE('',#1746,0.5);
#1746 = AXIS2_PLACEMENT_3D('',#1747,#1748,#1749);
#1747 = CARTESIAN_POINT('',(134.05,-83.9,0.));
#1748 = DIRECTION('',(0.,-0.,-1.));
#1749 = DIRECTION('',(1.,0.,-0.));
#1750 = ORIENTED_EDGE('',*,*,#1751,.T.);
#1751 = EDGE_CURVE('',#1743,#1724,#1752,.T.);
#1752 = LINE('',#1753,#1754);
#1753 = CARTESIAN_POINT('',(134.55,-42.95,0.));
#1754 = VECTOR('',#1755,1.);
#1755 = DIRECTION('',(0.,-1.,0.));
#1756 = FACE_BOUND('',#1757,.F.);
#1757 = EDGE_LOOP('',(#1758));
#1758 = ORIENTED_EDGE('',*,*,#1759,.T.);
#1759 = EDGE_CURVE('',#1760,#1760,#1762,.T.);
#1760 = VERTEX_POINT('',#1761);
#1761 = CARTESIAN_POINT('',(120.,-79.9,0.));
#1762 = CIRCLE('',#1763,0.4);
#1763 = AXIS2_PLACEMENT_3D('',#1764,#1765,#1766);
#1764 = CARTESIAN_POINT('',(120.,-79.5,0.));
#1765 = DIRECTION('',(-0.,0.,-1.));
#1766 = DIRECTION('',(-0.,-1.,0.));
#1767 = FACE_BOUND('',#1768,.F.);
#1768 = EDGE_LOOP('',(#1769));
#1769 = ORIENTED_EDGE('',*,*,#1770,.T.);
#1770 = EDGE_CURVE('',#1771,#1771,#1773,.T.);
#1771 = VERTEX_POINT('',#1772);
#1772 = CARTESIAN_POINT('',(111.54,-77.2,0.));
#1773 = CIRCLE('',#1774,0.475);
#1774 = AXIS2_PLACEMENT_3D('',#1775,#1776,#1777);
#1775 = CARTESIAN_POINT('',(111.54,-76.725,0.));
#1776 = DIRECTION('',(-0.,0.,-1.));
#1777 = DIRECTION('',(2.991758887411E-14,-1.,-0.));
#1778 = FACE_BOUND('',#1779,.F.);
#1779 = EDGE_LOOP('',(#1780));
#1780 = ORIENTED_EDGE('',*,*,#1781,.T.);
#1781 = EDGE_CURVE('',#1782,#1782,#1784,.T.);
#1782 = VERTEX_POINT('',#1783);
#1783 = CARTESIAN_POINT('',(120.,-77.4,0.));
#1784 = CIRCLE('',#1785,0.4);
#1785 = AXIS2_PLACEMENT_3D('',#1786,#1787,#1788);
#1786 = CARTESIAN_POINT('',(120.,-77.,0.));
#1787 = DIRECTION('',(-0.,0.,-1.));
#1788 = DIRECTION('',(-0.,-1.,0.));
#1789 = FACE_BOUND('',#1790,.F.);
#1790 = EDGE_LOOP('',(#1791,#1802,#1810,#1819));
#1791 = ORIENTED_EDGE('',*,*,#1792,.T.);
#1792 = EDGE_CURVE('',#1793,#1795,#1797,.T.);
#1793 = VERTEX_POINT('',#1794);
#1794 = CARTESIAN_POINT('',(132.,-79.5,0.));
#1795 = VERTEX_POINT('',#1796);
#1796 = CARTESIAN_POINT('',(132.,-80.5,0.));
#1797 = CIRCLE('',#1798,0.5);
#1798 = AXIS2_PLACEMENT_3D('',#1799,#1800,#1801);
#1799 = CARTESIAN_POINT('',(132.,-80.,0.));
#1800 = DIRECTION('',(-0.,0.,-1.));
#1801 = DIRECTION('',(-0.,-1.,0.));
#1802 = ORIENTED_EDGE('',*,*,#1803,.T.);
#1803 = EDGE_CURVE('',#1795,#1804,#1806,.T.);
#1804 = VERTEX_POINT('',#1805);
#1805 = CARTESIAN_POINT('',(130.,-80.5,0.));
#1806 = LINE('',#1807,#1808);
#1807 = CARTESIAN_POINT('',(65.,-80.5,0.));
#1808 = VECTOR('',#1809,1.);
#1809 = DIRECTION('',(-1.,0.,0.));
#1810 = ORIENTED_EDGE('',*,*,#1811,.T.);
#1811 = EDGE_CURVE('',#1804,#1812,#1814,.T.);
#1812 = VERTEX_POINT('',#1813);
#1813 = CARTESIAN_POINT('',(130.,-79.5,0.));
#1814 = CIRCLE('',#1815,0.5);
#1815 = AXIS2_PLACEMENT_3D('',#1816,#1817,#1818);
#1816 = CARTESIAN_POINT('',(130.,-80.,0.));
#1817 = DIRECTION('',(-0.,0.,-1.));
#1818 = DIRECTION('',(0.,1.,0.));
#1819 = ORIENTED_EDGE('',*,*,#1820,.T.);
#1820 = EDGE_CURVE('',#1812,#1793,#1821,.T.);
#1821 = LINE('',#1822,#1823);
#1822 = CARTESIAN_POINT('',(66.,-79.5,0.));
#1823 = VECTOR('',#1824,1.);
#1824 = DIRECTION('',(1.,0.,-0.));
#1825 = FACE_BOUND('',#1826,.F.);
#1826 = EDGE_LOOP('',(#1827));
#1827 = ORIENTED_EDGE('',*,*,#1828,.T.);
#1828 = EDGE_CURVE('',#1829,#1829,#1831,.T.);
#1829 = VERTEX_POINT('',#1830);
#1830 = CARTESIAN_POINT('',(144.,-75.1,0.));
#1831 = CIRCLE('',#1832,1.6);
#1832 = AXIS2_PLACEMENT_3D('',#1833,#1834,#1835);
#1833 = CARTESIAN_POINT('',(144.,-73.5,0.));
#1834 = DIRECTION('',(-0.,0.,-1.));
#1835 = DIRECTION('',(-0.,-1.,0.));
#1836 = PLANE('',#1837);
#1837 = AXIS2_PLACEMENT_3D('',#1838,#1839,#1840);
#1838 = CARTESIAN_POINT('',(0.,0.,0.));
#1839 = DIRECTION('',(0.,0.,1.));
#1840 = DIRECTION('',(1.,0.,-0.));
#1841 = ADVANCED_FACE('',(#1842,#1853,#1864,#1875,#1886,#1897,#1908,
    #1919,#1930,#1941,#1952,#1963,#1974,#1985,#1996,#2007,#2018,#2029,
    #2040,#2051,#2062,#2073,#2084,#2095,#2106,#2117,#2128,#2139,#2150,
    #2161,#2172,#2183,#2194,#2205,#2216,#2227,#2238,#2249,#2260,#2271,
    #2282,#2293,#2304,#2315,#2326,#2337,#2373,#2409,#2420,#2431,#2442,
    #2478),#2489,.T.);
#1842 = FACE_BOUND('',#1843,.T.);
#1843 = EDGE_LOOP('',(#1844,#1845,#1846,#1852));
#1844 = ORIENTED_EDGE('',*,*,#1100,.F.);
#1845 = ORIENTED_EDGE('',*,*,#1140,.F.);
#1846 = ORIENTED_EDGE('',*,*,#1847,.F.);
#1847 = EDGE_CURVE('',#1163,#1133,#1848,.T.);
#1848 = LINE('',#1849,#1850);
#1849 = CARTESIAN_POINT('',(75.5,-70.,1.599978));
#1850 = VECTOR('',#1851,1.);
#1851 = DIRECTION('',(1.,0.,0.));
#1852 = ORIENTED_EDGE('',*,*,#1162,.F.);
#1853 = FACE_BOUND('',#1854,.T.);
#1854 = EDGE_LOOP('',(#1855));
#1855 = ORIENTED_EDGE('',*,*,#1856,.T.);
#1856 = EDGE_CURVE('',#1857,#1857,#1859,.T.);
#1857 = VERTEX_POINT('',#1858);
#1858 = CARTESIAN_POINT('',(79.,-115.1,1.599978));
#1859 = CIRCLE('',#1860,1.6);
#1860 = AXIS2_PLACEMENT_3D('',#1861,#1862,#1863);
#1861 = CARTESIAN_POINT('',(79.,-113.5,1.599978));
#1862 = DIRECTION('',(-0.,0.,-1.));
#1863 = DIRECTION('',(-0.,-1.,0.));
#1864 = FACE_BOUND('',#1865,.T.);
#1865 = EDGE_LOOP('',(#1866));
#1866 = ORIENTED_EDGE('',*,*,#1867,.T.);
#1867 = EDGE_CURVE('',#1868,#1868,#1870,.T.);
#1868 = VERTEX_POINT('',#1869);
#1869 = CARTESIAN_POINT('',(108.9,-110.6,1.599978));
#1870 = CIRCLE('',#1871,0.6);
#1871 = AXIS2_PLACEMENT_3D('',#1872,#1873,#1874);
#1872 = CARTESIAN_POINT('',(108.9,-110.,1.599978));
#1873 = DIRECTION('',(-0.,0.,-1.));
#1874 = DIRECTION('',(-0.,-1.,0.));
#1875 = FACE_BOUND('',#1876,.T.);
#1876 = EDGE_LOOP('',(#1877));
#1877 = ORIENTED_EDGE('',*,*,#1878,.T.);
#1878 = EDGE_CURVE('',#1879,#1879,#1881,.T.);
#1879 = VERTEX_POINT('',#1880);
#1880 = CARTESIAN_POINT('',(100.5,-107.041,1.599978));
#1881 = CIRCLE('',#1882,0.381);
#1882 = AXIS2_PLACEMENT_3D('',#1883,#1884,#1885);
#1883 = CARTESIAN_POINT('',(100.5,-106.66,1.599978));
#1884 = DIRECTION('',(-0.,0.,-1.));
#1885 = DIRECTION('',(-0.,-1.,0.));
#1886 = FACE_BOUND('',#1887,.T.);
#1887 = EDGE_LOOP('',(#1888));
#1888 = ORIENTED_EDGE('',*,*,#1889,.T.);
#1889 = EDGE_CURVE('',#1890,#1890,#1892,.T.);
#1890 = VERTEX_POINT('',#1891);
#1891 = CARTESIAN_POINT('',(110.5,-108.475,1.599978));
#1892 = CIRCLE('',#1893,0.475);
#1893 = AXIS2_PLACEMENT_3D('',#1894,#1895,#1896);
#1894 = CARTESIAN_POINT('',(110.5,-108.,1.599978));
#1895 = DIRECTION('',(-0.,0.,-1.));
#1896 = DIRECTION('',(-0.,-1.,0.));
#1897 = FACE_BOUND('',#1898,.T.);
#1898 = EDGE_LOOP('',(#1899));
#1899 = ORIENTED_EDGE('',*,*,#1900,.T.);
#1900 = EDGE_CURVE('',#1901,#1901,#1903,.T.);
#1901 = VERTEX_POINT('',#1902);
#1902 = CARTESIAN_POINT('',(85.26,-99.421,1.599978));
#1903 = CIRCLE('',#1904,0.381);
#1904 = AXIS2_PLACEMENT_3D('',#1905,#1906,#1907);
#1905 = CARTESIAN_POINT('',(85.26,-99.04,1.599978));
#1906 = DIRECTION('',(-0.,0.,-1.));
#1907 = DIRECTION('',(-0.,-1.,0.));
#1908 = FACE_BOUND('',#1909,.T.);
#1909 = EDGE_LOOP('',(#1910));
#1910 = ORIENTED_EDGE('',*,*,#1911,.T.);
#1911 = EDGE_CURVE('',#1912,#1912,#1914,.T.);
#1912 = VERTEX_POINT('',#1913);
#1913 = CARTESIAN_POINT('',(85.26,-96.881,1.599978));
#1914 = CIRCLE('',#1915,0.381);
#1915 = AXIS2_PLACEMENT_3D('',#1916,#1917,#1918);
#1916 = CARTESIAN_POINT('',(85.26,-96.5,1.599978));
#1917 = DIRECTION('',(-0.,0.,-1.));
#1918 = DIRECTION('',(-0.,-1.,0.));
#1919 = FACE_BOUND('',#1920,.T.);
#1920 = EDGE_LOOP('',(#1921));
#1921 = ORIENTED_EDGE('',*,*,#1922,.T.);
#1922 = EDGE_CURVE('',#1923,#1923,#1925,.T.);
#1923 = VERTEX_POINT('',#1924);
#1924 = CARTESIAN_POINT('',(85.26,-94.341,1.599978));
#1925 = CIRCLE('',#1926,0.381);
#1926 = AXIS2_PLACEMENT_3D('',#1927,#1928,#1929);
#1927 = CARTESIAN_POINT('',(85.26,-93.96,1.599978));
#1928 = DIRECTION('',(-0.,0.,-1.));
#1929 = DIRECTION('',(-0.,-1.,0.));
#1930 = FACE_BOUND('',#1931,.T.);
#1931 = EDGE_LOOP('',(#1932));
#1932 = ORIENTED_EDGE('',*,*,#1933,.T.);
#1933 = EDGE_CURVE('',#1934,#1934,#1936,.T.);
#1934 = VERTEX_POINT('',#1935);
#1935 = CARTESIAN_POINT('',(100.5,-104.501,1.599978));
#1936 = CIRCLE('',#1937,0.381);
#1937 = AXIS2_PLACEMENT_3D('',#1938,#1939,#1940);
#1938 = CARTESIAN_POINT('',(100.5,-104.12,1.599978));
#1939 = DIRECTION('',(-0.,0.,-1.));
#1940 = DIRECTION('',(-0.,-1.,0.));
#1941 = FACE_BOUND('',#1942,.T.);
#1942 = EDGE_LOOP('',(#1943));
#1943 = ORIENTED_EDGE('',*,*,#1944,.T.);
#1944 = EDGE_CURVE('',#1945,#1945,#1947,.T.);
#1945 = VERTEX_POINT('',#1946);
#1946 = CARTESIAN_POINT('',(100.5,-101.961,1.599978));
#1947 = CIRCLE('',#1948,0.381);
#1948 = AXIS2_PLACEMENT_3D('',#1949,#1950,#1951);
#1949 = CARTESIAN_POINT('',(100.5,-101.58,1.599978));
#1950 = DIRECTION('',(-0.,0.,-1.));
#1951 = DIRECTION('',(-0.,-1.,0.));
#1952 = FACE_BOUND('',#1953,.T.);
#1953 = EDGE_LOOP('',(#1954));
#1954 = ORIENTED_EDGE('',*,*,#1955,.T.);
#1955 = EDGE_CURVE('',#1956,#1956,#1958,.T.);
#1956 = VERTEX_POINT('',#1957);
#1957 = CARTESIAN_POINT('',(100.5,-99.421,1.599978));
#1958 = CIRCLE('',#1959,0.381);
#1959 = AXIS2_PLACEMENT_3D('',#1960,#1961,#1962);
#1960 = CARTESIAN_POINT('',(100.5,-99.04,1.599978));
#1961 = DIRECTION('',(-0.,0.,-1.));
#1962 = DIRECTION('',(-0.,-1.,0.));
#1963 = FACE_BOUND('',#1964,.T.);
#1964 = EDGE_LOOP('',(#1965));
#1965 = ORIENTED_EDGE('',*,*,#1966,.T.);
#1966 = EDGE_CURVE('',#1967,#1967,#1969,.T.);
#1967 = VERTEX_POINT('',#1968);
#1968 = CARTESIAN_POINT('',(100.5,-96.881,1.599978));
#1969 = CIRCLE('',#1970,0.381);
#1970 = AXIS2_PLACEMENT_3D('',#1971,#1972,#1973);
#1971 = CARTESIAN_POINT('',(100.5,-96.5,1.599978));
#1972 = DIRECTION('',(-0.,0.,-1.));
#1973 = DIRECTION('',(-0.,-1.,0.));
#1974 = FACE_BOUND('',#1975,.T.);
#1975 = EDGE_LOOP('',(#1976));
#1976 = ORIENTED_EDGE('',*,*,#1977,.T.);
#1977 = EDGE_CURVE('',#1978,#1978,#1980,.T.);
#1978 = VERTEX_POINT('',#1979);
#1979 = CARTESIAN_POINT('',(100.5,-94.341,1.599978));
#1980 = CIRCLE('',#1981,0.381);
#1981 = AXIS2_PLACEMENT_3D('',#1982,#1983,#1984);
#1982 = CARTESIAN_POINT('',(100.5,-93.96,1.599978));
#1983 = DIRECTION('',(-0.,0.,-1.));
#1984 = DIRECTION('',(-0.,-1.,0.));
#1985 = FACE_BOUND('',#1986,.T.);
#1986 = EDGE_LOOP('',(#1987));
#1987 = ORIENTED_EDGE('',*,*,#1988,.T.);
#1988 = EDGE_CURVE('',#1989,#1989,#1991,.T.);
#1989 = VERTEX_POINT('',#1990);
#1990 = CARTESIAN_POINT('',(108.9,-96.6,1.599978));
#1991 = CIRCLE('',#1992,0.6);
#1992 = AXIS2_PLACEMENT_3D('',#1993,#1994,#1995);
#1993 = CARTESIAN_POINT('',(108.9,-96.,1.599978));
#1994 = DIRECTION('',(-0.,0.,-1.));
#1995 = DIRECTION('',(-0.,-1.,0.));
#1996 = FACE_BOUND('',#1997,.T.);
#1997 = EDGE_LOOP('',(#1998));
#1998 = ORIENTED_EDGE('',*,*,#1999,.T.);
#1999 = EDGE_CURVE('',#2000,#2000,#2002,.T.);
#2000 = VERTEX_POINT('',#2001);
#2001 = CARTESIAN_POINT('',(110.5,-94.475,1.599978));
#2002 = CIRCLE('',#2003,0.475);
#2003 = AXIS2_PLACEMENT_3D('',#2004,#2005,#2006);
#2004 = CARTESIAN_POINT('',(110.5,-94.,1.599978));
#2005 = DIRECTION('',(-0.,0.,-1.));
#2006 = DIRECTION('',(-0.,-1.,0.));
#2007 = FACE_BOUND('',#2008,.T.);
#2008 = EDGE_LOOP('',(#2009));
#2009 = ORIENTED_EDGE('',*,*,#2010,.T.);
#2010 = EDGE_CURVE('',#2011,#2011,#2013,.T.);
#2011 = VERTEX_POINT('',#2012);
#2012 = CARTESIAN_POINT('',(126.9,-110.6,1.599978));
#2013 = CIRCLE('',#2014,0.6);
#2014 = AXIS2_PLACEMENT_3D('',#2015,#2016,#2017);
#2015 = CARTESIAN_POINT('',(126.9,-110.,1.599978));
#2016 = DIRECTION('',(-0.,0.,-1.));
#2017 = DIRECTION('',(-0.,-1.,0.));
#2018 = FACE_BOUND('',#2019,.T.);
#2019 = EDGE_LOOP('',(#2020));
#2020 = ORIENTED_EDGE('',*,*,#2021,.T.);
#2021 = EDGE_CURVE('',#2022,#2022,#2024,.T.);
#2022 = VERTEX_POINT('',#2023);
#2023 = CARTESIAN_POINT('',(113.,-108.475,1.599978));
#2024 = CIRCLE('',#2025,0.475);
#2025 = AXIS2_PLACEMENT_3D('',#2026,#2027,#2028);
#2026 = CARTESIAN_POINT('',(113.,-108.,1.599978));
#2027 = DIRECTION('',(-0.,0.,-1.));
#2028 = DIRECTION('',(-0.,-1.,0.));
#2029 = FACE_BOUND('',#2030,.T.);
#2030 = EDGE_LOOP('',(#2031));
#2031 = ORIENTED_EDGE('',*,*,#2032,.T.);
#2032 = EDGE_CURVE('',#2033,#2033,#2035,.T.);
#2033 = VERTEX_POINT('',#2034);
#2034 = CARTESIAN_POINT('',(115.5,-108.475,1.599978));
#2035 = CIRCLE('',#2036,0.475);
#2036 = AXIS2_PLACEMENT_3D('',#2037,#2038,#2039);
#2037 = CARTESIAN_POINT('',(115.5,-108.,1.599978));
#2038 = DIRECTION('',(-0.,0.,-1.));
#2039 = DIRECTION('',(-0.,-1.,0.));
#2040 = FACE_BOUND('',#2041,.T.);
#2041 = EDGE_LOOP('',(#2042));
#2042 = ORIENTED_EDGE('',*,*,#2043,.T.);
#2043 = EDGE_CURVE('',#2044,#2044,#2046,.T.);
#2044 = VERTEX_POINT('',#2045);
#2045 = CARTESIAN_POINT('',(118.,-108.475,1.599978));
#2046 = CIRCLE('',#2047,0.475);
#2047 = AXIS2_PLACEMENT_3D('',#2048,#2049,#2050);
#2048 = CARTESIAN_POINT('',(118.,-108.,1.599978));
#2049 = DIRECTION('',(-0.,0.,-1.));
#2050 = DIRECTION('',(-0.,-1.,0.));
#2051 = FACE_BOUND('',#2052,.T.);
#2052 = EDGE_LOOP('',(#2053));
#2053 = ORIENTED_EDGE('',*,*,#2054,.T.);
#2054 = EDGE_CURVE('',#2055,#2055,#2057,.T.);
#2055 = VERTEX_POINT('',#2056);
#2056 = CARTESIAN_POINT('',(128.5,-108.475,1.599978));
#2057 = CIRCLE('',#2058,0.475);
#2058 = AXIS2_PLACEMENT_3D('',#2059,#2060,#2061);
#2059 = CARTESIAN_POINT('',(128.5,-108.,1.599978));
#2060 = DIRECTION('',(-0.,0.,-1.));
#2061 = DIRECTION('',(-0.,-1.,0.));
#2062 = FACE_BOUND('',#2063,.T.);
#2063 = EDGE_LOOP('',(#2064));
#2064 = ORIENTED_EDGE('',*,*,#2065,.T.);
#2065 = EDGE_CURVE('',#2066,#2066,#2068,.T.);
#2066 = VERTEX_POINT('',#2067);
#2067 = CARTESIAN_POINT('',(144.,-115.1,1.599978));
#2068 = CIRCLE('',#2069,1.6);
#2069 = AXIS2_PLACEMENT_3D('',#2070,#2071,#2072);
#2070 = CARTESIAN_POINT('',(144.,-113.5,1.599978));
#2071 = DIRECTION('',(-0.,0.,-1.));
#2072 = DIRECTION('',(-0.,-1.,0.));
#2073 = FACE_BOUND('',#2074,.T.);
#2074 = EDGE_LOOP('',(#2075));
#2075 = ORIENTED_EDGE('',*,*,#2076,.T.);
#2076 = EDGE_CURVE('',#2077,#2077,#2079,.T.);
#2077 = VERTEX_POINT('',#2078);
#2078 = CARTESIAN_POINT('',(131.,-108.475,1.599978));
#2079 = CIRCLE('',#2080,0.475);
#2080 = AXIS2_PLACEMENT_3D('',#2081,#2082,#2083);
#2081 = CARTESIAN_POINT('',(131.,-108.,1.599978));
#2082 = DIRECTION('',(-0.,0.,-1.));
#2083 = DIRECTION('',(-0.,-1.,0.));
#2084 = FACE_BOUND('',#2085,.T.);
#2085 = EDGE_LOOP('',(#2086));
#2086 = ORIENTED_EDGE('',*,*,#2087,.T.);
#2087 = EDGE_CURVE('',#2088,#2088,#2090,.T.);
#2088 = VERTEX_POINT('',#2089);
#2089 = CARTESIAN_POINT('',(133.5,-108.475,1.599978));
#2090 = CIRCLE('',#2091,0.475);
#2091 = AXIS2_PLACEMENT_3D('',#2092,#2093,#2094);
#2092 = CARTESIAN_POINT('',(133.5,-108.,1.599978));
#2093 = DIRECTION('',(-0.,0.,-1.));
#2094 = DIRECTION('',(-0.,-1.,0.));
#2095 = FACE_BOUND('',#2096,.T.);
#2096 = EDGE_LOOP('',(#2097));
#2097 = ORIENTED_EDGE('',*,*,#2098,.T.);
#2098 = EDGE_CURVE('',#2099,#2099,#2101,.T.);
#2099 = VERTEX_POINT('',#2100);
#2100 = CARTESIAN_POINT('',(136.,-108.475,1.599978));
#2101 = CIRCLE('',#2102,0.475);
#2102 = AXIS2_PLACEMENT_3D('',#2103,#2104,#2105);
#2103 = CARTESIAN_POINT('',(136.,-108.,1.599978));
#2104 = DIRECTION('',(-0.,0.,-1.));
#2105 = DIRECTION('',(-0.,-1.,0.));
#2106 = FACE_BOUND('',#2107,.T.);
#2107 = EDGE_LOOP('',(#2108));
#2108 = ORIENTED_EDGE('',*,*,#2109,.T.);
#2109 = EDGE_CURVE('',#2110,#2110,#2112,.T.);
#2110 = VERTEX_POINT('',#2111);
#2111 = CARTESIAN_POINT('',(113.,-94.475,1.599978));
#2112 = CIRCLE('',#2113,0.475);
#2113 = AXIS2_PLACEMENT_3D('',#2114,#2115,#2116);
#2114 = CARTESIAN_POINT('',(113.,-94.,1.599978));
#2115 = DIRECTION('',(-0.,0.,-1.));
#2116 = DIRECTION('',(-0.,-1.,0.));
#2117 = FACE_BOUND('',#2118,.T.);
#2118 = EDGE_LOOP('',(#2119));
#2119 = ORIENTED_EDGE('',*,*,#2120,.T.);
#2120 = EDGE_CURVE('',#2121,#2121,#2123,.T.);
#2121 = VERTEX_POINT('',#2122);
#2122 = CARTESIAN_POINT('',(115.5,-94.475,1.599978));
#2123 = CIRCLE('',#2124,0.475);
#2124 = AXIS2_PLACEMENT_3D('',#2125,#2126,#2127);
#2125 = CARTESIAN_POINT('',(115.5,-94.,1.599978));
#2126 = DIRECTION('',(-0.,0.,-1.));
#2127 = DIRECTION('',(-0.,-1.,0.));
#2128 = FACE_BOUND('',#2129,.T.);
#2129 = EDGE_LOOP('',(#2130));
#2130 = ORIENTED_EDGE('',*,*,#2131,.T.);
#2131 = EDGE_CURVE('',#2132,#2132,#2134,.T.);
#2132 = VERTEX_POINT('',#2133);
#2133 = CARTESIAN_POINT('',(118.,-94.475,1.599978));
#2134 = CIRCLE('',#2135,0.475);
#2135 = AXIS2_PLACEMENT_3D('',#2136,#2137,#2138);
#2136 = CARTESIAN_POINT('',(118.,-94.,1.599978));
#2137 = DIRECTION('',(-0.,0.,-1.));
#2138 = DIRECTION('',(-0.,-1.,0.));
#2139 = FACE_BOUND('',#2140,.T.);
#2140 = EDGE_LOOP('',(#2141));
#2141 = ORIENTED_EDGE('',*,*,#2142,.T.);
#2142 = EDGE_CURVE('',#2143,#2143,#2145,.T.);
#2143 = VERTEX_POINT('',#2144);
#2144 = CARTESIAN_POINT('',(127.,-96.6,1.599978));
#2145 = CIRCLE('',#2146,0.6);
#2146 = AXIS2_PLACEMENT_3D('',#2147,#2148,#2149);
#2147 = CARTESIAN_POINT('',(127.,-96.,1.599978));
#2148 = DIRECTION('',(-0.,0.,-1.));
#2149 = DIRECTION('',(-0.,-1.,0.));
#2150 = FACE_BOUND('',#2151,.T.);
#2151 = EDGE_LOOP('',(#2152));
#2152 = ORIENTED_EDGE('',*,*,#2153,.T.);
#2153 = EDGE_CURVE('',#2154,#2154,#2156,.T.);
#2154 = VERTEX_POINT('',#2155);
#2155 = CARTESIAN_POINT('',(128.6,-94.475,1.599978));
#2156 = CIRCLE('',#2157,0.475);
#2157 = AXIS2_PLACEMENT_3D('',#2158,#2159,#2160);
#2158 = CARTESIAN_POINT('',(128.6,-94.,1.599978));
#2159 = DIRECTION('',(-0.,0.,-1.));
#2160 = DIRECTION('',(-0.,-1.,0.));
#2161 = FACE_BOUND('',#2162,.T.);
#2162 = EDGE_LOOP('',(#2163));
#2163 = ORIENTED_EDGE('',*,*,#2164,.T.);
#2164 = EDGE_CURVE('',#2165,#2165,#2167,.T.);
#2165 = VERTEX_POINT('',#2166);
#2166 = CARTESIAN_POINT('',(131.1,-94.475,1.599978));
#2167 = CIRCLE('',#2168,0.475);
#2168 = AXIS2_PLACEMENT_3D('',#2169,#2170,#2171);
#2169 = CARTESIAN_POINT('',(131.1,-94.,1.599978));
#2170 = DIRECTION('',(-0.,0.,-1.));
#2171 = DIRECTION('',(-0.,-1.,0.));
#2172 = FACE_BOUND('',#2173,.T.);
#2173 = EDGE_LOOP('',(#2174));
#2174 = ORIENTED_EDGE('',*,*,#2175,.T.);
#2175 = EDGE_CURVE('',#2176,#2176,#2178,.T.);
#2176 = VERTEX_POINT('',#2177);
#2177 = CARTESIAN_POINT('',(133.6,-94.475,1.599978));
#2178 = CIRCLE('',#2179,0.475);
#2179 = AXIS2_PLACEMENT_3D('',#2180,#2181,#2182);
#2180 = CARTESIAN_POINT('',(133.6,-94.,1.599978));
#2181 = DIRECTION('',(-0.,0.,-1.));
#2182 = DIRECTION('',(-0.,-1.,0.));
#2183 = FACE_BOUND('',#2184,.T.);
#2184 = EDGE_LOOP('',(#2185));
#2185 = ORIENTED_EDGE('',*,*,#2186,.T.);
#2186 = EDGE_CURVE('',#2187,#2187,#2189,.T.);
#2187 = VERTEX_POINT('',#2188);
#2188 = CARTESIAN_POINT('',(136.1,-94.475,1.599978));
#2189 = CIRCLE('',#2190,0.475);
#2190 = AXIS2_PLACEMENT_3D('',#2191,#2192,#2193);
#2191 = CARTESIAN_POINT('',(136.1,-94.,1.599978));
#2192 = DIRECTION('',(-0.,0.,-1.));
#2193 = DIRECTION('',(-0.,-1.,0.));
#2194 = FACE_BOUND('',#2195,.T.);
#2195 = EDGE_LOOP('',(#2196));
#2196 = ORIENTED_EDGE('',*,*,#2197,.T.);
#2197 = EDGE_CURVE('',#2198,#2198,#2200,.T.);
#2198 = VERTEX_POINT('',#2199);
#2199 = CARTESIAN_POINT('',(85.26,-91.801,1.599978));
#2200 = CIRCLE('',#2201,0.381);
#2201 = AXIS2_PLACEMENT_3D('',#2202,#2203,#2204);
#2202 = CARTESIAN_POINT('',(85.26,-91.42,1.599978));
#2203 = DIRECTION('',(-0.,0.,-1.));
#2204 = DIRECTION('',(-0.,-1.,0.));
#2205 = FACE_BOUND('',#2206,.T.);
#2206 = EDGE_LOOP('',(#2207));
#2207 = ORIENTED_EDGE('',*,*,#2208,.T.);
#2208 = EDGE_CURVE('',#2209,#2209,#2211,.T.);
#2209 = VERTEX_POINT('',#2210);
#2210 = CARTESIAN_POINT('',(85.26,-89.261,1.599978));
#2211 = CIRCLE('',#2212,0.381);
#2212 = AXIS2_PLACEMENT_3D('',#2213,#2214,#2215);
#2213 = CARTESIAN_POINT('',(85.26,-88.88,1.599978));
#2214 = DIRECTION('',(-0.,0.,-1.));
#2215 = DIRECTION('',(-0.,-1.,0.));
#2216 = FACE_BOUND('',#2217,.T.);
#2217 = EDGE_LOOP('',(#2218));
#2218 = ORIENTED_EDGE('',*,*,#2219,.T.);
#2219 = EDGE_CURVE('',#2220,#2220,#2222,.T.);
#2220 = VERTEX_POINT('',#2221);
#2221 = CARTESIAN_POINT('',(85.26,-86.721,1.599978));
#2222 = CIRCLE('',#2223,0.381);
#2223 = AXIS2_PLACEMENT_3D('',#2224,#2225,#2226);
#2224 = CARTESIAN_POINT('',(85.26,-86.34,1.599978));
#2225 = DIRECTION('',(-0.,0.,-1.));
#2226 = DIRECTION('',(-0.,-1.,0.));
#2227 = FACE_BOUND('',#2228,.T.);
#2228 = EDGE_LOOP('',(#2229));
#2229 = ORIENTED_EDGE('',*,*,#2230,.T.);
#2230 = EDGE_CURVE('',#2231,#2231,#2233,.T.);
#2231 = VERTEX_POINT('',#2232);
#2232 = CARTESIAN_POINT('',(100.5,-91.801,1.599978));
#2233 = CIRCLE('',#2234,0.381);
#2234 = AXIS2_PLACEMENT_3D('',#2235,#2236,#2237);
#2235 = CARTESIAN_POINT('',(100.5,-91.42,1.599978));
#2236 = DIRECTION('',(-0.,0.,-1.));
#2237 = DIRECTION('',(-0.,-1.,0.));
#2238 = FACE_BOUND('',#2239,.T.);
#2239 = EDGE_LOOP('',(#2240));
#2240 = ORIENTED_EDGE('',*,*,#2241,.T.);
#2241 = EDGE_CURVE('',#2242,#2242,#2244,.T.);
#2242 = VERTEX_POINT('',#2243);
#2243 = CARTESIAN_POINT('',(100.5,-89.261,1.599978));
#2244 = CIRCLE('',#2245,0.381);
#2245 = AXIS2_PLACEMENT_3D('',#2246,#2247,#2248);
#2246 = CARTESIAN_POINT('',(100.5,-88.88,1.599978));
#2247 = DIRECTION('',(-0.,0.,-1.));
#2248 = DIRECTION('',(-0.,-1.,0.));
#2249 = FACE_BOUND('',#2250,.T.);
#2250 = EDGE_LOOP('',(#2251));
#2251 = ORIENTED_EDGE('',*,*,#2252,.T.);
#2252 = EDGE_CURVE('',#2253,#2253,#2255,.T.);
#2253 = VERTEX_POINT('',#2254);
#2254 = CARTESIAN_POINT('',(100.5,-86.721,1.599978));
#2255 = CIRCLE('',#2256,0.381);
#2256 = AXIS2_PLACEMENT_3D('',#2257,#2258,#2259);
#2257 = CARTESIAN_POINT('',(100.5,-86.34,1.599978));
#2258 = DIRECTION('',(-0.,0.,-1.));
#2259 = DIRECTION('',(-0.,-1.,0.));
#2260 = FACE_BOUND('',#2261,.T.);
#2261 = EDGE_LOOP('',(#2262));
#2262 = ORIENTED_EDGE('',*,*,#2263,.T.);
#2263 = EDGE_CURVE('',#2264,#2264,#2266,.T.);
#2264 = VERTEX_POINT('',#2265);
#2265 = CARTESIAN_POINT('',(91.,-79.9,1.599978));
#2266 = CIRCLE('',#2267,0.4);
#2267 = AXIS2_PLACEMENT_3D('',#2268,#2269,#2270);
#2268 = CARTESIAN_POINT('',(91.,-79.5,1.599978));
#2269 = DIRECTION('',(-0.,0.,-1.));
#2270 = DIRECTION('',(-0.,-1.,0.));
#2271 = FACE_BOUND('',#2272,.T.);
#2272 = EDGE_LOOP('',(#2273));
#2273 = ORIENTED_EDGE('',*,*,#2274,.T.);
#2274 = EDGE_CURVE('',#2275,#2275,#2277,.T.);
#2275 = VERTEX_POINT('',#2276);
#2276 = CARTESIAN_POINT('',(79.,-75.1,1.599978));
#2277 = CIRCLE('',#2278,1.6);
#2278 = AXIS2_PLACEMENT_3D('',#2279,#2280,#2281);
#2279 = CARTESIAN_POINT('',(79.,-73.5,1.599978));
#2280 = DIRECTION('',(-0.,0.,-1.));
#2281 = DIRECTION('',(-0.,-1.,0.));
#2282 = FACE_BOUND('',#2283,.T.);
#2283 = EDGE_LOOP('',(#2284));
#2284 = ORIENTED_EDGE('',*,*,#2285,.T.);
#2285 = EDGE_CURVE('',#2286,#2286,#2288,.T.);
#2286 = VERTEX_POINT('',#2287);
#2287 = CARTESIAN_POINT('',(91.,-77.4,1.599978));
#2288 = CIRCLE('',#2289,0.4);
#2289 = AXIS2_PLACEMENT_3D('',#2290,#2291,#2292);
#2290 = CARTESIAN_POINT('',(91.,-77.,1.599978));
#2291 = DIRECTION('',(-0.,0.,-1.));
#2292 = DIRECTION('',(-0.,-1.,0.));
#2293 = FACE_BOUND('',#2294,.T.);
#2294 = EDGE_LOOP('',(#2295));
#2295 = ORIENTED_EDGE('',*,*,#2296,.T.);
#2296 = EDGE_CURVE('',#2297,#2297,#2299,.T.);
#2297 = VERTEX_POINT('',#2298);
#2298 = CARTESIAN_POINT('',(99.,-79.9,1.599978));
#2299 = CIRCLE('',#2300,0.4);
#2300 = AXIS2_PLACEMENT_3D('',#2301,#2302,#2303);
#2301 = CARTESIAN_POINT('',(99.,-79.5,1.599978));
#2302 = DIRECTION('',(-0.,0.,-1.));
#2303 = DIRECTION('',(-0.,-1.,0.));
#2304 = FACE_BOUND('',#2305,.T.);
#2305 = EDGE_LOOP('',(#2306));
#2306 = ORIENTED_EDGE('',*,*,#2307,.T.);
#2307 = EDGE_CURVE('',#2308,#2308,#2310,.T.);
#2308 = VERTEX_POINT('',#2309);
#2309 = CARTESIAN_POINT('',(99.,-77.4,1.599978));
#2310 = CIRCLE('',#2311,0.4);
#2311 = AXIS2_PLACEMENT_3D('',#2312,#2313,#2314);
#2312 = CARTESIAN_POINT('',(99.,-77.,1.599978));
#2313 = DIRECTION('',(-0.,0.,-1.));
#2314 = DIRECTION('',(-0.,-1.,0.));
#2315 = FACE_BOUND('',#2316,.T.);
#2316 = EDGE_LOOP('',(#2317));
#2317 = ORIENTED_EDGE('',*,*,#2318,.T.);
#2318 = EDGE_CURVE('',#2319,#2319,#2321,.T.);
#2319 = VERTEX_POINT('',#2320);
#2320 = CARTESIAN_POINT('',(106.46,-77.2,1.599978));
#2321 = CIRCLE('',#2322,0.475);
#2322 = AXIS2_PLACEMENT_3D('',#2323,#2324,#2325);
#2323 = CARTESIAN_POINT('',(106.46,-76.725,1.599978));
#2324 = DIRECTION('',(-0.,0.,-1.));
#2325 = DIRECTION('',(-2.991758887411E-14,-1.,0.));
#2326 = FACE_BOUND('',#2327,.T.);
#2327 = EDGE_LOOP('',(#2328));
#2328 = ORIENTED_EDGE('',*,*,#2329,.T.);
#2329 = EDGE_CURVE('',#2330,#2330,#2332,.T.);
#2330 = VERTEX_POINT('',#2331);
#2331 = CARTESIAN_POINT('',(109.,-77.2,1.599978));
#2332 = CIRCLE('',#2333,0.475);
#2333 = AXIS2_PLACEMENT_3D('',#2334,#2335,#2336);
#2334 = CARTESIAN_POINT('',(109.,-76.725,1.599978));
#2335 = DIRECTION('',(-0.,0.,-1.));
#2336 = DIRECTION('',(-0.,-1.,0.));
#2337 = FACE_BOUND('',#2338,.T.);
#2338 = EDGE_LOOP('',(#2339,#2350,#2358,#2367));
#2339 = ORIENTED_EDGE('',*,*,#2340,.T.);
#2340 = EDGE_CURVE('',#2341,#2343,#2345,.T.);
#2341 = VERTEX_POINT('',#2342);
#2342 = CARTESIAN_POINT('',(128.45,-85.9,1.599978));
#2343 = VERTEX_POINT('',#2344);
#2344 = CARTESIAN_POINT('',(127.45,-85.9,1.599978));
#2345 = CIRCLE('',#2346,0.5);
#2346 = AXIS2_PLACEMENT_3D('',#2347,#2348,#2349);
#2347 = CARTESIAN_POINT('',(127.95,-85.9,1.599978));
#2348 = DIRECTION('',(-0.,0.,-1.));
#2349 = DIRECTION('',(-1.,2.84217094304E-14,0.));
#2350 = ORIENTED_EDGE('',*,*,#2351,.T.);
#2351 = EDGE_CURVE('',#2343,#2352,#2354,.T.);
#2352 = VERTEX_POINT('',#2353);
#2353 = CARTESIAN_POINT('',(127.45,-83.9,1.599978));
#2354 = LINE('',#2355,#2356);
#2355 = CARTESIAN_POINT('',(127.45,-41.95,1.599978));
#2356 = VECTOR('',#2357,1.);
#2357 = DIRECTION('',(-0.,1.,0.));
#2358 = ORIENTED_EDGE('',*,*,#2359,.T.);
#2359 = EDGE_CURVE('',#2352,#2360,#2362,.T.);
#2360 = VERTEX_POINT('',#2361);
#2361 = CARTESIAN_POINT('',(128.45,-83.9,1.599978));
#2362 = CIRCLE('',#2363,0.5);
#2363 = AXIS2_PLACEMENT_3D('',#2364,#2365,#2366);
#2364 = CARTESIAN_POINT('',(127.95,-83.9,1.599978));
#2365 = DIRECTION('',(0.,-0.,-1.));
#2366 = DIRECTION('',(1.,-2.84217094304E-14,0.));
#2367 = ORIENTED_EDGE('',*,*,#2368,.T.);
#2368 = EDGE_CURVE('',#2360,#2341,#2369,.T.);
#2369 = LINE('',#2370,#2371);
#2370 = CARTESIAN_POINT('',(128.45,-42.95,1.599978));
#2371 = VECTOR('',#2372,1.);
#2372 = DIRECTION('',(0.,-1.,0.));
#2373 = FACE_BOUND('',#2374,.T.);
#2374 = EDGE_LOOP('',(#2375,#2386,#2394,#2403));
#2375 = ORIENTED_EDGE('',*,*,#2376,.T.);
#2376 = EDGE_CURVE('',#2377,#2379,#2381,.T.);
#2377 = VERTEX_POINT('',#2378);
#2378 = CARTESIAN_POINT('',(134.55,-85.9,1.599978));
#2379 = VERTEX_POINT('',#2380);
#2380 = CARTESIAN_POINT('',(133.55,-85.9,1.599978));
#2381 = CIRCLE('',#2382,0.5);
#2382 = AXIS2_PLACEMENT_3D('',#2383,#2384,#2385);
#2383 = CARTESIAN_POINT('',(134.05,-85.9,1.599978));
#2384 = DIRECTION('',(-0.,0.,-1.));
#2385 = DIRECTION('',(-1.,0.,0.));
#2386 = ORIENTED_EDGE('',*,*,#2387,.T.);
#2387 = EDGE_CURVE('',#2379,#2388,#2390,.T.);
#2388 = VERTEX_POINT('',#2389);
#2389 = CARTESIAN_POINT('',(133.55,-83.9,1.599978));
#2390 = LINE('',#2391,#2392);
#2391 = CARTESIAN_POINT('',(133.55,-41.95,1.599978));
#2392 = VECTOR('',#2393,1.);
#2393 = DIRECTION('',(-0.,1.,0.));
#2394 = ORIENTED_EDGE('',*,*,#2395,.T.);
#2395 = EDGE_CURVE('',#2388,#2396,#2398,.T.);
#2396 = VERTEX_POINT('',#2397);
#2397 = CARTESIAN_POINT('',(134.55,-83.9,1.599978));
#2398 = CIRCLE('',#2399,0.5);
#2399 = AXIS2_PLACEMENT_3D('',#2400,#2401,#2402);
#2400 = CARTESIAN_POINT('',(134.05,-83.9,1.599978));
#2401 = DIRECTION('',(0.,-0.,-1.));
#2402 = DIRECTION('',(1.,0.,-0.));
#2403 = ORIENTED_EDGE('',*,*,#2404,.T.);
#2404 = EDGE_CURVE('',#2396,#2377,#2405,.T.);
#2405 = LINE('',#2406,#2407);
#2406 = CARTESIAN_POINT('',(134.55,-42.95,1.599978));
#2407 = VECTOR('',#2408,1.);
#2408 = DIRECTION('',(0.,-1.,0.));
#2409 = FACE_BOUND('',#2410,.T.);
#2410 = EDGE_LOOP('',(#2411));
#2411 = ORIENTED_EDGE('',*,*,#2412,.T.);
#2412 = EDGE_CURVE('',#2413,#2413,#2415,.T.);
#2413 = VERTEX_POINT('',#2414);
#2414 = CARTESIAN_POINT('',(120.,-79.9,1.599978));
#2415 = CIRCLE('',#2416,0.4);
#2416 = AXIS2_PLACEMENT_3D('',#2417,#2418,#2419);
#2417 = CARTESIAN_POINT('',(120.,-79.5,1.599978));
#2418 = DIRECTION('',(-0.,0.,-1.));
#2419 = DIRECTION('',(-0.,-1.,0.));
#2420 = FACE_BOUND('',#2421,.T.);
#2421 = EDGE_LOOP('',(#2422));
#2422 = ORIENTED_EDGE('',*,*,#2423,.T.);
#2423 = EDGE_CURVE('',#2424,#2424,#2426,.T.);
#2424 = VERTEX_POINT('',#2425);
#2425 = CARTESIAN_POINT('',(111.54,-77.2,1.599978));
#2426 = CIRCLE('',#2427,0.475);
#2427 = AXIS2_PLACEMENT_3D('',#2428,#2429,#2430);
#2428 = CARTESIAN_POINT('',(111.54,-76.725,1.599978));
#2429 = DIRECTION('',(-0.,0.,-1.));
#2430 = DIRECTION('',(2.991758887411E-14,-1.,-0.));
#2431 = FACE_BOUND('',#2432,.T.);
#2432 = EDGE_LOOP('',(#2433));
#2433 = ORIENTED_EDGE('',*,*,#2434,.T.);
#2434 = EDGE_CURVE('',#2435,#2435,#2437,.T.);
#2435 = VERTEX_POINT('',#2436);
#2436 = CARTESIAN_POINT('',(120.,-77.4,1.599978));
#2437 = CIRCLE('',#2438,0.4);
#2438 = AXIS2_PLACEMENT_3D('',#2439,#2440,#2441);
#2439 = CARTESIAN_POINT('',(120.,-77.,1.599978));
#2440 = DIRECTION('',(-0.,0.,-1.));
#2441 = DIRECTION('',(-0.,-1.,0.));
#2442 = FACE_BOUND('',#2443,.T.);
#2443 = EDGE_LOOP('',(#2444,#2455,#2463,#2472));
#2444 = ORIENTED_EDGE('',*,*,#2445,.T.);
#2445 = EDGE_CURVE('',#2446,#2448,#2450,.T.);
#2446 = VERTEX_POINT('',#2447);
#2447 = CARTESIAN_POINT('',(132.,-79.5,1.599978));
#2448 = VERTEX_POINT('',#2449);
#2449 = CARTESIAN_POINT('',(132.,-80.5,1.599978));
#2450 = CIRCLE('',#2451,0.5);
#2451 = AXIS2_PLACEMENT_3D('',#2452,#2453,#2454);
#2452 = CARTESIAN_POINT('',(132.,-80.,1.599978));
#2453 = DIRECTION('',(-0.,0.,-1.));
#2454 = DIRECTION('',(-0.,-1.,0.));
#2455 = ORIENTED_EDGE('',*,*,#2456,.T.);
#2456 = EDGE_CURVE('',#2448,#2457,#2459,.T.);
#2457 = VERTEX_POINT('',#2458);
#2458 = CARTESIAN_POINT('',(130.,-80.5,1.599978));
#2459 = LINE('',#2460,#2461);
#2460 = CARTESIAN_POINT('',(65.,-80.5,1.599978));
#2461 = VECTOR('',#2462,1.);
#2462 = DIRECTION('',(-1.,0.,0.));
#2463 = ORIENTED_EDGE('',*,*,#2464,.T.);
#2464 = EDGE_CURVE('',#2457,#2465,#2467,.T.);
#2465 = VERTEX_POINT('',#2466);
#2466 = CARTESIAN_POINT('',(130.,-79.5,1.599978));
#2467 = CIRCLE('',#2468,0.5);
#2468 = AXIS2_PLACEMENT_3D('',#2469,#2470,#2471);
#2469 = CARTESIAN_POINT('',(130.,-80.,1.599978));
#2470 = DIRECTION('',(-0.,0.,-1.));
#2471 = DIRECTION('',(0.,1.,0.));
#2472 = ORIENTED_EDGE('',*,*,#2473,.T.);
#2473 = EDGE_CURVE('',#2465,#2446,#2474,.T.);
#2474 = LINE('',#2475,#2476);
#2475 = CARTESIAN_POINT('',(66.,-79.5,1.599978));
#2476 = VECTOR('',#2477,1.);
#2477 = DIRECTION('',(1.,0.,-0.));
#2478 = FACE_BOUND('',#2479,.T.);
#2479 = EDGE_LOOP('',(#2480));
#2480 = ORIENTED_EDGE('',*,*,#2481,.T.);
#2481 = EDGE_CURVE('',#2482,#2482,#2484,.T.);
#2482 = VERTEX_POINT('',#2483);
#2483 = CARTESIAN_POINT('',(144.,-75.1,1.599978));
#2484 = CIRCLE('',#2485,1.6);
#2485 = AXIS2_PLACEMENT_3D('',#2486,#2487,#2488);
#2486 = CARTESIAN_POINT('',(144.,-73.5,1.599978));
#2487 = DIRECTION('',(-0.,0.,-1.));
#2488 = DIRECTION('',(-0.,-1.,0.));
#2489 = PLANE('',#2490);
#2490 = AXIS2_PLACEMENT_3D('',#2491,#2492,#2493);
#2491 = CARTESIAN_POINT('',(0.,0.,1.599978));
#2492 = DIRECTION('',(0.,0.,1.));
#2493 = DIRECTION('',(1.,0.,-0.));
#2494 = ADVANCED_FACE('',(#2495),#2501,.T.);
#2495 = FACE_BOUND('',#2496,.T.);
#2496 = EDGE_LOOP('',(#2497,#2498,#2499,#2500));
#2497 = ORIENTED_EDGE('',*,*,#1170,.T.);
#2498 = ORIENTED_EDGE('',*,*,#1847,.T.);
#2499 = ORIENTED_EDGE('',*,*,#1130,.F.);
#2500 = ORIENTED_EDGE('',*,*,#1194,.F.);
#2501 = PLANE('',#2502);
#2502 = AXIS2_PLACEMENT_3D('',#2503,#2504,#2505);
#2503 = CARTESIAN_POINT('',(75.5,-70.,0.));
#2504 = DIRECTION('',(0.,1.,0.));
#2505 = DIRECTION('',(1.,0.,0.));
#2506 = ADVANCED_FACE('',(#2507),#2518,.F.);
#2507 = FACE_BOUND('',#2508,.T.);
#2508 = EDGE_LOOP('',(#2509,#2510,#2516,#2517));
#2509 = ORIENTED_EDGE('',*,*,#1203,.T.);
#2510 = ORIENTED_EDGE('',*,*,#2511,.T.);
#2511 = EDGE_CURVE('',#1204,#1857,#2512,.T.);
#2512 = LINE('',#2513,#2514);
#2513 = CARTESIAN_POINT('',(79.,-115.1,-4.5E-02));
#2514 = VECTOR('',#2515,1.);
#2515 = DIRECTION('',(0.,0.,1.));
#2516 = ORIENTED_EDGE('',*,*,#1856,.F.);
#2517 = ORIENTED_EDGE('',*,*,#2511,.F.);
#2518 = CYLINDRICAL_SURFACE('',#2519,1.6);
#2519 = AXIS2_PLACEMENT_3D('',#2520,#2521,#2522);
#2520 = CARTESIAN_POINT('',(79.,-113.5,-4.5E-02));
#2521 = DIRECTION('',(-0.,-0.,-1.));
#2522 = DIRECTION('',(-0.,-1.,0.));
#2523 = ADVANCED_FACE('',(#2524),#2535,.F.);
#2524 = FACE_BOUND('',#2525,.T.);
#2525 = EDGE_LOOP('',(#2526,#2527,#2533,#2534));
#2526 = ORIENTED_EDGE('',*,*,#1214,.T.);
#2527 = ORIENTED_EDGE('',*,*,#2528,.T.);
#2528 = EDGE_CURVE('',#1215,#1868,#2529,.T.);
#2529 = LINE('',#2530,#2531);
#2530 = CARTESIAN_POINT('',(108.9,-110.6,-4.5E-02));
#2531 = VECTOR('',#2532,1.);
#2532 = DIRECTION('',(0.,0.,1.));
#2533 = ORIENTED_EDGE('',*,*,#1867,.F.);
#2534 = ORIENTED_EDGE('',*,*,#2528,.F.);
#2535 = CYLINDRICAL_SURFACE('',#2536,0.6);
#2536 = AXIS2_PLACEMENT_3D('',#2537,#2538,#2539);
#2537 = CARTESIAN_POINT('',(108.9,-110.,-4.5E-02));
#2538 = DIRECTION('',(-0.,-0.,-1.));
#2539 = DIRECTION('',(-0.,-1.,0.));
#2540 = ADVANCED_FACE('',(#2541),#2552,.F.);
#2541 = FACE_BOUND('',#2542,.T.);
#2542 = EDGE_LOOP('',(#2543,#2544,#2550,#2551));
#2543 = ORIENTED_EDGE('',*,*,#1225,.T.);
#2544 = ORIENTED_EDGE('',*,*,#2545,.T.);
#2545 = EDGE_CURVE('',#1226,#1879,#2546,.T.);
#2546 = LINE('',#2547,#2548);
#2547 = CARTESIAN_POINT('',(100.5,-107.041,-4.5E-02));
#2548 = VECTOR('',#2549,1.);
#2549 = DIRECTION('',(0.,0.,1.));
#2550 = ORIENTED_EDGE('',*,*,#1878,.F.);
#2551 = ORIENTED_EDGE('',*,*,#2545,.F.);
#2552 = CYLINDRICAL_SURFACE('',#2553,0.381);
#2553 = AXIS2_PLACEMENT_3D('',#2554,#2555,#2556);
#2554 = CARTESIAN_POINT('',(100.5,-106.66,-4.5E-02));
#2555 = DIRECTION('',(-0.,-0.,-1.));
#2556 = DIRECTION('',(-0.,-1.,0.));
#2557 = ADVANCED_FACE('',(#2558),#2569,.F.);
#2558 = FACE_BOUND('',#2559,.T.);
#2559 = EDGE_LOOP('',(#2560,#2561,#2567,#2568));
#2560 = ORIENTED_EDGE('',*,*,#1236,.T.);
#2561 = ORIENTED_EDGE('',*,*,#2562,.T.);
#2562 = EDGE_CURVE('',#1237,#1890,#2563,.T.);
#2563 = LINE('',#2564,#2565);
#2564 = CARTESIAN_POINT('',(110.5,-108.475,-4.5E-02));
#2565 = VECTOR('',#2566,1.);
#2566 = DIRECTION('',(0.,0.,1.));
#2567 = ORIENTED_EDGE('',*,*,#1889,.F.);
#2568 = ORIENTED_EDGE('',*,*,#2562,.F.);
#2569 = CYLINDRICAL_SURFACE('',#2570,0.475);
#2570 = AXIS2_PLACEMENT_3D('',#2571,#2572,#2573);
#2571 = CARTESIAN_POINT('',(110.5,-108.,-4.5E-02));
#2572 = DIRECTION('',(-0.,-0.,-1.));
#2573 = DIRECTION('',(-0.,-1.,0.));
#2574 = ADVANCED_FACE('',(#2575),#2586,.F.);
#2575 = FACE_BOUND('',#2576,.T.);
#2576 = EDGE_LOOP('',(#2577,#2578,#2584,#2585));
#2577 = ORIENTED_EDGE('',*,*,#1247,.T.);
#2578 = ORIENTED_EDGE('',*,*,#2579,.T.);
#2579 = EDGE_CURVE('',#1248,#1901,#2580,.T.);
#2580 = LINE('',#2581,#2582);
#2581 = CARTESIAN_POINT('',(85.26,-99.421,-4.5E-02));
#2582 = VECTOR('',#2583,1.);
#2583 = DIRECTION('',(0.,0.,1.));
#2584 = ORIENTED_EDGE('',*,*,#1900,.F.);
#2585 = ORIENTED_EDGE('',*,*,#2579,.F.);
#2586 = CYLINDRICAL_SURFACE('',#2587,0.381);
#2587 = AXIS2_PLACEMENT_3D('',#2588,#2589,#2590);
#2588 = CARTESIAN_POINT('',(85.26,-99.04,-4.5E-02));
#2589 = DIRECTION('',(-0.,-0.,-1.));
#2590 = DIRECTION('',(-0.,-1.,0.));
#2591 = ADVANCED_FACE('',(#2592),#2603,.F.);
#2592 = FACE_BOUND('',#2593,.T.);
#2593 = EDGE_LOOP('',(#2594,#2595,#2601,#2602));
#2594 = ORIENTED_EDGE('',*,*,#1258,.T.);
#2595 = ORIENTED_EDGE('',*,*,#2596,.T.);
#2596 = EDGE_CURVE('',#1259,#1912,#2597,.T.);
#2597 = LINE('',#2598,#2599);
#2598 = CARTESIAN_POINT('',(85.26,-96.881,-4.5E-02));
#2599 = VECTOR('',#2600,1.);
#2600 = DIRECTION('',(0.,0.,1.));
#2601 = ORIENTED_EDGE('',*,*,#1911,.F.);
#2602 = ORIENTED_EDGE('',*,*,#2596,.F.);
#2603 = CYLINDRICAL_SURFACE('',#2604,0.381);
#2604 = AXIS2_PLACEMENT_3D('',#2605,#2606,#2607);
#2605 = CARTESIAN_POINT('',(85.26,-96.5,-4.5E-02));
#2606 = DIRECTION('',(-0.,-0.,-1.));
#2607 = DIRECTION('',(-0.,-1.,0.));
#2608 = ADVANCED_FACE('',(#2609),#2620,.F.);
#2609 = FACE_BOUND('',#2610,.T.);
#2610 = EDGE_LOOP('',(#2611,#2612,#2618,#2619));
#2611 = ORIENTED_EDGE('',*,*,#1269,.T.);
#2612 = ORIENTED_EDGE('',*,*,#2613,.T.);
#2613 = EDGE_CURVE('',#1270,#1923,#2614,.T.);
#2614 = LINE('',#2615,#2616);
#2615 = CARTESIAN_POINT('',(85.26,-94.341,-4.5E-02));
#2616 = VECTOR('',#2617,1.);
#2617 = DIRECTION('',(0.,0.,1.));
#2618 = ORIENTED_EDGE('',*,*,#1922,.F.);
#2619 = ORIENTED_EDGE('',*,*,#2613,.F.);
#2620 = CYLINDRICAL_SURFACE('',#2621,0.381);
#2621 = AXIS2_PLACEMENT_3D('',#2622,#2623,#2624);
#2622 = CARTESIAN_POINT('',(85.26,-93.96,-4.5E-02));
#2623 = DIRECTION('',(-0.,-0.,-1.));
#2624 = DIRECTION('',(-0.,-1.,0.));
#2625 = ADVANCED_FACE('',(#2626),#2637,.F.);
#2626 = FACE_BOUND('',#2627,.T.);
#2627 = EDGE_LOOP('',(#2628,#2629,#2635,#2636));
#2628 = ORIENTED_EDGE('',*,*,#1280,.T.);
#2629 = ORIENTED_EDGE('',*,*,#2630,.T.);
#2630 = EDGE_CURVE('',#1281,#1934,#2631,.T.);
#2631 = LINE('',#2632,#2633);
#2632 = CARTESIAN_POINT('',(100.5,-104.501,-4.5E-02));
#2633 = VECTOR('',#2634,1.);
#2634 = DIRECTION('',(0.,0.,1.));
#2635 = ORIENTED_EDGE('',*,*,#1933,.F.);
#2636 = ORIENTED_EDGE('',*,*,#2630,.F.);
#2637 = CYLINDRICAL_SURFACE('',#2638,0.381);
#2638 = AXIS2_PLACEMENT_3D('',#2639,#2640,#2641);
#2639 = CARTESIAN_POINT('',(100.5,-104.12,-4.5E-02));
#2640 = DIRECTION('',(-0.,-0.,-1.));
#2641 = DIRECTION('',(-0.,-1.,0.));
#2642 = ADVANCED_FACE('',(#2643),#2654,.F.);
#2643 = FACE_BOUND('',#2644,.T.);
#2644 = EDGE_LOOP('',(#2645,#2646,#2652,#2653));
#2645 = ORIENTED_EDGE('',*,*,#1291,.T.);
#2646 = ORIENTED_EDGE('',*,*,#2647,.T.);
#2647 = EDGE_CURVE('',#1292,#1945,#2648,.T.);
#2648 = LINE('',#2649,#2650);
#2649 = CARTESIAN_POINT('',(100.5,-101.961,-4.5E-02));
#2650 = VECTOR('',#2651,1.);
#2651 = DIRECTION('',(0.,0.,1.));
#2652 = ORIENTED_EDGE('',*,*,#1944,.F.);
#2653 = ORIENTED_EDGE('',*,*,#2647,.F.);
#2654 = CYLINDRICAL_SURFACE('',#2655,0.381);
#2655 = AXIS2_PLACEMENT_3D('',#2656,#2657,#2658);
#2656 = CARTESIAN_POINT('',(100.5,-101.58,-4.5E-02));
#2657 = DIRECTION('',(-0.,-0.,-1.));
#2658 = DIRECTION('',(-0.,-1.,0.));
#2659 = ADVANCED_FACE('',(#2660),#2671,.F.);
#2660 = FACE_BOUND('',#2661,.T.);
#2661 = EDGE_LOOP('',(#2662,#2663,#2669,#2670));
#2662 = ORIENTED_EDGE('',*,*,#1302,.T.);
#2663 = ORIENTED_EDGE('',*,*,#2664,.T.);
#2664 = EDGE_CURVE('',#1303,#1956,#2665,.T.);
#2665 = LINE('',#2666,#2667);
#2666 = CARTESIAN_POINT('',(100.5,-99.421,-4.5E-02));
#2667 = VECTOR('',#2668,1.);
#2668 = DIRECTION('',(0.,0.,1.));
#2669 = ORIENTED_EDGE('',*,*,#1955,.F.);
#2670 = ORIENTED_EDGE('',*,*,#2664,.F.);
#2671 = CYLINDRICAL_SURFACE('',#2672,0.381);
#2672 = AXIS2_PLACEMENT_3D('',#2673,#2674,#2675);
#2673 = CARTESIAN_POINT('',(100.5,-99.04,-4.5E-02));
#2674 = DIRECTION('',(-0.,-0.,-1.));
#2675 = DIRECTION('',(-0.,-1.,0.));
#2676 = ADVANCED_FACE('',(#2677),#2688,.F.);
#2677 = FACE_BOUND('',#2678,.T.);
#2678 = EDGE_LOOP('',(#2679,#2680,#2686,#2687));
#2679 = ORIENTED_EDGE('',*,*,#1313,.T.);
#2680 = ORIENTED_EDGE('',*,*,#2681,.T.);
#2681 = EDGE_CURVE('',#1314,#1967,#2682,.T.);
#2682 = LINE('',#2683,#2684);
#2683 = CARTESIAN_POINT('',(100.5,-96.881,-4.5E-02));
#2684 = VECTOR('',#2685,1.);
#2685 = DIRECTION('',(0.,0.,1.));
#2686 = ORIENTED_EDGE('',*,*,#1966,.F.);
#2687 = ORIENTED_EDGE('',*,*,#2681,.F.);
#2688 = CYLINDRICAL_SURFACE('',#2689,0.381);
#2689 = AXIS2_PLACEMENT_3D('',#2690,#2691,#2692);
#2690 = CARTESIAN_POINT('',(100.5,-96.5,-4.5E-02));
#2691 = DIRECTION('',(-0.,-0.,-1.));
#2692 = DIRECTION('',(-0.,-1.,0.));
#2693 = ADVANCED_FACE('',(#2694),#2705,.F.);
#2694 = FACE_BOUND('',#2695,.T.);
#2695 = EDGE_LOOP('',(#2696,#2697,#2703,#2704));
#2696 = ORIENTED_EDGE('',*,*,#1324,.T.);
#2697 = ORIENTED_EDGE('',*,*,#2698,.T.);
#2698 = EDGE_CURVE('',#1325,#1978,#2699,.T.);
#2699 = LINE('',#2700,#2701);
#2700 = CARTESIAN_POINT('',(100.5,-94.341,-4.5E-02));
#2701 = VECTOR('',#2702,1.);
#2702 = DIRECTION('',(0.,0.,1.));
#2703 = ORIENTED_EDGE('',*,*,#1977,.F.);
#2704 = ORIENTED_EDGE('',*,*,#2698,.F.);
#2705 = CYLINDRICAL_SURFACE('',#2706,0.381);
#2706 = AXIS2_PLACEMENT_3D('',#2707,#2708,#2709);
#2707 = CARTESIAN_POINT('',(100.5,-93.96,-4.5E-02));
#2708 = DIRECTION('',(-0.,-0.,-1.));
#2709 = DIRECTION('',(-0.,-1.,0.));
#2710 = ADVANCED_FACE('',(#2711),#2722,.F.);
#2711 = FACE_BOUND('',#2712,.T.);
#2712 = EDGE_LOOP('',(#2713,#2714,#2720,#2721));
#2713 = ORIENTED_EDGE('',*,*,#1335,.T.);
#2714 = ORIENTED_EDGE('',*,*,#2715,.T.);
#2715 = EDGE_CURVE('',#1336,#1989,#2716,.T.);
#2716 = LINE('',#2717,#2718);
#2717 = CARTESIAN_POINT('',(108.9,-96.6,-4.5E-02));
#2718 = VECTOR('',#2719,1.);
#2719 = DIRECTION('',(0.,0.,1.));
#2720 = ORIENTED_EDGE('',*,*,#1988,.F.);
#2721 = ORIENTED_EDGE('',*,*,#2715,.F.);
#2722 = CYLINDRICAL_SURFACE('',#2723,0.6);
#2723 = AXIS2_PLACEMENT_3D('',#2724,#2725,#2726);
#2724 = CARTESIAN_POINT('',(108.9,-96.,-4.5E-02));
#2725 = DIRECTION('',(-0.,-0.,-1.));
#2726 = DIRECTION('',(-0.,-1.,0.));
#2727 = ADVANCED_FACE('',(#2728),#2739,.F.);
#2728 = FACE_BOUND('',#2729,.T.);
#2729 = EDGE_LOOP('',(#2730,#2731,#2737,#2738));
#2730 = ORIENTED_EDGE('',*,*,#1346,.T.);
#2731 = ORIENTED_EDGE('',*,*,#2732,.T.);
#2732 = EDGE_CURVE('',#1347,#2000,#2733,.T.);
#2733 = LINE('',#2734,#2735);
#2734 = CARTESIAN_POINT('',(110.5,-94.475,-4.5E-02));
#2735 = VECTOR('',#2736,1.);
#2736 = DIRECTION('',(0.,0.,1.));
#2737 = ORIENTED_EDGE('',*,*,#1999,.F.);
#2738 = ORIENTED_EDGE('',*,*,#2732,.F.);
#2739 = CYLINDRICAL_SURFACE('',#2740,0.475);
#2740 = AXIS2_PLACEMENT_3D('',#2741,#2742,#2743);
#2741 = CARTESIAN_POINT('',(110.5,-94.,-4.5E-02));
#2742 = DIRECTION('',(-0.,-0.,-1.));
#2743 = DIRECTION('',(-0.,-1.,0.));
#2744 = ADVANCED_FACE('',(#2745),#2756,.F.);
#2745 = FACE_BOUND('',#2746,.T.);
#2746 = EDGE_LOOP('',(#2747,#2748,#2754,#2755));
#2747 = ORIENTED_EDGE('',*,*,#1357,.T.);
#2748 = ORIENTED_EDGE('',*,*,#2749,.T.);
#2749 = EDGE_CURVE('',#1358,#2011,#2750,.T.);
#2750 = LINE('',#2751,#2752);
#2751 = CARTESIAN_POINT('',(126.9,-110.6,-4.5E-02));
#2752 = VECTOR('',#2753,1.);
#2753 = DIRECTION('',(0.,0.,1.));
#2754 = ORIENTED_EDGE('',*,*,#2010,.F.);
#2755 = ORIENTED_EDGE('',*,*,#2749,.F.);
#2756 = CYLINDRICAL_SURFACE('',#2757,0.6);
#2757 = AXIS2_PLACEMENT_3D('',#2758,#2759,#2760);
#2758 = CARTESIAN_POINT('',(126.9,-110.,-4.5E-02));
#2759 = DIRECTION('',(-0.,-0.,-1.));
#2760 = DIRECTION('',(-0.,-1.,0.));
#2761 = ADVANCED_FACE('',(#2762),#2773,.F.);
#2762 = FACE_BOUND('',#2763,.T.);
#2763 = EDGE_LOOP('',(#2764,#2765,#2771,#2772));
#2764 = ORIENTED_EDGE('',*,*,#1368,.T.);
#2765 = ORIENTED_EDGE('',*,*,#2766,.T.);
#2766 = EDGE_CURVE('',#1369,#2022,#2767,.T.);
#2767 = LINE('',#2768,#2769);
#2768 = CARTESIAN_POINT('',(113.,-108.475,-4.5E-02));
#2769 = VECTOR('',#2770,1.);
#2770 = DIRECTION('',(0.,0.,1.));
#2771 = ORIENTED_EDGE('',*,*,#2021,.F.);
#2772 = ORIENTED_EDGE('',*,*,#2766,.F.);
#2773 = CYLINDRICAL_SURFACE('',#2774,0.475);
#2774 = AXIS2_PLACEMENT_3D('',#2775,#2776,#2777);
#2775 = CARTESIAN_POINT('',(113.,-108.,-4.5E-02));
#2776 = DIRECTION('',(-0.,-0.,-1.));
#2777 = DIRECTION('',(-0.,-1.,0.));
#2778 = ADVANCED_FACE('',(#2779),#2790,.F.);
#2779 = FACE_BOUND('',#2780,.T.);
#2780 = EDGE_LOOP('',(#2781,#2782,#2788,#2789));
#2781 = ORIENTED_EDGE('',*,*,#1379,.T.);
#2782 = ORIENTED_EDGE('',*,*,#2783,.T.);
#2783 = EDGE_CURVE('',#1380,#2033,#2784,.T.);
#2784 = LINE('',#2785,#2786);
#2785 = CARTESIAN_POINT('',(115.5,-108.475,-4.5E-02));
#2786 = VECTOR('',#2787,1.);
#2787 = DIRECTION('',(0.,0.,1.));
#2788 = ORIENTED_EDGE('',*,*,#2032,.F.);
#2789 = ORIENTED_EDGE('',*,*,#2783,.F.);
#2790 = CYLINDRICAL_SURFACE('',#2791,0.475);
#2791 = AXIS2_PLACEMENT_3D('',#2792,#2793,#2794);
#2792 = CARTESIAN_POINT('',(115.5,-108.,-4.5E-02));
#2793 = DIRECTION('',(-0.,-0.,-1.));
#2794 = DIRECTION('',(-0.,-1.,0.));
#2795 = ADVANCED_FACE('',(#2796),#2807,.F.);
#2796 = FACE_BOUND('',#2797,.T.);
#2797 = EDGE_LOOP('',(#2798,#2799,#2805,#2806));
#2798 = ORIENTED_EDGE('',*,*,#1390,.T.);
#2799 = ORIENTED_EDGE('',*,*,#2800,.T.);
#2800 = EDGE_CURVE('',#1391,#2044,#2801,.T.);
#2801 = LINE('',#2802,#2803);
#2802 = CARTESIAN_POINT('',(118.,-108.475,-4.5E-02));
#2803 = VECTOR('',#2804,1.);
#2804 = DIRECTION('',(0.,0.,1.));
#2805 = ORIENTED_EDGE('',*,*,#2043,.F.);
#2806 = ORIENTED_EDGE('',*,*,#2800,.F.);
#2807 = CYLINDRICAL_SURFACE('',#2808,0.475);
#2808 = AXIS2_PLACEMENT_3D('',#2809,#2810,#2811);
#2809 = CARTESIAN_POINT('',(118.,-108.,-4.5E-02));
#2810 = DIRECTION('',(-0.,-0.,-1.));
#2811 = DIRECTION('',(-0.,-1.,0.));
#2812 = ADVANCED_FACE('',(#2813),#2824,.F.);
#2813 = FACE_BOUND('',#2814,.T.);
#2814 = EDGE_LOOP('',(#2815,#2816,#2822,#2823));
#2815 = ORIENTED_EDGE('',*,*,#1401,.T.);
#2816 = ORIENTED_EDGE('',*,*,#2817,.T.);
#2817 = EDGE_CURVE('',#1402,#2055,#2818,.T.);
#2818 = LINE('',#2819,#2820);
#2819 = CARTESIAN_POINT('',(128.5,-108.475,-4.5E-02));
#2820 = VECTOR('',#2821,1.);
#2821 = DIRECTION('',(0.,0.,1.));
#2822 = ORIENTED_EDGE('',*,*,#2054,.F.);
#2823 = ORIENTED_EDGE('',*,*,#2817,.F.);
#2824 = CYLINDRICAL_SURFACE('',#2825,0.475);
#2825 = AXIS2_PLACEMENT_3D('',#2826,#2827,#2828);
#2826 = CARTESIAN_POINT('',(128.5,-108.,-4.5E-02));
#2827 = DIRECTION('',(-0.,-0.,-1.));
#2828 = DIRECTION('',(-0.,-1.,0.));
#2829 = ADVANCED_FACE('',(#2830),#2841,.F.);
#2830 = FACE_BOUND('',#2831,.T.);
#2831 = EDGE_LOOP('',(#2832,#2833,#2839,#2840));
#2832 = ORIENTED_EDGE('',*,*,#1412,.T.);
#2833 = ORIENTED_EDGE('',*,*,#2834,.T.);
#2834 = EDGE_CURVE('',#1413,#2066,#2835,.T.);
#2835 = LINE('',#2836,#2837);
#2836 = CARTESIAN_POINT('',(144.,-115.1,-4.5E-02));
#2837 = VECTOR('',#2838,1.);
#2838 = DIRECTION('',(0.,0.,1.));
#2839 = ORIENTED_EDGE('',*,*,#2065,.F.);
#2840 = ORIENTED_EDGE('',*,*,#2834,.F.);
#2841 = CYLINDRICAL_SURFACE('',#2842,1.6);
#2842 = AXIS2_PLACEMENT_3D('',#2843,#2844,#2845);
#2843 = CARTESIAN_POINT('',(144.,-113.5,-4.5E-02));
#2844 = DIRECTION('',(-0.,-0.,-1.));
#2845 = DIRECTION('',(-0.,-1.,0.));
#2846 = ADVANCED_FACE('',(#2847),#2858,.F.);
#2847 = FACE_BOUND('',#2848,.T.);
#2848 = EDGE_LOOP('',(#2849,#2850,#2856,#2857));
#2849 = ORIENTED_EDGE('',*,*,#1423,.T.);
#2850 = ORIENTED_EDGE('',*,*,#2851,.T.);
#2851 = EDGE_CURVE('',#1424,#2077,#2852,.T.);
#2852 = LINE('',#2853,#2854);
#2853 = CARTESIAN_POINT('',(131.,-108.475,-4.5E-02));
#2854 = VECTOR('',#2855,1.);
#2855 = DIRECTION('',(0.,0.,1.));
#2856 = ORIENTED_EDGE('',*,*,#2076,.F.);
#2857 = ORIENTED_EDGE('',*,*,#2851,.F.);
#2858 = CYLINDRICAL_SURFACE('',#2859,0.475);
#2859 = AXIS2_PLACEMENT_3D('',#2860,#2861,#2862);
#2860 = CARTESIAN_POINT('',(131.,-108.,-4.5E-02));
#2861 = DIRECTION('',(-0.,-0.,-1.));
#2862 = DIRECTION('',(-0.,-1.,0.));
#2863 = ADVANCED_FACE('',(#2864),#2875,.F.);
#2864 = FACE_BOUND('',#2865,.T.);
#2865 = EDGE_LOOP('',(#2866,#2867,#2873,#2874));
#2866 = ORIENTED_EDGE('',*,*,#1434,.T.);
#2867 = ORIENTED_EDGE('',*,*,#2868,.T.);
#2868 = EDGE_CURVE('',#1435,#2088,#2869,.T.);
#2869 = LINE('',#2870,#2871);
#2870 = CARTESIAN_POINT('',(133.5,-108.475,-4.5E-02));
#2871 = VECTOR('',#2872,1.);
#2872 = DIRECTION('',(0.,0.,1.));
#2873 = ORIENTED_EDGE('',*,*,#2087,.F.);
#2874 = ORIENTED_EDGE('',*,*,#2868,.F.);
#2875 = CYLINDRICAL_SURFACE('',#2876,0.475);
#2876 = AXIS2_PLACEMENT_3D('',#2877,#2878,#2879);
#2877 = CARTESIAN_POINT('',(133.5,-108.,-4.5E-02));
#2878 = DIRECTION('',(-0.,-0.,-1.));
#2879 = DIRECTION('',(-0.,-1.,0.));
#2880 = ADVANCED_FACE('',(#2881),#2892,.F.);
#2881 = FACE_BOUND('',#2882,.T.);
#2882 = EDGE_LOOP('',(#2883,#2884,#2890,#2891));
#2883 = ORIENTED_EDGE('',*,*,#1445,.T.);
#2884 = ORIENTED_EDGE('',*,*,#2885,.T.);
#2885 = EDGE_CURVE('',#1446,#2099,#2886,.T.);
#2886 = LINE('',#2887,#2888);
#2887 = CARTESIAN_POINT('',(136.,-108.475,-4.5E-02));
#2888 = VECTOR('',#2889,1.);
#2889 = DIRECTION('',(0.,0.,1.));
#2890 = ORIENTED_EDGE('',*,*,#2098,.F.);
#2891 = ORIENTED_EDGE('',*,*,#2885,.F.);
#2892 = CYLINDRICAL_SURFACE('',#2893,0.475);
#2893 = AXIS2_PLACEMENT_3D('',#2894,#2895,#2896);
#2894 = CARTESIAN_POINT('',(136.,-108.,-4.5E-02));
#2895 = DIRECTION('',(-0.,-0.,-1.));
#2896 = DIRECTION('',(-0.,-1.,0.));
#2897 = ADVANCED_FACE('',(#2898),#2909,.F.);
#2898 = FACE_BOUND('',#2899,.T.);
#2899 = EDGE_LOOP('',(#2900,#2901,#2907,#2908));
#2900 = ORIENTED_EDGE('',*,*,#1456,.T.);
#2901 = ORIENTED_EDGE('',*,*,#2902,.T.);
#2902 = EDGE_CURVE('',#1457,#2110,#2903,.T.);
#2903 = LINE('',#2904,#2905);
#2904 = CARTESIAN_POINT('',(113.,-94.475,-4.5E-02));
#2905 = VECTOR('',#2906,1.);
#2906 = DIRECTION('',(0.,0.,1.));
#2907 = ORIENTED_EDGE('',*,*,#2109,.F.);
#2908 = ORIENTED_EDGE('',*,*,#2902,.F.);
#2909 = CYLINDRICAL_SURFACE('',#2910,0.475);
#2910 = AXIS2_PLACEMENT_3D('',#2911,#2912,#2913);
#2911 = CARTESIAN_POINT('',(113.,-94.,-4.5E-02));
#2912 = DIRECTION('',(-0.,-0.,-1.));
#2913 = DIRECTION('',(-0.,-1.,0.));
#2914 = ADVANCED_FACE('',(#2915),#2926,.F.);
#2915 = FACE_BOUND('',#2916,.T.);
#2916 = EDGE_LOOP('',(#2917,#2918,#2924,#2925));
#2917 = ORIENTED_EDGE('',*,*,#1467,.T.);
#2918 = ORIENTED_EDGE('',*,*,#2919,.T.);
#2919 = EDGE_CURVE('',#1468,#2121,#2920,.T.);
#2920 = LINE('',#2921,#2922);
#2921 = CARTESIAN_POINT('',(115.5,-94.475,-4.5E-02));
#2922 = VECTOR('',#2923,1.);
#2923 = DIRECTION('',(0.,0.,1.));
#2924 = ORIENTED_EDGE('',*,*,#2120,.F.);
#2925 = ORIENTED_EDGE('',*,*,#2919,.F.);
#2926 = CYLINDRICAL_SURFACE('',#2927,0.475);
#2927 = AXIS2_PLACEMENT_3D('',#2928,#2929,#2930);
#2928 = CARTESIAN_POINT('',(115.5,-94.,-4.5E-02));
#2929 = DIRECTION('',(-0.,-0.,-1.));
#2930 = DIRECTION('',(-0.,-1.,0.));
#2931 = ADVANCED_FACE('',(#2932),#2943,.F.);
#2932 = FACE_BOUND('',#2933,.T.);
#2933 = EDGE_LOOP('',(#2934,#2935,#2941,#2942));
#2934 = ORIENTED_EDGE('',*,*,#1478,.T.);
#2935 = ORIENTED_EDGE('',*,*,#2936,.T.);
#2936 = EDGE_CURVE('',#1479,#2132,#2937,.T.);
#2937 = LINE('',#2938,#2939);
#2938 = CARTESIAN_POINT('',(118.,-94.475,-4.5E-02));
#2939 = VECTOR('',#2940,1.);
#2940 = DIRECTION('',(0.,0.,1.));
#2941 = ORIENTED_EDGE('',*,*,#2131,.F.);
#2942 = ORIENTED_EDGE('',*,*,#2936,.F.);
#2943 = CYLINDRICAL_SURFACE('',#2944,0.475);
#2944 = AXIS2_PLACEMENT_3D('',#2945,#2946,#2947);
#2945 = CARTESIAN_POINT('',(118.,-94.,-4.5E-02));
#2946 = DIRECTION('',(-0.,-0.,-1.));
#2947 = DIRECTION('',(-0.,-1.,0.));
#2948 = ADVANCED_FACE('',(#2949),#2960,.F.);
#2949 = FACE_BOUND('',#2950,.T.);
#2950 = EDGE_LOOP('',(#2951,#2952,#2958,#2959));
#2951 = ORIENTED_EDGE('',*,*,#1489,.T.);
#2952 = ORIENTED_EDGE('',*,*,#2953,.T.);
#2953 = EDGE_CURVE('',#1490,#2143,#2954,.T.);
#2954 = LINE('',#2955,#2956);
#2955 = CARTESIAN_POINT('',(127.,-96.6,-4.5E-02));
#2956 = VECTOR('',#2957,1.);
#2957 = DIRECTION('',(0.,0.,1.));
#2958 = ORIENTED_EDGE('',*,*,#2142,.F.);
#2959 = ORIENTED_EDGE('',*,*,#2953,.F.);
#2960 = CYLINDRICAL_SURFACE('',#2961,0.6);
#2961 = AXIS2_PLACEMENT_3D('',#2962,#2963,#2964);
#2962 = CARTESIAN_POINT('',(127.,-96.,-4.5E-02));
#2963 = DIRECTION('',(-0.,-0.,-1.));
#2964 = DIRECTION('',(-0.,-1.,0.));
#2965 = ADVANCED_FACE('',(#2966),#2977,.F.);
#2966 = FACE_BOUND('',#2967,.T.);
#2967 = EDGE_LOOP('',(#2968,#2969,#2975,#2976));
#2968 = ORIENTED_EDGE('',*,*,#1500,.T.);
#2969 = ORIENTED_EDGE('',*,*,#2970,.T.);
#2970 = EDGE_CURVE('',#1501,#2154,#2971,.T.);
#2971 = LINE('',#2972,#2973);
#2972 = CARTESIAN_POINT('',(128.6,-94.475,-4.5E-02));
#2973 = VECTOR('',#2974,1.);
#2974 = DIRECTION('',(0.,0.,1.));
#2975 = ORIENTED_EDGE('',*,*,#2153,.F.);
#2976 = ORIENTED_EDGE('',*,*,#2970,.F.);
#2977 = CYLINDRICAL_SURFACE('',#2978,0.475);
#2978 = AXIS2_PLACEMENT_3D('',#2979,#2980,#2981);
#2979 = CARTESIAN_POINT('',(128.6,-94.,-4.5E-02));
#2980 = DIRECTION('',(-0.,-0.,-1.));
#2981 = DIRECTION('',(-0.,-1.,0.));
#2982 = ADVANCED_FACE('',(#2983),#2994,.F.);
#2983 = FACE_BOUND('',#2984,.T.);
#2984 = EDGE_LOOP('',(#2985,#2986,#2992,#2993));
#2985 = ORIENTED_EDGE('',*,*,#1511,.T.);
#2986 = ORIENTED_EDGE('',*,*,#2987,.T.);
#2987 = EDGE_CURVE('',#1512,#2165,#2988,.T.);
#2988 = LINE('',#2989,#2990);
#2989 = CARTESIAN_POINT('',(131.1,-94.475,-4.5E-02));
#2990 = VECTOR('',#2991,1.);
#2991 = DIRECTION('',(0.,0.,1.));
#2992 = ORIENTED_EDGE('',*,*,#2164,.F.);
#2993 = ORIENTED_EDGE('',*,*,#2987,.F.);
#2994 = CYLINDRICAL_SURFACE('',#2995,0.475);
#2995 = AXIS2_PLACEMENT_3D('',#2996,#2997,#2998);
#2996 = CARTESIAN_POINT('',(131.1,-94.,-4.5E-02));
#2997 = DIRECTION('',(-0.,-0.,-1.));
#2998 = DIRECTION('',(-0.,-1.,0.));
#2999 = ADVANCED_FACE('',(#3000),#3011,.F.);
#3000 = FACE_BOUND('',#3001,.T.);
#3001 = EDGE_LOOP('',(#3002,#3003,#3009,#3010));
#3002 = ORIENTED_EDGE('',*,*,#1522,.T.);
#3003 = ORIENTED_EDGE('',*,*,#3004,.T.);
#3004 = EDGE_CURVE('',#1523,#2176,#3005,.T.);
#3005 = LINE('',#3006,#3007);
#3006 = CARTESIAN_POINT('',(133.6,-94.475,-4.5E-02));
#3007 = VECTOR('',#3008,1.);
#3008 = DIRECTION('',(0.,0.,1.));
#3009 = ORIENTED_EDGE('',*,*,#2175,.F.);
#3010 = ORIENTED_EDGE('',*,*,#3004,.F.);
#3011 = CYLINDRICAL_SURFACE('',#3012,0.475);
#3012 = AXIS2_PLACEMENT_3D('',#3013,#3014,#3015);
#3013 = CARTESIAN_POINT('',(133.6,-94.,-4.5E-02));
#3014 = DIRECTION('',(-0.,-0.,-1.));
#3015 = DIRECTION('',(-0.,-1.,0.));
#3016 = ADVANCED_FACE('',(#3017),#3028,.F.);
#3017 = FACE_BOUND('',#3018,.T.);
#3018 = EDGE_LOOP('',(#3019,#3020,#3026,#3027));
#3019 = ORIENTED_EDGE('',*,*,#1533,.T.);
#3020 = ORIENTED_EDGE('',*,*,#3021,.T.);
#3021 = EDGE_CURVE('',#1534,#2187,#3022,.T.);
#3022 = LINE('',#3023,#3024);
#3023 = CARTESIAN_POINT('',(136.1,-94.475,-4.5E-02));
#3024 = VECTOR('',#3025,1.);
#3025 = DIRECTION('',(0.,0.,1.));
#3026 = ORIENTED_EDGE('',*,*,#2186,.F.);
#3027 = ORIENTED_EDGE('',*,*,#3021,.F.);
#3028 = CYLINDRICAL_SURFACE('',#3029,0.475);
#3029 = AXIS2_PLACEMENT_3D('',#3030,#3031,#3032);
#3030 = CARTESIAN_POINT('',(136.1,-94.,-4.5E-02));
#3031 = DIRECTION('',(-0.,-0.,-1.));
#3032 = DIRECTION('',(-0.,-1.,0.));
#3033 = ADVANCED_FACE('',(#3034),#3045,.F.);
#3034 = FACE_BOUND('',#3035,.T.);
#3035 = EDGE_LOOP('',(#3036,#3037,#3043,#3044));
#3036 = ORIENTED_EDGE('',*,*,#1544,.T.);
#3037 = ORIENTED_EDGE('',*,*,#3038,.T.);
#3038 = EDGE_CURVE('',#1545,#2198,#3039,.T.);
#3039 = LINE('',#3040,#3041);
#3040 = CARTESIAN_POINT('',(85.26,-91.801,-4.5E-02));
#3041 = VECTOR('',#3042,1.);
#3042 = DIRECTION('',(0.,0.,1.));
#3043 = ORIENTED_EDGE('',*,*,#2197,.F.);
#3044 = ORIENTED_EDGE('',*,*,#3038,.F.);
#3045 = CYLINDRICAL_SURFACE('',#3046,0.381);
#3046 = AXIS2_PLACEMENT_3D('',#3047,#3048,#3049);
#3047 = CARTESIAN_POINT('',(85.26,-91.42,-4.5E-02));
#3048 = DIRECTION('',(-0.,-0.,-1.));
#3049 = DIRECTION('',(-0.,-1.,0.));
#3050 = ADVANCED_FACE('',(#3051),#3062,.F.);
#3051 = FACE_BOUND('',#3052,.T.);
#3052 = EDGE_LOOP('',(#3053,#3054,#3060,#3061));
#3053 = ORIENTED_EDGE('',*,*,#1555,.T.);
#3054 = ORIENTED_EDGE('',*,*,#3055,.T.);
#3055 = EDGE_CURVE('',#1556,#2209,#3056,.T.);
#3056 = LINE('',#3057,#3058);
#3057 = CARTESIAN_POINT('',(85.26,-89.261,-4.5E-02));
#3058 = VECTOR('',#3059,1.);
#3059 = DIRECTION('',(0.,0.,1.));
#3060 = ORIENTED_EDGE('',*,*,#2208,.F.);
#3061 = ORIENTED_EDGE('',*,*,#3055,.F.);
#3062 = CYLINDRICAL_SURFACE('',#3063,0.381);
#3063 = AXIS2_PLACEMENT_3D('',#3064,#3065,#3066);
#3064 = CARTESIAN_POINT('',(85.26,-88.88,-4.5E-02));
#3065 = DIRECTION('',(-0.,-0.,-1.));
#3066 = DIRECTION('',(-0.,-1.,0.));
#3067 = ADVANCED_FACE('',(#3068),#3079,.F.);
#3068 = FACE_BOUND('',#3069,.T.);
#3069 = EDGE_LOOP('',(#3070,#3071,#3077,#3078));
#3070 = ORIENTED_EDGE('',*,*,#1566,.T.);
#3071 = ORIENTED_EDGE('',*,*,#3072,.T.);
#3072 = EDGE_CURVE('',#1567,#2220,#3073,.T.);
#3073 = LINE('',#3074,#3075);
#3074 = CARTESIAN_POINT('',(85.26,-86.721,-4.5E-02));
#3075 = VECTOR('',#3076,1.);
#3076 = DIRECTION('',(0.,0.,1.));
#3077 = ORIENTED_EDGE('',*,*,#2219,.F.);
#3078 = ORIENTED_EDGE('',*,*,#3072,.F.);
#3079 = CYLINDRICAL_SURFACE('',#3080,0.381);
#3080 = AXIS2_PLACEMENT_3D('',#3081,#3082,#3083);
#3081 = CARTESIAN_POINT('',(85.26,-86.34,-4.5E-02));
#3082 = DIRECTION('',(-0.,-0.,-1.));
#3083 = DIRECTION('',(-0.,-1.,0.));
#3084 = ADVANCED_FACE('',(#3085),#3096,.F.);
#3085 = FACE_BOUND('',#3086,.T.);
#3086 = EDGE_LOOP('',(#3087,#3088,#3094,#3095));
#3087 = ORIENTED_EDGE('',*,*,#1577,.T.);
#3088 = ORIENTED_EDGE('',*,*,#3089,.T.);
#3089 = EDGE_CURVE('',#1578,#2231,#3090,.T.);
#3090 = LINE('',#3091,#3092);
#3091 = CARTESIAN_POINT('',(100.5,-91.801,-4.5E-02));
#3092 = VECTOR('',#3093,1.);
#3093 = DIRECTION('',(0.,0.,1.));
#3094 = ORIENTED_EDGE('',*,*,#2230,.F.);
#3095 = ORIENTED_EDGE('',*,*,#3089,.F.);
#3096 = CYLINDRICAL_SURFACE('',#3097,0.381);
#3097 = AXIS2_PLACEMENT_3D('',#3098,#3099,#3100);
#3098 = CARTESIAN_POINT('',(100.5,-91.42,-4.5E-02));
#3099 = DIRECTION('',(-0.,-0.,-1.));
#3100 = DIRECTION('',(-0.,-1.,0.));
#3101 = ADVANCED_FACE('',(#3102),#3113,.F.);
#3102 = FACE_BOUND('',#3103,.T.);
#3103 = EDGE_LOOP('',(#3104,#3105,#3111,#3112));
#3104 = ORIENTED_EDGE('',*,*,#1588,.T.);
#3105 = ORIENTED_EDGE('',*,*,#3106,.T.);
#3106 = EDGE_CURVE('',#1589,#2242,#3107,.T.);
#3107 = LINE('',#3108,#3109);
#3108 = CARTESIAN_POINT('',(100.5,-89.261,-4.5E-02));
#3109 = VECTOR('',#3110,1.);
#3110 = DIRECTION('',(0.,0.,1.));
#3111 = ORIENTED_EDGE('',*,*,#2241,.F.);
#3112 = ORIENTED_EDGE('',*,*,#3106,.F.);
#3113 = CYLINDRICAL_SURFACE('',#3114,0.381);
#3114 = AXIS2_PLACEMENT_3D('',#3115,#3116,#3117);
#3115 = CARTESIAN_POINT('',(100.5,-88.88,-4.5E-02));
#3116 = DIRECTION('',(-0.,-0.,-1.));
#3117 = DIRECTION('',(-0.,-1.,0.));
#3118 = ADVANCED_FACE('',(#3119),#3130,.F.);
#3119 = FACE_BOUND('',#3120,.T.);
#3120 = EDGE_LOOP('',(#3121,#3122,#3128,#3129));
#3121 = ORIENTED_EDGE('',*,*,#1599,.T.);
#3122 = ORIENTED_EDGE('',*,*,#3123,.T.);
#3123 = EDGE_CURVE('',#1600,#2253,#3124,.T.);
#3124 = LINE('',#3125,#3126);
#3125 = CARTESIAN_POINT('',(100.5,-86.721,-4.5E-02));
#3126 = VECTOR('',#3127,1.);
#3127 = DIRECTION('',(0.,0.,1.));
#3128 = ORIENTED_EDGE('',*,*,#2252,.F.);
#3129 = ORIENTED_EDGE('',*,*,#3123,.F.);
#3130 = CYLINDRICAL_SURFACE('',#3131,0.381);
#3131 = AXIS2_PLACEMENT_3D('',#3132,#3133,#3134);
#3132 = CARTESIAN_POINT('',(100.5,-86.34,-4.5E-02));
#3133 = DIRECTION('',(-0.,-0.,-1.));
#3134 = DIRECTION('',(-0.,-1.,0.));
#3135 = ADVANCED_FACE('',(#3136),#3147,.F.);
#3136 = FACE_BOUND('',#3137,.T.);
#3137 = EDGE_LOOP('',(#3138,#3139,#3145,#3146));
#3138 = ORIENTED_EDGE('',*,*,#1610,.T.);
#3139 = ORIENTED_EDGE('',*,*,#3140,.T.);
#3140 = EDGE_CURVE('',#1611,#2264,#3141,.T.);
#3141 = LINE('',#3142,#3143);
#3142 = CARTESIAN_POINT('',(91.,-79.9,-4.5E-02));
#3143 = VECTOR('',#3144,1.);
#3144 = DIRECTION('',(0.,0.,1.));
#3145 = ORIENTED_EDGE('',*,*,#2263,.F.);
#3146 = ORIENTED_EDGE('',*,*,#3140,.F.);
#3147 = CYLINDRICAL_SURFACE('',#3148,0.4);
#3148 = AXIS2_PLACEMENT_3D('',#3149,#3150,#3151);
#3149 = CARTESIAN_POINT('',(91.,-79.5,-4.5E-02));
#3150 = DIRECTION('',(-0.,-0.,-1.));
#3151 = DIRECTION('',(-0.,-1.,0.));
#3152 = ADVANCED_FACE('',(#3153),#3164,.F.);
#3153 = FACE_BOUND('',#3154,.T.);
#3154 = EDGE_LOOP('',(#3155,#3156,#3162,#3163));
#3155 = ORIENTED_EDGE('',*,*,#1621,.T.);
#3156 = ORIENTED_EDGE('',*,*,#3157,.T.);
#3157 = EDGE_CURVE('',#1622,#2275,#3158,.T.);
#3158 = LINE('',#3159,#3160);
#3159 = CARTESIAN_POINT('',(79.,-75.1,-4.5E-02));
#3160 = VECTOR('',#3161,1.);
#3161 = DIRECTION('',(0.,0.,1.));
#3162 = ORIENTED_EDGE('',*,*,#2274,.F.);
#3163 = ORIENTED_EDGE('',*,*,#3157,.F.);
#3164 = CYLINDRICAL_SURFACE('',#3165,1.6);
#3165 = AXIS2_PLACEMENT_3D('',#3166,#3167,#3168);
#3166 = CARTESIAN_POINT('',(79.,-73.5,-4.5E-02));
#3167 = DIRECTION('',(-0.,-0.,-1.));
#3168 = DIRECTION('',(-0.,-1.,0.));
#3169 = ADVANCED_FACE('',(#3170),#3181,.F.);
#3170 = FACE_BOUND('',#3171,.T.);
#3171 = EDGE_LOOP('',(#3172,#3173,#3179,#3180));
#3172 = ORIENTED_EDGE('',*,*,#1632,.T.);
#3173 = ORIENTED_EDGE('',*,*,#3174,.T.);
#3174 = EDGE_CURVE('',#1633,#2286,#3175,.T.);
#3175 = LINE('',#3176,#3177);
#3176 = CARTESIAN_POINT('',(91.,-77.4,-4.5E-02));
#3177 = VECTOR('',#3178,1.);
#3178 = DIRECTION('',(0.,0.,1.));
#3179 = ORIENTED_EDGE('',*,*,#2285,.F.);
#3180 = ORIENTED_EDGE('',*,*,#3174,.F.);
#3181 = CYLINDRICAL_SURFACE('',#3182,0.4);
#3182 = AXIS2_PLACEMENT_3D('',#3183,#3184,#3185);
#3183 = CARTESIAN_POINT('',(91.,-77.,-4.5E-02));
#3184 = DIRECTION('',(-0.,-0.,-1.));
#3185 = DIRECTION('',(-0.,-1.,0.));
#3186 = ADVANCED_FACE('',(#3187),#3198,.F.);
#3187 = FACE_BOUND('',#3188,.T.);
#3188 = EDGE_LOOP('',(#3189,#3190,#3196,#3197));
#3189 = ORIENTED_EDGE('',*,*,#1643,.T.);
#3190 = ORIENTED_EDGE('',*,*,#3191,.T.);
#3191 = EDGE_CURVE('',#1644,#2297,#3192,.T.);
#3192 = LINE('',#3193,#3194);
#3193 = CARTESIAN_POINT('',(99.,-79.9,-4.5E-02));
#3194 = VECTOR('',#3195,1.);
#3195 = DIRECTION('',(0.,0.,1.));
#3196 = ORIENTED_EDGE('',*,*,#2296,.F.);
#3197 = ORIENTED_EDGE('',*,*,#3191,.F.);
#3198 = CYLINDRICAL_SURFACE('',#3199,0.4);
#3199 = AXIS2_PLACEMENT_3D('',#3200,#3201,#3202);
#3200 = CARTESIAN_POINT('',(99.,-79.5,-4.5E-02));
#3201 = DIRECTION('',(-0.,-0.,-1.));
#3202 = DIRECTION('',(-0.,-1.,0.));
#3203 = ADVANCED_FACE('',(#3204),#3215,.F.);
#3204 = FACE_BOUND('',#3205,.T.);
#3205 = EDGE_LOOP('',(#3206,#3207,#3213,#3214));
#3206 = ORIENTED_EDGE('',*,*,#1654,.T.);
#3207 = ORIENTED_EDGE('',*,*,#3208,.T.);
#3208 = EDGE_CURVE('',#1655,#2308,#3209,.T.);
#3209 = LINE('',#3210,#3211);
#3210 = CARTESIAN_POINT('',(99.,-77.4,-4.5E-02));
#3211 = VECTOR('',#3212,1.);
#3212 = DIRECTION('',(0.,0.,1.));
#3213 = ORIENTED_EDGE('',*,*,#2307,.F.);
#3214 = ORIENTED_EDGE('',*,*,#3208,.F.);
#3215 = CYLINDRICAL_SURFACE('',#3216,0.4);
#3216 = AXIS2_PLACEMENT_3D('',#3217,#3218,#3219);
#3217 = CARTESIAN_POINT('',(99.,-77.,-4.5E-02));
#3218 = DIRECTION('',(-0.,-0.,-1.));
#3219 = DIRECTION('',(-0.,-1.,0.));
#3220 = ADVANCED_FACE('',(#3221),#3232,.F.);
#3221 = FACE_BOUND('',#3222,.T.);
#3222 = EDGE_LOOP('',(#3223,#3224,#3230,#3231));
#3223 = ORIENTED_EDGE('',*,*,#1665,.T.);
#3224 = ORIENTED_EDGE('',*,*,#3225,.T.);
#3225 = EDGE_CURVE('',#1666,#2319,#3226,.T.);
#3226 = LINE('',#3227,#3228);
#3227 = CARTESIAN_POINT('',(106.46,-77.2,-4.5E-02));
#3228 = VECTOR('',#3229,1.);
#3229 = DIRECTION('',(0.,0.,1.));
#3230 = ORIENTED_EDGE('',*,*,#2318,.F.);
#3231 = ORIENTED_EDGE('',*,*,#3225,.F.);
#3232 = CYLINDRICAL_SURFACE('',#3233,0.475);
#3233 = AXIS2_PLACEMENT_3D('',#3234,#3235,#3236);
#3234 = CARTESIAN_POINT('',(106.46,-76.725,-4.5E-02));
#3235 = DIRECTION('',(-0.,-0.,-1.));
#3236 = DIRECTION('',(-2.991758887411E-14,-1.,0.));
#3237 = ADVANCED_FACE('',(#3238),#3249,.F.);
#3238 = FACE_BOUND('',#3239,.T.);
#3239 = EDGE_LOOP('',(#3240,#3241,#3247,#3248));
#3240 = ORIENTED_EDGE('',*,*,#1676,.T.);
#3241 = ORIENTED_EDGE('',*,*,#3242,.T.);
#3242 = EDGE_CURVE('',#1677,#2330,#3243,.T.);
#3243 = LINE('',#3244,#3245);
#3244 = CARTESIAN_POINT('',(109.,-77.2,-4.5E-02));
#3245 = VECTOR('',#3246,1.);
#3246 = DIRECTION('',(0.,0.,1.));
#3247 = ORIENTED_EDGE('',*,*,#2329,.F.);
#3248 = ORIENTED_EDGE('',*,*,#3242,.F.);
#3249 = CYLINDRICAL_SURFACE('',#3250,0.475);
#3250 = AXIS2_PLACEMENT_3D('',#3251,#3252,#3253);
#3251 = CARTESIAN_POINT('',(109.,-76.725,-4.5E-02));
#3252 = DIRECTION('',(-0.,-0.,-1.));
#3253 = DIRECTION('',(-0.,-1.,0.));
#3254 = ADVANCED_FACE('',(#3255),#3271,.F.);
#3255 = FACE_BOUND('',#3256,.T.);
#3256 = EDGE_LOOP('',(#3257,#3258,#3264,#3265));
#3257 = ORIENTED_EDGE('',*,*,#1687,.T.);
#3258 = ORIENTED_EDGE('',*,*,#3259,.T.);
#3259 = EDGE_CURVE('',#1690,#2343,#3260,.T.);
#3260 = LINE('',#3261,#3262);
#3261 = CARTESIAN_POINT('',(127.45,-85.9,-4.5E-02));
#3262 = VECTOR('',#3263,1.);
#3263 = DIRECTION('',(0.,0.,1.));
#3264 = ORIENTED_EDGE('',*,*,#2340,.F.);
#3265 = ORIENTED_EDGE('',*,*,#3266,.F.);
#3266 = EDGE_CURVE('',#1688,#2341,#3267,.T.);
#3267 = LINE('',#3268,#3269);
#3268 = CARTESIAN_POINT('',(128.45,-85.9,-4.5E-02));
#3269 = VECTOR('',#3270,1.);
#3270 = DIRECTION('',(0.,0.,1.));
#3271 = CYLINDRICAL_SURFACE('',#3272,0.5);
#3272 = AXIS2_PLACEMENT_3D('',#3273,#3274,#3275);
#3273 = CARTESIAN_POINT('',(127.95,-85.9,-4.5E-02));
#3274 = DIRECTION('',(-0.,-0.,-1.));
#3275 = DIRECTION('',(-1.,2.84217094304E-14,-0.));
#3276 = ADVANCED_FACE('',(#3277),#3288,.T.);
#3277 = FACE_BOUND('',#3278,.T.);
#3278 = EDGE_LOOP('',(#3279,#3280,#3281,#3282));
#3279 = ORIENTED_EDGE('',*,*,#1715,.T.);
#3280 = ORIENTED_EDGE('',*,*,#3266,.T.);
#3281 = ORIENTED_EDGE('',*,*,#2368,.F.);
#3282 = ORIENTED_EDGE('',*,*,#3283,.F.);
#3283 = EDGE_CURVE('',#1707,#2360,#3284,.T.);
#3284 = LINE('',#3285,#3286);
#3285 = CARTESIAN_POINT('',(128.45,-83.9,-4.5E-02));
#3286 = VECTOR('',#3287,1.);
#3287 = DIRECTION('',(0.,0.,1.));
#3288 = PLANE('',#3289);
#3289 = AXIS2_PLACEMENT_3D('',#3290,#3291,#3292);
#3290 = CARTESIAN_POINT('',(128.45,-85.9,-4.5E-02));
#3291 = DIRECTION('',(-1.,0.,0.));
#3292 = DIRECTION('',(0.,1.,0.));
#3293 = ADVANCED_FACE('',(#3294),#3305,.F.);
#3294 = FACE_BOUND('',#3295,.T.);
#3295 = EDGE_LOOP('',(#3296,#3297,#3298,#3299));
#3296 = ORIENTED_EDGE('',*,*,#1706,.T.);
#3297 = ORIENTED_EDGE('',*,*,#3283,.T.);
#3298 = ORIENTED_EDGE('',*,*,#2359,.F.);
#3299 = ORIENTED_EDGE('',*,*,#3300,.F.);
#3300 = EDGE_CURVE('',#1699,#2352,#3301,.T.);
#3301 = LINE('',#3302,#3303);
#3302 = CARTESIAN_POINT('',(127.45,-83.9,-4.5E-02));
#3303 = VECTOR('',#3304,1.);
#3304 = DIRECTION('',(0.,0.,1.));
#3305 = CYLINDRICAL_SURFACE('',#3306,0.5);
#3306 = AXIS2_PLACEMENT_3D('',#3307,#3308,#3309);
#3307 = CARTESIAN_POINT('',(127.95,-83.9,-4.5E-02));
#3308 = DIRECTION('',(-0.,-0.,-1.));
#3309 = DIRECTION('',(1.,-2.84217094304E-14,0.));
#3310 = ADVANCED_FACE('',(#3311),#3317,.T.);
#3311 = FACE_BOUND('',#3312,.T.);
#3312 = EDGE_LOOP('',(#3313,#3314,#3315,#3316));
#3313 = ORIENTED_EDGE('',*,*,#1698,.T.);
#3314 = ORIENTED_EDGE('',*,*,#3300,.T.);
#3315 = ORIENTED_EDGE('',*,*,#2351,.F.);
#3316 = ORIENTED_EDGE('',*,*,#3259,.F.);
#3317 = PLANE('',#3318);
#3318 = AXIS2_PLACEMENT_3D('',#3319,#3320,#3321);
#3319 = CARTESIAN_POINT('',(127.45,-83.9,-4.5E-02));
#3320 = DIRECTION('',(1.,0.,-0.));
#3321 = DIRECTION('',(0.,-1.,0.));
#3322 = ADVANCED_FACE('',(#3323),#3339,.F.);
#3323 = FACE_BOUND('',#3324,.T.);
#3324 = EDGE_LOOP('',(#3325,#3326,#3332,#3333));
#3325 = ORIENTED_EDGE('',*,*,#1723,.T.);
#3326 = ORIENTED_EDGE('',*,*,#3327,.T.);
#3327 = EDGE_CURVE('',#1726,#2379,#3328,.T.);
#3328 = LINE('',#3329,#3330);
#3329 = CARTESIAN_POINT('',(133.55,-85.9,-4.5E-02));
#3330 = VECTOR('',#3331,1.);
#3331 = DIRECTION('',(0.,0.,1.));
#3332 = ORIENTED_EDGE('',*,*,#2376,.F.);
#3333 = ORIENTED_EDGE('',*,*,#3334,.F.);
#3334 = EDGE_CURVE('',#1724,#2377,#3335,.T.);
#3335 = LINE('',#3336,#3337);
#3336 = CARTESIAN_POINT('',(134.55,-85.9,-4.5E-02));
#3337 = VECTOR('',#3338,1.);
#3338 = DIRECTION('',(0.,0.,1.));
#3339 = CYLINDRICAL_SURFACE('',#3340,0.5);
#3340 = AXIS2_PLACEMENT_3D('',#3341,#3342,#3343);
#3341 = CARTESIAN_POINT('',(134.05,-85.9,-4.5E-02));
#3342 = DIRECTION('',(-0.,-0.,-1.));
#3343 = DIRECTION('',(-1.,0.,-0.));
#3344 = ADVANCED_FACE('',(#3345),#3356,.T.);
#3345 = FACE_BOUND('',#3346,.T.);
#3346 = EDGE_LOOP('',(#3347,#3348,#3349,#3350));
#3347 = ORIENTED_EDGE('',*,*,#1751,.T.);
#3348 = ORIENTED_EDGE('',*,*,#3334,.T.);
#3349 = ORIENTED_EDGE('',*,*,#2404,.F.);
#3350 = ORIENTED_EDGE('',*,*,#3351,.F.);
#3351 = EDGE_CURVE('',#1743,#2396,#3352,.T.);
#3352 = LINE('',#3353,#3354);
#3353 = CARTESIAN_POINT('',(134.55,-83.9,-4.5E-02));
#3354 = VECTOR('',#3355,1.);
#3355 = DIRECTION('',(0.,0.,1.));
#3356 = PLANE('',#3357);
#3357 = AXIS2_PLACEMENT_3D('',#3358,#3359,#3360);
#3358 = CARTESIAN_POINT('',(134.55,-85.9,-4.5E-02));
#3359 = DIRECTION('',(-1.,0.,0.));
#3360 = DIRECTION('',(0.,1.,0.));
#3361 = ADVANCED_FACE('',(#3362),#3373,.F.);
#3362 = FACE_BOUND('',#3363,.T.);
#3363 = EDGE_LOOP('',(#3364,#3365,#3366,#3367));
#3364 = ORIENTED_EDGE('',*,*,#1742,.T.);
#3365 = ORIENTED_EDGE('',*,*,#3351,.T.);
#3366 = ORIENTED_EDGE('',*,*,#2395,.F.);
#3367 = ORIENTED_EDGE('',*,*,#3368,.F.);
#3368 = EDGE_CURVE('',#1735,#2388,#3369,.T.);
#3369 = LINE('',#3370,#3371);
#3370 = CARTESIAN_POINT('',(133.55,-83.9,-4.5E-02));
#3371 = VECTOR('',#3372,1.);
#3372 = DIRECTION('',(0.,0.,1.));
#3373 = CYLINDRICAL_SURFACE('',#3374,0.5);
#3374 = AXIS2_PLACEMENT_3D('',#3375,#3376,#3377);
#3375 = CARTESIAN_POINT('',(134.05,-83.9,-4.5E-02));
#3376 = DIRECTION('',(-0.,-0.,-1.));
#3377 = DIRECTION('',(1.,0.,-0.));
#3378 = ADVANCED_FACE('',(#3379),#3385,.T.);
#3379 = FACE_BOUND('',#3380,.T.);
#3380 = EDGE_LOOP('',(#3381,#3382,#3383,#3384));
#3381 = ORIENTED_EDGE('',*,*,#1734,.T.);
#3382 = ORIENTED_EDGE('',*,*,#3368,.T.);
#3383 = ORIENTED_EDGE('',*,*,#2387,.F.);
#3384 = ORIENTED_EDGE('',*,*,#3327,.F.);
#3385 = PLANE('',#3386);
#3386 = AXIS2_PLACEMENT_3D('',#3387,#3388,#3389);
#3387 = CARTESIAN_POINT('',(133.55,-83.9,-4.5E-02));
#3388 = DIRECTION('',(1.,0.,-0.));
#3389 = DIRECTION('',(0.,-1.,0.));
#3390 = ADVANCED_FACE('',(#3391),#3402,.F.);
#3391 = FACE_BOUND('',#3392,.T.);
#3392 = EDGE_LOOP('',(#3393,#3394,#3400,#3401));
#3393 = ORIENTED_EDGE('',*,*,#1759,.T.);
#3394 = ORIENTED_EDGE('',*,*,#3395,.T.);
#3395 = EDGE_CURVE('',#1760,#2413,#3396,.T.);
#3396 = LINE('',#3397,#3398);
#3397 = CARTESIAN_POINT('',(120.,-79.9,-4.5E-02));
#3398 = VECTOR('',#3399,1.);
#3399 = DIRECTION('',(0.,0.,1.));
#3400 = ORIENTED_EDGE('',*,*,#2412,.F.);
#3401 = ORIENTED_EDGE('',*,*,#3395,.F.);
#3402 = CYLINDRICAL_SURFACE('',#3403,0.4);
#3403 = AXIS2_PLACEMENT_3D('',#3404,#3405,#3406);
#3404 = CARTESIAN_POINT('',(120.,-79.5,-4.5E-02));
#3405 = DIRECTION('',(-0.,-0.,-1.));
#3406 = DIRECTION('',(-0.,-1.,0.));
#3407 = ADVANCED_FACE('',(#3408),#3419,.F.);
#3408 = FACE_BOUND('',#3409,.T.);
#3409 = EDGE_LOOP('',(#3410,#3411,#3417,#3418));
#3410 = ORIENTED_EDGE('',*,*,#1770,.T.);
#3411 = ORIENTED_EDGE('',*,*,#3412,.T.);
#3412 = EDGE_CURVE('',#1771,#2424,#3413,.T.);
#3413 = LINE('',#3414,#3415);
#3414 = CARTESIAN_POINT('',(111.54,-77.2,-4.5E-02));
#3415 = VECTOR('',#3416,1.);
#3416 = DIRECTION('',(0.,0.,1.));
#3417 = ORIENTED_EDGE('',*,*,#2423,.F.);
#3418 = ORIENTED_EDGE('',*,*,#3412,.F.);
#3419 = CYLINDRICAL_SURFACE('',#3420,0.475);
#3420 = AXIS2_PLACEMENT_3D('',#3421,#3422,#3423);
#3421 = CARTESIAN_POINT('',(111.54,-76.725,-4.5E-02));
#3422 = DIRECTION('',(-0.,0.,-1.));
#3423 = DIRECTION('',(2.991758887411E-14,-1.,-0.));
#3424 = ADVANCED_FACE('',(#3425),#3436,.F.);
#3425 = FACE_BOUND('',#3426,.T.);
#3426 = EDGE_LOOP('',(#3427,#3428,#3434,#3435));
#3427 = ORIENTED_EDGE('',*,*,#1781,.T.);
#3428 = ORIENTED_EDGE('',*,*,#3429,.T.);
#3429 = EDGE_CURVE('',#1782,#2435,#3430,.T.);
#3430 = LINE('',#3431,#3432);
#3431 = CARTESIAN_POINT('',(120.,-77.4,-4.5E-02));
#3432 = VECTOR('',#3433,1.);
#3433 = DIRECTION('',(0.,0.,1.));
#3434 = ORIENTED_EDGE('',*,*,#2434,.F.);
#3435 = ORIENTED_EDGE('',*,*,#3429,.F.);
#3436 = CYLINDRICAL_SURFACE('',#3437,0.4);
#3437 = AXIS2_PLACEMENT_3D('',#3438,#3439,#3440);
#3438 = CARTESIAN_POINT('',(120.,-77.,-4.5E-02));
#3439 = DIRECTION('',(-0.,-0.,-1.));
#3440 = DIRECTION('',(-0.,-1.,0.));
#3441 = ADVANCED_FACE('',(#3442),#3458,.F.);
#3442 = FACE_BOUND('',#3443,.T.);
#3443 = EDGE_LOOP('',(#3444,#3445,#3451,#3452));
#3444 = ORIENTED_EDGE('',*,*,#1792,.T.);
#3445 = ORIENTED_EDGE('',*,*,#3446,.T.);
#3446 = EDGE_CURVE('',#1795,#2448,#3447,.T.);
#3447 = LINE('',#3448,#3449);
#3448 = CARTESIAN_POINT('',(132.,-80.5,-4.5E-02));
#3449 = VECTOR('',#3450,1.);
#3450 = DIRECTION('',(0.,0.,1.));
#3451 = ORIENTED_EDGE('',*,*,#2445,.F.);
#3452 = ORIENTED_EDGE('',*,*,#3453,.F.);
#3453 = EDGE_CURVE('',#1793,#2446,#3454,.T.);
#3454 = LINE('',#3455,#3456);
#3455 = CARTESIAN_POINT('',(132.,-79.5,-4.5E-02));
#3456 = VECTOR('',#3457,1.);
#3457 = DIRECTION('',(0.,0.,1.));
#3458 = CYLINDRICAL_SURFACE('',#3459,0.5);
#3459 = AXIS2_PLACEMENT_3D('',#3460,#3461,#3462);
#3460 = CARTESIAN_POINT('',(132.,-80.,-4.5E-02));
#3461 = DIRECTION('',(-0.,-0.,-1.));
#3462 = DIRECTION('',(-0.,-1.,0.));
#3463 = ADVANCED_FACE('',(#3464),#3475,.T.);
#3464 = FACE_BOUND('',#3465,.T.);
#3465 = EDGE_LOOP('',(#3466,#3467,#3468,#3469));
#3466 = ORIENTED_EDGE('',*,*,#1820,.T.);
#3467 = ORIENTED_EDGE('',*,*,#3453,.T.);
#3468 = ORIENTED_EDGE('',*,*,#2473,.F.);
#3469 = ORIENTED_EDGE('',*,*,#3470,.F.);
#3470 = EDGE_CURVE('',#1812,#2465,#3471,.T.);
#3471 = LINE('',#3472,#3473);
#3472 = CARTESIAN_POINT('',(130.,-79.5,-4.5E-02));
#3473 = VECTOR('',#3474,1.);
#3474 = DIRECTION('',(0.,0.,1.));
#3475 = PLANE('',#3476);
#3476 = AXIS2_PLACEMENT_3D('',#3477,#3478,#3479);
#3477 = CARTESIAN_POINT('',(132.,-79.5,-4.5E-02));
#3478 = DIRECTION('',(0.,-1.,0.));
#3479 = DIRECTION('',(-1.,0.,0.));
#3480 = ADVANCED_FACE('',(#3481),#3492,.F.);
#3481 = FACE_BOUND('',#3482,.T.);
#3482 = EDGE_LOOP('',(#3483,#3484,#3485,#3486));
#3483 = ORIENTED_EDGE('',*,*,#1811,.T.);
#3484 = ORIENTED_EDGE('',*,*,#3470,.T.);
#3485 = ORIENTED_EDGE('',*,*,#2464,.F.);
#3486 = ORIENTED_EDGE('',*,*,#3487,.F.);
#3487 = EDGE_CURVE('',#1804,#2457,#3488,.T.);
#3488 = LINE('',#3489,#3490);
#3489 = CARTESIAN_POINT('',(130.,-80.5,-4.5E-02));
#3490 = VECTOR('',#3491,1.);
#3491 = DIRECTION('',(0.,0.,1.));
#3492 = CYLINDRICAL_SURFACE('',#3493,0.5);
#3493 = AXIS2_PLACEMENT_3D('',#3494,#3495,#3496);
#3494 = CARTESIAN_POINT('',(130.,-80.,-4.5E-02));
#3495 = DIRECTION('',(-0.,0.,-1.));
#3496 = DIRECTION('',(0.,1.,0.));
#3497 = ADVANCED_FACE('',(#3498),#3504,.T.);
#3498 = FACE_BOUND('',#3499,.T.);
#3499 = EDGE_LOOP('',(#3500,#3501,#3502,#3503));
#3500 = ORIENTED_EDGE('',*,*,#1803,.T.);
#3501 = ORIENTED_EDGE('',*,*,#3487,.T.);
#3502 = ORIENTED_EDGE('',*,*,#2456,.F.);
#3503 = ORIENTED_EDGE('',*,*,#3446,.F.);
#3504 = PLANE('',#3505);
#3505 = AXIS2_PLACEMENT_3D('',#3506,#3507,#3508);
#3506 = CARTESIAN_POINT('',(130.,-80.5,-4.5E-02));
#3507 = DIRECTION('',(0.,1.,0.));
#3508 = DIRECTION('',(1.,0.,0.));
#3509 = ADVANCED_FACE('',(#3510),#3521,.F.);
#3510 = FACE_BOUND('',#3511,.T.);
#3511 = EDGE_LOOP('',(#3512,#3513,#3519,#3520));
#3512 = ORIENTED_EDGE('',*,*,#1828,.T.);
#3513 = ORIENTED_EDGE('',*,*,#3514,.T.);
#3514 = EDGE_CURVE('',#1829,#2482,#3515,.T.);
#3515 = LINE('',#3516,#3517);
#3516 = CARTESIAN_POINT('',(144.,-75.1,-4.5E-02));
#3517 = VECTOR('',#3518,1.);
#3518 = DIRECTION('',(0.,0.,1.));
#3519 = ORIENTED_EDGE('',*,*,#2481,.F.);
#3520 = ORIENTED_EDGE('',*,*,#3514,.F.);
#3521 = CYLINDRICAL_SURFACE('',#3522,1.6);
#3522 = AXIS2_PLACEMENT_3D('',#3523,#3524,#3525);
#3523 = CARTESIAN_POINT('',(144.,-73.5,-4.5E-02));
#3524 = DIRECTION('',(-0.,-0.,-1.));
#3525 = DIRECTION('',(-0.,-1.,0.));
#3526 = ( GEOMETRIC_REPRESENTATION_CONTEXT(3) 
GLOBAL_UNCERTAINTY_ASSIGNED_CONTEXT((#3530)) 
GLOBAL_UNIT_ASSIGNED_CONTEXT((#3527,#3528,#3529)) REPRESENTATION_CONTEXT
('Context #1','3D Context with UNIT and UNCERTAINTY') );
#3527 = ( LENGTH_UNIT() NAMED_UNIT(*) SI_UNIT(.MILLI.,.METRE.) );
#3528 = ( NAMED_UNIT(*) PLANE_ANGLE_UNIT() SI_UNIT($,.RADIAN.) );
#3529 = ( NAMED_UNIT(*) SI_UNIT($,.STERADIAN.) SOLID_ANGLE_UNIT() );
#3530 = UNCERTAINTY_MEASURE_WITH_UNIT(LENGTH_MEASURE(5.E-05),#3527,
  'distance_accuracy_value','confusion accuracy');
#3531 = CONTEXT_DEPENDENT_SHAPE_REPRESENTATION(#3532,#3534);
#3532 = ( REPRESENTATION_RELATIONSHIP('','',#1083,#10) 
REPRESENTATION_RELATIONSHIP_WITH_TRANSFORMATION(#3533) 
SHAPE_REPRESENTATION_RELATIONSHIP() );
#3533 = ITEM_DEFINED_TRANSFORMATION('','',#11,#27);
#3534 = PRODUCT_DEFINITION_SHAPE('Placement','Placement of an item',
  #3535);
#3535 = NEXT_ASSEMBLY_USAGE_OCCURRENCE('5','=>[0:1:1:4]','',#5,#1078,$);
#3536 = PRODUCT_RELATED_PRODUCT_CATEGORY('part',$,(#1080));
#3537 = MECHANICAL_DESIGN_GEOMETRIC_PRESENTATION_REPRESENTATION('',(
    #3538,#3546,#3553,#3561,#3568,#3575,#3582,#3589,#3596,#3603,#3610,
    #3617,#3624,#3631,#3638,#3645,#3652,#3659,#3666,#3673,#3680,#3687,
    #3694,#3701,#3708,#3715,#3722,#3729,#3736,#3743,#3750,#3757),#1055);
#3538 = STYLED_ITEM('color',(#3539),#70);
#3539 = PRESENTATION_STYLE_ASSIGNMENT((#3540));
#3540 = SURFACE_STYLE_USAGE(.BOTH.,#3541);
#3541 = SURFACE_SIDE_STYLE('',(#3542));
#3542 = SURFACE_STYLE_FILL_AREA(#3543);
#3543 = FILL_AREA_STYLE('',(#3544));
#3544 = FILL_AREA_STYLE_COLOUR('',#3545);
#3545 = COLOUR_RGB('',0.823999987314,0.819999987296,0.781000009244);
#3546 = STYLED_ITEM('color',(#3547),#87);
#3547 = PRESENTATION_STYLE_ASSIGNMENT((#3548));
#3548 = SURFACE_STYLE_USAGE(.BOTH.,#3549);
#3549 = SURFACE_SIDE_STYLE('',(#3550));
#3550 = SURFACE_STYLE_FILL_AREA(#3551);
#3551 = FILL_AREA_STYLE('',(#3552));
#3552 = FILL_AREA_STYLE_COLOUR('',#3545);
#3553 = STYLED_ITEM('color',(#3554),#112);
#3554 = PRESENTATION_STYLE_ASSIGNMENT((#3555));
#3555 = SURFACE_STYLE_USAGE(.BOTH.,#3556);
#3556 = SURFACE_SIDE_STYLE('',(#3557));
#3557 = SURFACE_STYLE_FILL_AREA(#3558);
#3558 = FILL_AREA_STYLE('',(#3559));
#3559 = FILL_AREA_STYLE_COLOUR('',#3560);
#3560 = COLOUR_RGB('',0.136999991899,0.40200001271,0.726999997272);
#3561 = STYLED_ITEM('color',(#3562),#143);
#3562 = PRESENTATION_STYLE_ASSIGNMENT((#3563));
#3563 = SURFACE_STYLE_USAGE(.BOTH.,#3564);
#3564 = SURFACE_SIDE_STYLE('',(#3565));
#3565 = SURFACE_STYLE_FILL_AREA(#3566);
#3566 = FILL_AREA_STYLE('',(#3567));
#3567 = FILL_AREA_STYLE_COLOUR('',#3560);
#3568 = STYLED_ITEM('color',(#3569),#168);
#3569 = PRESENTATION_STYLE_ASSIGNMENT((#3570));
#3570 = SURFACE_STYLE_USAGE(.BOTH.,#3571);
#3571 = SURFACE_SIDE_STYLE('',(#3572));
#3572 = SURFACE_STYLE_FILL_AREA(#3573);
#3573 = FILL_AREA_STYLE('',(#3574));
#3574 = FILL_AREA_STYLE_COLOUR('',#3545);
#3575 = STYLED_ITEM('color',(#3576),#193);
#3576 = PRESENTATION_STYLE_ASSIGNMENT((#3577));
#3577 = SURFACE_STYLE_USAGE(.BOTH.,#3578);
#3578 = SURFACE_SIDE_STYLE('',(#3579));
#3579 = SURFACE_STYLE_FILL_AREA(#3580);
#3580 = FILL_AREA_STYLE('',(#3581));
#3581 = FILL_AREA_STYLE_COLOUR('',#3560);
#3582 = STYLED_ITEM('color',(#3583),#213);
#3583 = PRESENTATION_STYLE_ASSIGNMENT((#3584));
#3584 = SURFACE_STYLE_USAGE(.BOTH.,#3585);
#3585 = SURFACE_SIDE_STYLE('',(#3586));
#3586 = SURFACE_STYLE_FILL_AREA(#3587);
#3587 = FILL_AREA_STYLE('',(#3588));
#3588 = FILL_AREA_STYLE_COLOUR('',#3545);
#3589 = STYLED_ITEM('color',(#3590),#222);
#3590 = PRESENTATION_STYLE_ASSIGNMENT((#3591));
#3591 = SURFACE_STYLE_USAGE(.BOTH.,#3592);
#3592 = SURFACE_SIDE_STYLE('',(#3593));
#3593 = SURFACE_STYLE_FILL_AREA(#3594);
#3594 = FILL_AREA_STYLE('',(#3595));
#3595 = FILL_AREA_STYLE_COLOUR('',#3560);
#3596 = STYLED_ITEM('color',(#3597),#252);
#3597 = PRESENTATION_STYLE_ASSIGNMENT((#3598));
#3598 = SURFACE_STYLE_USAGE(.BOTH.,#3599);
#3599 = SURFACE_SIDE_STYLE('',(#3600));
#3600 = SURFACE_STYLE_FILL_AREA(#3601);
#3601 = FILL_AREA_STYLE('',(#3602));
#3602 = FILL_AREA_STYLE_COLOUR('',#3560);
#3603 = STYLED_ITEM('color',(#3604),#287);
#3604 = PRESENTATION_STYLE_ASSIGNMENT((#3605));
#3605 = SURFACE_STYLE_USAGE(.BOTH.,#3606);
#3606 = SURFACE_SIDE_STYLE('',(#3607));
#3607 = SURFACE_STYLE_FILL_AREA(#3608);
#3608 = FILL_AREA_STYLE('',(#3609));
#3609 = FILL_AREA_STYLE_COLOUR('',#3560);
#3610 = STYLED_ITEM('color',(#3611),#360);
#3611 = PRESENTATION_STYLE_ASSIGNMENT((#3612));
#3612 = SURFACE_STYLE_USAGE(.BOTH.,#3613);
#3613 = SURFACE_SIDE_STYLE('',(#3614));
#3614 = SURFACE_STYLE_FILL_AREA(#3615);
#3615 = FILL_AREA_STYLE('',(#3616));
#3616 = FILL_AREA_STYLE_COLOUR('',#3560);
#3617 = STYLED_ITEM('color',(#3618),#400);
#3618 = PRESENTATION_STYLE_ASSIGNMENT((#3619));
#3619 = SURFACE_STYLE_USAGE(.BOTH.,#3620);
#3620 = SURFACE_SIDE_STYLE('',(#3621));
#3621 = SURFACE_STYLE_FILL_AREA(#3622);
#3622 = FILL_AREA_STYLE('',(#3623));
#3623 = FILL_AREA_STYLE_COLOUR('',#3560);
#3624 = STYLED_ITEM('color',(#3625),#473);
#3625 = PRESENTATION_STYLE_ASSIGNMENT((#3626));
#3626 = SURFACE_STYLE_USAGE(.BOTH.,#3627);
#3627 = SURFACE_SIDE_STYLE('',(#3628));
#3628 = SURFACE_STYLE_FILL_AREA(#3629);
#3629 = FILL_AREA_STYLE('',(#3630));
#3630 = FILL_AREA_STYLE_COLOUR('',#3560);
#3631 = STYLED_ITEM('color',(#3632),#498);
#3632 = PRESENTATION_STYLE_ASSIGNMENT((#3633));
#3633 = SURFACE_STYLE_USAGE(.BOTH.,#3634);
#3634 = SURFACE_SIDE_STYLE('',(#3635));
#3635 = SURFACE_STYLE_FILL_AREA(#3636);
#3636 = FILL_AREA_STYLE('',(#3637));
#3637 = FILL_AREA_STYLE_COLOUR('',#3560);
#3638 = STYLED_ITEM('color',(#3639),#524);
#3639 = PRESENTATION_STYLE_ASSIGNMENT((#3640));
#3640 = SURFACE_STYLE_USAGE(.BOTH.,#3641);
#3641 = SURFACE_SIDE_STYLE('',(#3642));
#3642 = SURFACE_STYLE_FILL_AREA(#3643);
#3643 = FILL_AREA_STYLE('',(#3644));
#3644 = FILL_AREA_STYLE_COLOUR('',#3560);
#3645 = STYLED_ITEM('color',(#3646),#544);
#3646 = PRESENTATION_STYLE_ASSIGNMENT((#3647));
#3647 = SURFACE_STYLE_USAGE(.BOTH.,#3648);
#3648 = SURFACE_SIDE_STYLE('',(#3649));
#3649 = SURFACE_STYLE_FILL_AREA(#3650);
#3650 = FILL_AREA_STYLE('',(#3651));
#3651 = FILL_AREA_STYLE_COLOUR('',#3560);
#3652 = STYLED_ITEM('color',(#3653),#714);
#3653 = PRESENTATION_STYLE_ASSIGNMENT((#3654));
#3654 = SURFACE_STYLE_USAGE(.BOTH.,#3655);
#3655 = SURFACE_SIDE_STYLE('',(#3656));
#3656 = SURFACE_STYLE_FILL_AREA(#3657);
#3657 = FILL_AREA_STYLE('',(#3658));
#3658 = FILL_AREA_STYLE_COLOUR('',#3545);
#3659 = STYLED_ITEM('color',(#3660),#784);
#3660 = PRESENTATION_STYLE_ASSIGNMENT((#3661));
#3661 = SURFACE_STYLE_USAGE(.BOTH.,#3662);
#3662 = SURFACE_SIDE_STYLE('',(#3663));
#3663 = SURFACE_STYLE_FILL_AREA(#3664);
#3664 = FILL_AREA_STYLE('',(#3665));
#3665 = FILL_AREA_STYLE_COLOUR('',#3545);
#3666 = STYLED_ITEM('color',(#3667),#808);
#3667 = PRESENTATION_STYLE_ASSIGNMENT((#3668));
#3668 = SURFACE_STYLE_USAGE(.BOTH.,#3669);
#3669 = SURFACE_SIDE_STYLE('',(#3670));
#3670 = SURFACE_STYLE_FILL_AREA(#3671);
#3671 = FILL_AREA_STYLE('',(#3672));
#3672 = FILL_AREA_STYLE_COLOUR('',#3545);
#3673 = STYLED_ITEM('color',(#3674),#824);
#3674 = PRESENTATION_STYLE_ASSIGNMENT((#3675));
#3675 = SURFACE_STYLE_USAGE(.BOTH.,#3676);
#3676 = SURFACE_SIDE_STYLE('',(#3677));
#3677 = SURFACE_STYLE_FILL_AREA(#3678);
#3678 = FILL_AREA_STYLE('',(#3679));
#3679 = FILL_AREA_STYLE_COLOUR('',#3545);
#3680 = STYLED_ITEM('color',(#3681),#836);
#3681 = PRESENTATION_STYLE_ASSIGNMENT((#3682));
#3682 = SURFACE_STYLE_USAGE(.BOTH.,#3683);
#3683 = SURFACE_SIDE_STYLE('',(#3684));
#3684 = SURFACE_STYLE_FILL_AREA(#3685);
#3685 = FILL_AREA_STYLE('',(#3686));
#3686 = FILL_AREA_STYLE_COLOUR('',#3545);
#3687 = STYLED_ITEM('color',(#3688),#860);
#3688 = PRESENTATION_STYLE_ASSIGNMENT((#3689));
#3689 = SURFACE_STYLE_USAGE(.BOTH.,#3690);
#3690 = SURFACE_SIDE_STYLE('',(#3691));
#3691 = SURFACE_STYLE_FILL_AREA(#3692);
#3692 = FILL_AREA_STYLE('',(#3693));
#3693 = FILL_AREA_STYLE_COLOUR('',#3545);
#3694 = STYLED_ITEM('color',(#3695),#876);
#3695 = PRESENTATION_STYLE_ASSIGNMENT((#3696));
#3696 = SURFACE_STYLE_USAGE(.BOTH.,#3697);
#3697 = SURFACE_SIDE_STYLE('',(#3698));
#3698 = SURFACE_STYLE_FILL_AREA(#3699);
#3699 = FILL_AREA_STYLE('',(#3700));
#3700 = FILL_AREA_STYLE_COLOUR('',#3545);
#3701 = STYLED_ITEM('color',(#3702),#888);
#3702 = PRESENTATION_STYLE_ASSIGNMENT((#3703));
#3703 = SURFACE_STYLE_USAGE(.BOTH.,#3704);
#3704 = SURFACE_SIDE_STYLE('',(#3705));
#3705 = SURFACE_STYLE_FILL_AREA(#3706);
#3706 = FILL_AREA_STYLE('',(#3707));
#3707 = FILL_AREA_STYLE_COLOUR('',#3545);
#3708 = STYLED_ITEM('color',(#3709),#912);
#3709 = PRESENTATION_STYLE_ASSIGNMENT((#3710));
#3710 = SURFACE_STYLE_USAGE(.BOTH.,#3711);
#3711 = SURFACE_SIDE_STYLE('',(#3712));
#3712 = SURFACE_STYLE_FILL_AREA(#3713);
#3713 = FILL_AREA_STYLE('',(#3714));
#3714 = FILL_AREA_STYLE_COLOUR('',#3545);
#3715 = STYLED_ITEM('color',(#3716),#928);
#3716 = PRESENTATION_STYLE_ASSIGNMENT((#3717));
#3717 = SURFACE_STYLE_USAGE(.BOTH.,#3718);
#3718 = SURFACE_SIDE_STYLE('',(#3719));
#3719 = SURFACE_STYLE_FILL_AREA(#3720);
#3720 = FILL_AREA_STYLE('',(#3721));
#3721 = FILL_AREA_STYLE_COLOUR('',#3545);
#3722 = STYLED_ITEM('color',(#3723),#940);
#3723 = PRESENTATION_STYLE_ASSIGNMENT((#3724));
#3724 = SURFACE_STYLE_USAGE(.BOTH.,#3725);
#3725 = SURFACE_SIDE_STYLE('',(#3726));
#3726 = SURFACE_STYLE_FILL_AREA(#3727);
#3727 = FILL_AREA_STYLE('',(#3728));
#3728 = FILL_AREA_STYLE_COLOUR('',#3545);
#3729 = STYLED_ITEM('color',(#3730),#964);
#3730 = PRESENTATION_STYLE_ASSIGNMENT((#3731));
#3731 = SURFACE_STYLE_USAGE(.BOTH.,#3732);
#3732 = SURFACE_SIDE_STYLE('',(#3733));
#3733 = SURFACE_STYLE_FILL_AREA(#3734);
#3734 = FILL_AREA_STYLE('',(#3735));
#3735 = FILL_AREA_STYLE_COLOUR('',#3545);
#3736 = STYLED_ITEM('color',(#3737),#980);
#3737 = PRESENTATION_STYLE_ASSIGNMENT((#3738));
#3738 = SURFACE_STYLE_USAGE(.BOTH.,#3739);
#3739 = SURFACE_SIDE_STYLE('',(#3740));
#3740 = SURFACE_STYLE_FILL_AREA(#3741);
#3741 = FILL_AREA_STYLE('',(#3742));
#3742 = FILL_AREA_STYLE_COLOUR('',#3545);
#3743 = STYLED_ITEM('color',(#3744),#994);
#3744 = PRESENTATION_STYLE_ASSIGNMENT((#3745));
#3745 = SURFACE_STYLE_USAGE(.BOTH.,#3746);
#3746 = SURFACE_SIDE_STYLE('',(#3747));
#3747 = SURFACE_STYLE_FILL_AREA(#3748);
#3748 = FILL_AREA_STYLE('',(#3749));
#3749 = FILL_AREA_STYLE_COLOUR('',#3560);
#3750 = STYLED_ITEM('color',(#3751),#1011);
#3751 = PRESENTATION_STYLE_ASSIGNMENT((#3752));
#3752 = SURFACE_STYLE_USAGE(.BOTH.,#3753);
#3753 = SURFACE_SIDE_STYLE('',(#3754));
#3754 = SURFACE_STYLE_FILL_AREA(#3755);
#3755 = FILL_AREA_STYLE('',(#3756));
#3756 = FILL_AREA_STYLE_COLOUR('',#3560);
#3757 = STYLED_ITEM('color',(#3758),#1045);
#3758 = PRESENTATION_STYLE_ASSIGNMENT((#3759));
#3759 = SURFACE_STYLE_USAGE(.BOTH.,#3760);
#3760 = SURFACE_SIDE_STYLE('',(#3761));
#3761 = SURFACE_STYLE_FILL_AREA(#3762);
#3762 = FILL_AREA_STYLE('',(#3763));
#3763 = FILL_AREA_STYLE_COLOUR('',#3545);
#3764 = MECHANICAL_DESIGN_GEOMETRIC_PRESENTATION_REPRESENTATION('',(
    #3765),#3526);
#3765 = STYLED_ITEM('color',(#3766),#1084);
#3766 = PRESENTATION_STYLE_ASSIGNMENT((#3767));
#3767 = SURFACE_STYLE_USAGE(.BOTH.,#3768);
#3768 = SURFACE_SIDE_STYLE('',(#3769));
#3769 = SURFACE_STYLE_FILL_AREA(#3770);
#3770 = FILL_AREA_STYLE('',(#3771));
#3771 = FILL_AREA_STYLE_COLOUR('',#3772);
#3772 = COLOUR_RGB('',0.313304153717,0.484529207832,0.410020903123);
ENDSEC;
END-ISO-10303-21;
