ISO-10303-21;
HEADER;
FILE_DESCRIPTION (( 'STEP AP214' ),
    '1' );
FILE_NAME ('ロードセルユニット台座.STEP',
    '2024-09-09T15:09:41',
    ( '' ),
    ( '' ),
    'SwSTEP 2.0',
    'SolidWorks 2023',
    '' );
FILE_SCHEMA (( 'AUTOMOTIVE_DESIGN' ));
ENDSEC;

DATA;
#1 = CARTESIAN_POINT ( 'NONE',  ( 36.00000000000000711, 10.00000000000000178, 5.000000000000000000 ) ) ;
#2 = ADVANCED_FACE ( 'NONE', ( #1515 ), #380, .F. ) ;
#3 = DIRECTION ( 'NONE',  ( 0.000000000000000000, 1.000000000000000000, 0.000000000000000000 ) ) ;
#4 = DIRECTION ( 'NONE',  ( -0.000000000000000000, -0.000000000000000000, -1.000000000000000000 ) ) ;
#5 = VERTEX_POINT ( 'NONE', #52 ) ;
#6 = ORIENTED_EDGE ( 'NONE', *, *, #873, .F. ) ;
#7 = CARTESIAN_POINT ( 'NONE',  ( 12.99999999999999289, 32.00000000000000000, 3.000000000000000000 ) ) ;
#8 = AXIS2_PLACEMENT_3D ( 'NONE', #2067, #1773, #1284 ) ;
#9 = CARTESIAN_POINT ( 'NONE',  ( 37.00000000000000711, 91.00000000000001421, 7.500000000000000000 ) ) ;
#10 = AXIS2_PLACEMENT_3D ( 'NONE', #300, #1795, #966 ) ;
#11 = CARTESIAN_POINT ( 'NONE',  ( 37.00000000000000711, 91.00000000000001421, 6.000000000000000000 ) ) ;
#12 = ADVANCED_FACE ( 'NONE', ( #573 ), #1731, .F. ) ;
#13 = CARTESIAN_POINT ( 'NONE',  ( 8.000000000000003553, 8.000000000000000000, 3.000000000000000000 ) ) ;
#14 = ORIENTED_EDGE ( 'NONE', *, *, #1096, .T. ) ;
#15 = VECTOR ( 'NONE', #158, 1000.000000000000000 ) ;
#16 = LINE ( 'NONE', #471, #970 ) ;
#17 = EDGE_LOOP ( 'NONE', ( #919, #153, #2092, #79, #1575, #984, #623 ) ) ;
#18 = CIRCLE ( 'NONE', #2118, 4.999999999999997335 ) ;
#19 = AXIS2_PLACEMENT_3D ( 'NONE', #1301, #1949, #2026 ) ;
#20 = CARTESIAN_POINT ( 'NONE',  ( 0.000000000000000000, 30.00000000000000000, 5.000000000000000000 ) ) ;
#21 = VERTEX_POINT ( 'NONE', #712 ) ;
#22 = DIRECTION ( 'NONE',  ( 0.000000000000000000, 0.000000000000000000, -1.000000000000000000 ) ) ;
#23 = DIRECTION ( 'NONE',  ( 1.000000000000000000, 0.000000000000000000, 0.000000000000000000 ) ) ;
#24 = DIRECTION ( 'NONE',  ( -1.000000000000000000, 0.000000000000000000, 0.000000000000000000 ) ) ;
#25 = CIRCLE ( 'NONE', #389, 5.000000000000000000 ) ;
#26 = ORIENTED_EDGE ( 'NONE', *, *, #1395, .F. ) ;
#27 = EDGE_CURVE ( 'NONE', #736, #589, #1764, .T. ) ;
#28 = PLANE ( 'NONE',  #2034 ) ;
#29 = ORIENTED_EDGE ( 'NONE', *, *, #1385, .T. ) ;
#30 = ADVANCED_FACE ( 'NONE', ( #734 ), #2037, .T. ) ;
#31 = VECTOR ( 'NONE', #1229, 1000.000000000000000 ) ;
#32 = CARTESIAN_POINT ( 'NONE',  ( 34.00000000000000000, 91.00000000000001421, 5.000000000000000000 ) ) ;
#33 = VERTEX_POINT ( 'NONE', #743 ) ;
#34 = DIRECTION ( 'NONE',  ( 0.000000000000000000, 0.000000000000000000, -1.000000000000000000 ) ) ;
#35 = DIRECTION ( 'NONE',  ( -0.000000000000000000, -0.000000000000000000, -1.000000000000000000 ) ) ;
#36 = CARTESIAN_POINT ( 'NONE',  ( 33.00000000000000000, 8.000000000000003553, 5.000000000000000000 ) ) ;
#37 = CARTESIAN_POINT ( 'NONE',  ( 12.99999999999999289, 31.00000000000000000, 0.000000000000000000 ) ) ;
#38 = DIRECTION ( 'NONE',  ( -1.734723475976807341E-16, 1.000000000000000000, -0.000000000000000000 ) ) ;
#39 = CARTESIAN_POINT ( 'NONE',  ( 13.00000000000000178, 30.26794919243112147, 4.000000000000000000 ) ) ;
#40 = CARTESIAN_POINT ( 'NONE',  ( 33.00000000000000000, 10.00000000000000000, 0.000000000000000000 ) ) ;
#41 = ADVANCED_FACE ( 'NONE', ( #1720 ), #529, .T. ) ;
#42 = ORIENTED_EDGE ( 'NONE', *, *, #1817, .F. ) ;
#43 = CARTESIAN_POINT ( 'NONE',  ( 9.000000000000005329, 63.00000000000001421, 7.500000000000000000 ) ) ;
#44 = ORIENTED_EDGE ( 'NONE', *, *, #1639, .F. ) ;
#45 = CARTESIAN_POINT ( 'NONE',  ( 9.000000000000001776, 91.00000000000001421, 7.500000000000000000 ) ) ;
#46 = AXIS2_PLACEMENT_3D ( 'NONE', #2018, #542, #1205 ) ;
#47 = PLANE ( 'NONE',  #2011 ) ;
#48 = DIRECTION ( 'NONE',  ( -1.000000000000000000, 0.000000000000000000, 0.000000000000000000 ) ) ;
#49 = ORIENTED_EDGE ( 'NONE', *, *, #138, .F. ) ;
#50 = AXIS2_PLACEMENT_3D ( 'NONE', #1231, #929, #913 ) ;
#51 = VECTOR ( 'NONE', #1828, 1000.000000000000000 ) ;
#52 = CARTESIAN_POINT ( 'NONE',  ( 5.000000000000000000, 0.000000000000000000, 3.000000000000000000 ) ) ;
#53 = EDGE_CURVE ( 'NONE', #1628, #1503, #877, .T. ) ;
#54 = FACE_OUTER_BOUND ( 'NONE', #993, .T. ) ;
#55 = ORIENTED_EDGE ( 'NONE', *, *, #1693, .F. ) ;
#56 = EDGE_CURVE ( 'NONE', #930, #418, #865, .T. ) ;
#57 = CARTESIAN_POINT ( 'NONE',  ( 41.00000000000000000, 5.000000000000000000, 3.000000000000000000 ) ) ;
#58 = CIRCLE ( 'NONE', #912, 4.999999999999997335 ) ;
#59 = FILL_AREA_STYLE_COLOUR ( '', #1368 ) ;
#60 = ORIENTED_EDGE ( 'NONE', *, *, #1713, .F. ) ;
#61 = CIRCLE ( 'NONE', #1097, 2.000000000000001776 ) ;
#62 = FACE_OUTER_BOUND ( 'NONE', #1428, .T. ) ;
#63 = ORIENTED_EDGE ( 'NONE', *, *, #936, .T. ) ;
#64 = ORIENTED_EDGE ( 'NONE', *, *, #368, .T. ) ;
#65 = CARTESIAN_POINT ( 'NONE',  ( 36.00000000000000711, 10.00000000000000178, 5.000000000000000000 ) ) ;
#66 = EDGE_CURVE ( 'NONE', #1523, #1963, #556, .T. ) ;
#67 = ORIENTED_EDGE ( 'NONE', *, *, #2010, .T. ) ;
#68 = PRODUCT ( '\X2\30ed30fc30c930bb30eb30e630cb30c330c853f05ea7\X0\', '\X2\30ed30fc30c930bb30eb30e630cb30c330c853f05ea7\X0\', '', ( #1727 ) ) ;
#69 = EDGE_CURVE ( 'NONE', #1247, #612, #1674, .T. ) ;
#70 =( LENGTH_UNIT ( ) NAMED_UNIT ( * ) SI_UNIT ( .MILLI., .METRE. ) );
#71 = DIRECTION ( 'NONE',  ( -0.000000000000000000, -0.000000000000000000, -1.000000000000000000 ) ) ;
#72 = ORIENTED_EDGE ( 'NONE', *, *, #406, .T. ) ;
#73 = DIRECTION ( 'NONE',  ( -1.000000000000000000, 0.000000000000000000, 0.000000000000000000 ) ) ;
#74 = EDGE_LOOP ( 'NONE', ( #545, #1939, #1066, #124, #1276, #1366, #684, #1678 ) ) ;
#75 = CARTESIAN_POINT ( 'NONE',  ( 37.00000000000000711, 63.00000000000001421, 5.000000000000000000 ) ) ;
#76 = ORIENTED_EDGE ( 'NONE', *, *, #422, .F. ) ;
#77 = CARTESIAN_POINT ( 'NONE',  ( 0.000000000000000000, 8.000000000000003553, 3.000000000000000000 ) ) ;
#78 = DIRECTION ( 'NONE',  ( 1.000000000000000000, 0.000000000000000000, 0.000000000000000000 ) ) ;
#79 = ORIENTED_EDGE ( 'NONE', *, *, #894, .F. ) ;
#80 = LINE ( 'NONE', #252, #1578 ) ;
#81 = EDGE_CURVE ( 'NONE', #391, #782, #1694, .T. ) ;
#82 = AXIS2_PLACEMENT_3D ( 'NONE', #461, #101, #1608 ) ;
#83 = AXIS2_PLACEMENT_3D ( 'NONE', #1273, #290, #1248 ) ;
#84 = ORIENTED_EDGE ( 'NONE', *, *, #1225, .T. ) ;
#85 = VECTOR ( 'NONE', #100, 1000.000000000000000 ) ;
#86 = DIRECTION ( 'NONE',  ( 0.000000000000000000, 0.000000000000000000, 1.000000000000000000 ) ) ;
#87 = AXIS2_PLACEMENT_3D ( 'NONE', #1264, #1071, #226 ) ;
#88 = DIRECTION ( 'NONE',  ( -0.000000000000000000, -0.000000000000000000, -1.000000000000000000 ) ) ;
#89 = DIRECTION ( 'NONE',  ( 1.000000000000000000, 0.000000000000000000, 0.000000000000000000 ) ) ;
#90 = DIRECTION ( 'NONE',  ( -1.000000000000000000, 0.000000000000000000, 0.000000000000000000 ) ) ;
#91 = ORIENTED_EDGE ( 'NONE', *, *, #1340, .T. ) ;
#92 = DIRECTION ( 'NONE',  ( 0.000000000000000000, 0.000000000000000000, -1.000000000000000000 ) ) ;
#93 = VERTEX_POINT ( 'NONE', #1381 ) ;
#94 = CARTESIAN_POINT ( 'NONE',  ( 32.00000000000000000, 91.00000000000001421, 5.000000000000000000 ) ) ;
#95 = CIRCLE ( 'NONE', #1335, 2.999999999999999112 ) ;
#96 = ORIENTED_EDGE ( 'NONE', *, *, #424, .F. ) ;
#97 = VECTOR ( 'NONE', #71, 1000.000000000000000 ) ;
#98 = AXIS2_PLACEMENT_3D ( 'NONE', #814, #659, #1157 ) ;
#99 = ADVANCED_FACE ( 'NONE', ( #543, #1206, #907, #784, #2066, #1099 ), #1582, .F. ) ;
#100 = DIRECTION ( 'NONE',  ( 0.000000000000000000, 1.000000000000000000, 0.000000000000000000 ) ) ;
#101 = DIRECTION ( 'NONE',  ( 0.000000000000000000, 0.000000000000000000, 1.000000000000000000 ) ) ;
#102 = DIRECTION ( 'NONE',  ( -1.000000000000000000, 0.000000000000000000, 0.000000000000000000 ) ) ;
#103 = ORIENTED_EDGE ( 'NONE', *, *, #1295, .T. ) ;
#104 = ORIENTED_EDGE ( 'NONE', *, *, #66, .F. ) ;
#105 = DIRECTION ( 'NONE',  ( 0.000000000000000000, -1.000000000000000000, 0.000000000000000000 ) ) ;
#106 = VERTEX_POINT ( 'NONE', #279 ) ;
#107 = PLANE ( 'NONE',  #2003 ) ;
#108 = CYLINDRICAL_SURFACE ( 'NONE', #940, 2.000000000000000000 ) ;
#109 = EDGE_CURVE ( 'NONE', #1715, #1610, #1326, .T. ) ;
#110 = CARTESIAN_POINT ( 'NONE',  ( 35.45000000000000284, 63.00000000000001421, 7.500000000000000000 ) ) ;
#111 = EDGE_LOOP ( 'NONE', ( #552, #1756 ) ) ;
#112 = CARTESIAN_POINT ( 'NONE',  ( 13.00000000000000178, 32.00000000000000000, 3.000000000000000000 ) ) ;
#113 = CARTESIAN_POINT ( 'NONE',  ( 34.00000000000000000, 63.00000000000001421, 5.000000000000000000 ) ) ;
#114 = ORIENTED_EDGE ( 'NONE', *, *, #1542, .T. ) ;
#115 = AXIS2_PLACEMENT_3D ( 'NONE', #1190, #1061, #1022 ) ;
#116 = ORIENTED_EDGE ( 'NONE', *, *, #340, .T. ) ;
#117 = FACE_OUTER_BOUND ( 'NONE', #1103, .T. ) ;
#118 = DIRECTION ( 'NONE',  ( -0.000000000000000000, -0.000000000000000000, 1.000000000000000000 ) ) ;
#119 = ADVANCED_FACE ( 'NONE', ( #117 ), #107, .T. ) ;
#120 = ORIENTED_EDGE ( 'NONE', *, *, #255, .T. ) ;
#121 = CARTESIAN_POINT ( 'NONE',  ( 9.000000000000001776, 91.00000000000001421, 6.000000000000000000 ) ) ;
#122 = LINE ( 'NONE', #1278, #819 ) ;
#123 = VECTOR ( 'NONE', #693, 1000.000000000000000 ) ;
#124 = ORIENTED_EDGE ( 'NONE', *, *, #1188, .T. ) ;
#125 = VERTEX_POINT ( 'NONE', #414 ) ;
#126 = CARTESIAN_POINT ( 'NONE',  ( 0.000000000000000000, 10.00000000000000355, 5.000000000000000000 ) ) ;
#127 = DIRECTION ( 'NONE',  ( 0.000000000000000000, -0.000000000000000000, -1.000000000000000000 ) ) ;
#128 = ORIENTED_EDGE ( 'NONE', *, *, #296, .F. ) ;
#129 = EDGE_CURVE ( 'NONE', #937, #2115, #1439, .T. ) ;
#130 = CARTESIAN_POINT ( 'NONE',  ( 9.000000000000005329, 63.00000000000001421, 5.000000000000000000 ) ) ;
#131 = DIRECTION ( 'NONE',  ( 0.000000000000000000, -1.000000000000000000, 0.000000000000000000 ) ) ;
#132 = EDGE_CURVE ( 'NONE', #1606, #933, #1797, .T. ) ;
#133 = CARTESIAN_POINT ( 'NONE',  ( 9.000000000000001776, 91.00000000000001421, 3.000000000000000000 ) ) ;
#134 = CARTESIAN_POINT ( 'NONE',  ( 5.000000000000000000, 5.000000000000000000, 3.000000000000000000 ) ) ;
#135 = PLANE ( 'NONE',  #943 ) ;
#136 = ORIENTED_EDGE ( 'NONE', *, *, #1909, .T. ) ;
#137 = DIRECTION ( 'NONE',  ( -0.000000000000000000, -0.000000000000000000, -1.000000000000000000 ) ) ;
#138 = EDGE_CURVE ( 'NONE', #2125, #958, #1902, .T. ) ;
#139 = DIRECTION ( 'NONE',  ( 1.000000000000000000, 0.000000000000000000, 0.000000000000000000 ) ) ;
#140 = APPLICATION_CONTEXT ( 'automotive_design' ) ;
#141 = ORIENTED_EDGE ( 'NONE', *, *, #129, .T. ) ;
#142 = EDGE_LOOP ( 'NONE', ( #1184, #1220 ) ) ;
#143 = DIRECTION ( 'NONE',  ( -1.000000000000000000, 0.000000000000000000, 0.000000000000000000 ) ) ;
#144 = CIRCLE ( 'NONE', #1116, 5.000000000000004441 ) ;
#145 = ORIENTED_EDGE ( 'NONE', *, *, #1639, .T. ) ;
#146 = VECTOR ( 'NONE', #1570, 1000.000000000000000 ) ;
#147 = AXIS2_PLACEMENT_3D ( 'NONE', #43, #876, #1382 ) ;
#148 = CARTESIAN_POINT ( 'NONE',  ( 0.000000000000000000, 100.0000000000000000, 0.000000000000000000 ) ) ;
#149 = VERTEX_POINT ( 'NONE', #267 ) ;
#150 = FACE_OUTER_BOUND ( 'NONE', #1586, .T. ) ;
#151 = ORIENTED_EDGE ( 'NONE', *, *, #501, .F. ) ;
#152 = EDGE_CURVE ( 'NONE', #540, #278, #377, .T. ) ;
#153 = ORIENTED_EDGE ( 'NONE', *, *, #216, .T. ) ;
#154 = EDGE_LOOP ( 'NONE', ( #1758, #1852 ) ) ;
#155 = FACE_OUTER_BOUND ( 'NONE', #1485, .T. ) ;
#156 = EDGE_CURVE ( 'NONE', #773, #2115, #1416, .T. ) ;
#157 = VECTOR ( 'NONE', #38, 1000.000000000000000 ) ;
#158 = DIRECTION ( 'NONE',  ( 1.734723475976807341E-16, -1.000000000000000000, 0.000000000000000000 ) ) ;
#159 = LINE ( 'NONE', #1179, #642 ) ;
#160 = DIRECTION ( 'NONE',  ( 0.000000000000000000, 0.000000000000000000, -1.000000000000000000 ) ) ;
#161 = CARTESIAN_POINT ( 'NONE',  ( 9.000000000000005329, 63.00000000000001421, 7.500000000000000000 ) ) ;
#162 = EDGE_CURVE ( 'NONE', #1316, #1631, #1389, .T. ) ;
#163 = CARTESIAN_POINT ( 'NONE',  ( 0.000000000000000000, 10.00000000000000000, 5.000000000000000000 ) ) ;
#164 = ORIENTED_EDGE ( 'NONE', *, *, #193, .F. ) ;
#165 = CARTESIAN_POINT ( 'NONE',  ( 31.00000000000000000, 7.000000000000000000, 0.000000000000000000 ) ) ;
#166 = CARTESIAN_POINT ( 'NONE',  ( 34.00000000000000000, 91.00000000000001421, 6.000000000000000000 ) ) ;
#167 = CARTESIAN_POINT ( 'NONE',  ( 33.00000000000000000, 31.00000000000000000, 3.000000000000000000 ) ) ;
#168 = ORIENTED_EDGE ( 'NONE', *, *, #303, .T. ) ;
#169 = FACE_OUTER_BOUND ( 'NONE', #1172, .T. ) ;
#170 = DIRECTION ( 'NONE',  ( 0.000000000000000000, -0.000000000000000000, -1.000000000000000000 ) ) ;
#171 = ADVANCED_FACE ( 'NONE', ( #1109 ), #1621, .T. ) ;
#172 = VECTOR ( 'NONE', #802, 1000.000000000000000 ) ;
#173 = CARTESIAN_POINT ( 'NONE',  ( 32.99999999999999289, 31.00000000000000000, 0.000000000000000000 ) ) ;
#174 = CIRCLE ( 'NONE', #1937, 5.000000000000000000 ) ;
#175 = CARTESIAN_POINT ( 'NONE',  ( 7.450000000000006395, 63.00000000000001421, 6.000000000000000000 ) ) ;
#176 = EDGE_CURVE ( 'NONE', #850, #911, #803, .T. ) ;
#177 = FACE_OUTER_BOUND ( 'NONE', #1859, .T. ) ;
#178 = CARTESIAN_POINT ( 'NONE',  ( 37.00000000000000711, 63.00000000000001421, 7.500000000000000000 ) ) ;
#179 = VERTEX_POINT ( 'NONE', #1429 ) ;
#180 = AXIS2_PLACEMENT_3D ( 'NONE', #587, #1399, #102 ) ;
#181 = ORIENTED_EDGE ( 'NONE', *, *, #437, .F. ) ;
#182 = VERTEX_POINT ( 'NONE', #945 ) ;
#183 = CARTESIAN_POINT ( 'NONE',  ( 9.000000000000005329, 63.00000000000001421, 6.000000000000000000 ) ) ;
#184 = AXIS2_PLACEMENT_3D ( 'NONE', #708, #1223, #361 ) ;
#185 = CARTESIAN_POINT ( 'NONE',  ( 13.00000000000000533, 10.00000000000000000, 3.000000000000000000 ) ) ;
#186 = CARTESIAN_POINT ( 'NONE',  ( 41.00000000000000000, 100.0000000000000000, 0.000000000000000000 ) ) ;
#187 = CARTESIAN_POINT ( 'NONE',  ( 13.00000000000000178, 31.00000000000000000, 5.000000000000000000 ) ) ;
#188 = DIRECTION ( 'NONE',  ( 1.000000000000000000, 0.000000000000000000, -0.000000000000000000 ) ) ;
#189 = DIRECTION ( 'NONE',  ( -0.000000000000000000, -0.000000000000000000, -1.000000000000000000 ) ) ;
#190 = CARTESIAN_POINT ( 'NONE',  ( 9.000000000000001776, 91.00000000000001421, 5.000000000000000000 ) ) ;
#191 = AXIS2_PLACEMENT_3D ( 'NONE', #1585, #1724, #236 ) ;
#192 = ORIENTED_EDGE ( 'NONE', *, *, #1804, .T. ) ;
#193 = EDGE_CURVE ( 'NONE', #1331, #1523, #1293, .T. ) ;
#194 = EDGE_LOOP ( 'NONE', ( #299, #67, #473, #1327, #2012, #1952, #1189, #2015 ) ) ;
#195 = AXIS2_PLACEMENT_3D ( 'NONE', #200, #1146, #658 ) ;
#196 = DIRECTION ( 'NONE',  ( -1.000000000000000000, 0.000000000000000000, 0.000000000000000000 ) ) ;
#197 = PLANE ( 'NONE',  #147 ) ;
#198 = ORIENTED_EDGE ( 'NONE', *, *, #69, .T. ) ;
#199 = DIRECTION ( 'NONE',  ( 0.000000000000000000, 1.000000000000000000, -8.673617379884027583E-16 ) ) ;
#200 = CARTESIAN_POINT ( 'NONE',  ( 37.00000000000000711, 63.00000000000001421, 6.000000000000000000 ) ) ;
#201 = FACE_OUTER_BOUND ( 'NONE', #430, .T. ) ;
#202 = DIRECTION ( 'NONE',  ( 0.000000000000000000, 0.000000000000000000, -1.000000000000000000 ) ) ;
#203 = EDGE_CURVE ( 'NONE', #1602, #1562, #174, .T. ) ;
#204 = CARTESIAN_POINT ( 'NONE',  ( 11.94999999999999929, 9.732050807568876749, 4.000000000000000000 ) ) ;
#205 = DIRECTION ( 'NONE',  ( -1.000000000000000000, 0.000000000000000000, 0.000000000000000000 ) ) ;
#206 = ORIENTED_EDGE ( 'NONE', *, *, #56, .T. ) ;
#207 = CIRCLE ( 'NONE', #1149, 2.000000000000001776 ) ;
#208 = CARTESIAN_POINT ( 'NONE',  ( 14.00000000000000533, 63.00000000000001421, 3.000000000000000000 ) ) ;
#209 = DIRECTION ( 'NONE',  ( -1.000000000000000000, 0.000000000000000000, 0.000000000000000000 ) ) ;
#210 = VERTEX_POINT ( 'NONE', #2093 ) ;
#211 = CARTESIAN_POINT ( 'NONE',  ( 7.450000000000002842, 91.00000000000001421, 7.500000000000000000 ) ) ;
#212 = CIRCLE ( 'NONE', #902, 2.000000000000000000 ) ;
#213 = ORIENTED_EDGE ( 'NONE', *, *, #1920, .T. ) ;
#214 = EDGE_CURVE ( 'NONE', #540, #1282, #1123, .T. ) ;
#215 = CARTESIAN_POINT ( 'NONE',  ( 11.94999999999999574, 34.99999999999999289, 4.000000000000000000 ) ) ;
#216 = EDGE_CURVE ( 'NONE', #318, #1481, #1548, .T. ) ;
#217 = CARTESIAN_POINT ( 'NONE',  ( 5.000000000000000000, 5.000000000000000000, 3.000000000000000000 ) ) ;
#218 = ORIENTED_EDGE ( 'NONE', *, *, #936, .F. ) ;
#219 = CARTESIAN_POINT ( 'NONE',  ( 9.171572875253813706, 9.171572875253810153, 3.000000000000000000 ) ) ;
#220 = VECTOR ( 'NONE', #189, 1000.000000000000000 ) ;
#221 = PRESENTATION_STYLE_ASSIGNMENT (( #376 ) ) ;
#222 = ORIENTED_EDGE ( 'NONE', *, *, #1446, .T. ) ;
#223 = AXIS2_PLACEMENT_3D ( 'NONE', #815, #1489, #660 ) ;
#224 = ORIENTED_EDGE ( 'NONE', *, *, #863, .T. ) ;
#225 = DIRECTION ( 'NONE',  ( 1.156482317317871971E-16, -1.000000000000000000, 0.000000000000000000 ) ) ;
#226 = DIRECTION ( 'NONE',  ( 0.000000000000000000, -0.000000000000000000, 1.000000000000000000 ) ) ;
#227 = EDGE_CURVE ( 'NONE', #1318, #1282, #1287, .T. ) ;
#228 = ORIENTED_EDGE ( 'NONE', *, *, #575, .F. ) ;
#229 = CARTESIAN_POINT ( 'NONE',  ( 13.10795724683337937, 8.327851159706456841, 3.019059967962930635 ) ) ;
#230 = DIRECTION ( 'NONE',  ( 0.000000000000000000, 0.000000000000000000, 1.000000000000000000 ) ) ;
#231 = ORIENTED_EDGE ( 'NONE', *, *, #2027, .F. ) ;
#232 = DIRECTION ( 'NONE',  ( 0.000000000000000000, 0.000000000000000000, 1.000000000000000000 ) ) ;
#233 = CYLINDRICAL_SURFACE ( 'NONE', #1038, 1.550000000000002709 ) ;
#234 = ADVANCED_BREP_SHAPE_REPRESENTATION ( '\X2\30ed30fc30c930bb30eb30e630cb30c330c853f05ea7\X0\', ( #2062, #458 ), #1774 ) ;
#235 = CARTESIAN_POINT ( 'NONE',  ( 9.000000000000005329, 63.00000000000001421, 6.000000000000000000 ) ) ;
#236 = DIRECTION ( 'NONE',  ( -1.000000000000000000, 0.000000000000000000, 0.000000000000000000 ) ) ;
#237 = ORIENTED_EDGE ( 'NONE', *, *, #2074, .F. ) ;
#238 = FACE_BOUND ( 'NONE', #1367, .T. ) ;
#239 = ADVANCED_FACE ( 'NONE', ( #460 ), #1447, .F. ) ;
#240 = DIRECTION ( 'NONE',  ( 0.000000000000000000, 0.000000000000000000, 1.000000000000000000 ) ) ;
#241 = CARTESIAN_POINT ( 'NONE',  ( 7.450000000000006395, 63.00000000000001421, 7.500000000000000000 ) ) ;
#242 = CARTESIAN_POINT ( 'NONE',  ( 0.000000000000000000, 30.00000000000000355, 5.000000000000000000 ) ) ;
#243 = AXIS2_PLACEMENT_3D ( 'NONE', #1557, #1689, #1830 ) ;
#244 = VECTOR ( 'NONE', #599, 1000.000000000000000 ) ;
#245 = DIRECTION ( 'NONE',  ( -1.000000000000000000, 0.000000000000000000, 0.000000000000000000 ) ) ;
#246 = VECTOR ( 'NONE', #1005, 1000.000000000000000 ) ;
#247 = DIRECTION ( 'NONE',  ( -0.000000000000000000, -0.000000000000000000, -1.000000000000000000 ) ) ;
#248 = CARTESIAN_POINT ( 'NONE',  ( 37.00000000000000711, 63.00000000000001421, 6.000000000000000000 ) ) ;
#249 = DIRECTION ( 'NONE',  ( -0.000000000000000000, 0.000000000000000000, 1.000000000000000000 ) ) ;
#250 = VERTEX_POINT ( 'NONE', #1612 ) ;
#251 = ORIENTED_EDGE ( 'NONE', *, *, #1748, .T. ) ;
#252 = CARTESIAN_POINT ( 'NONE',  ( 5.000000000000000000, 0.000000000000000000, 3.000000000000000000 ) ) ;
#253 = VECTOR ( 'NONE', #1510, 1000.000000000000000 ) ;
#254 = DIRECTION ( 'NONE',  ( -0.000000000000000000, -0.000000000000000000, -1.000000000000000000 ) ) ;
#255 = EDGE_CURVE ( 'NONE', #1315, #210, #1588, .T. ) ;
#256 = DIRECTION ( 'NONE',  ( -1.000000000000000000, 0.000000000000000000, 0.000000000000000000 ) ) ;
#257 = FACE_OUTER_BOUND ( 'NONE', #1148, .T. ) ;
#258 = CYLINDRICAL_SURFACE ( 'NONE', #706, 2.000000000000000000 ) ;
#259 = FACE_OUTER_BOUND ( 'NONE', #369, .T. ) ;
#260 = EDGE_LOOP ( 'NONE', ( #963, #678 ) ) ;
#261 = AXIS2_PLACEMENT_3D ( 'NONE', #496, #1979, #522 ) ;
#262 = LINE ( 'NONE', #384, #1018 ) ;
#263 = SHAPE_DEFINITION_REPRESENTATION ( #1222, #234 ) ;
#264 = DIRECTION ( 'NONE',  ( 0.000000000000000000, 0.000000000000000000, -1.000000000000000000 ) ) ;
#265 = EDGE_CURVE ( 'NONE', #933, #654, #1967, .T. ) ;
#266 = ORIENTED_EDGE ( 'NONE', *, *, #370, .F. ) ;
#267 = CARTESIAN_POINT ( 'NONE',  ( 7.450000000000006395, 63.00000000000001421, 7.500000000000000000 ) ) ;
#268 = LINE ( 'NONE', #785, #515 ) ;
#269 = EDGE_CURVE ( 'NONE', #489, #431, #1413, .T. ) ;
#270 = CARTESIAN_POINT ( 'NONE',  ( 13.00000000000000178, 31.00000000000000000, 3.000000000000000000 ) ) ;
#271 = CARTESIAN_POINT ( 'NONE',  ( 12.99999999999999645, 10.00000000000000000, 0.000000000000000000 ) ) ;
#272 = ORIENTED_EDGE ( 'NONE', *, *, #888, .F. ) ;
#273 = CARTESIAN_POINT ( 'NONE',  ( 33.00000000000000000, 0.000000000000000000, 0.000000000000000000 ) ) ;
#274 = ORIENTED_EDGE ( 'NONE', *, *, #1702, .F. ) ;
#275 = DIRECTION ( 'NONE',  ( 1.000000000000000000, 0.000000000000000000, 0.000000000000000000 ) ) ;
#276 = CARTESIAN_POINT ( 'NONE',  ( 5.000000000000000000, 95.00000000000000000, 3.000000000000000000 ) ) ;
#277 = CIRCLE ( 'NONE', #1634, 2.000000000000001776 ) ;
#278 = VERTEX_POINT ( 'NONE', #1404 ) ;
#279 = CARTESIAN_POINT ( 'NONE',  ( 35.45000000000000284, 63.00000000000001421, 6.000000000000000000 ) ) ;
#280 = DIRECTION ( 'NONE',  ( -1.000000000000000000, 0.000000000000000000, 0.000000000000000000 ) ) ;
#281 = EDGE_CURVE ( 'NONE', #1247, #383, #769, .T. ) ;
#282 = AXIS2_PLACEMENT_3D ( 'NONE', #1372, #343, #355 ) ;
#283 = ORIENTED_EDGE ( 'NONE', *, *, #1026, .T. ) ;
#284 = EDGE_CURVE ( 'NONE', #320, #702, #2060, .T. ) ;
#285 = CARTESIAN_POINT ( 'NONE',  ( 32.89204484175502330, 8.327857076035078521, 3.019060934553504438 ) ) ;
#286 = ORIENTED_EDGE ( 'NONE', *, *, #1136, .T. ) ;
#287 = DIRECTION ( 'NONE',  ( 1.000000000000000000, 0.000000000000000000, 0.000000000000000000 ) ) ;
#288 = AXIS2_PLACEMENT_3D ( 'NONE', #2123, #650, #1313 ) ;
#289 = ORIENTED_EDGE ( 'NONE', *, *, #1034, .T. ) ;
#290 = DIRECTION ( 'NONE',  ( 0.000000000000000000, 0.000000000000000000, -1.000000000000000000 ) ) ;
#291 = DIRECTION ( 'NONE',  ( -0.000000000000000000, -0.000000000000000000, 1.000000000000000000 ) ) ;
#292 = DIRECTION ( 'NONE',  ( -0.000000000000000000, -0.000000000000000000, -1.000000000000000000 ) ) ;
#293 = VECTOR ( 'NONE', #1251, 1000.000000000000000 ) ;
#294 = ORIENTED_EDGE ( 'NONE', *, *, #1997, .T. ) ;
#295 = CARTESIAN_POINT ( 'NONE',  ( 31.00000000000000000, 29.00000000000000000, 3.000000000000000000 ) ) ;
#296 = EDGE_CURVE ( 'NONE', #1562, #1285, #1040, .T. ) ;
#297 = CIRCLE ( 'NONE', #1302, 1.550000000000002709 ) ;
#298 = EDGE_LOOP ( 'NONE', ( #1640, #900, #1142, #1517, #1474, #1672, #991, #213, #222, #906, #336, #1246, #1328, #103 ) ) ;
#299 = ORIENTED_EDGE ( 'NONE', *, *, #1652, .F. ) ;
#300 = CARTESIAN_POINT ( 'NONE',  ( 12.99999999999999289, 35.00000000000000000, -7.000000000000000000 ) ) ;
#301 = CARTESIAN_POINT ( 'NONE',  ( 5.000000000000000000, 100.0000000000000000, 0.000000000000000000 ) ) ;
#302 = ORIENTED_EDGE ( 'NONE', *, *, #1912, .F. ) ;
#303 = EDGE_CURVE ( 'NONE', #1337, #782, #2096, .T. ) ;
#304 = DIRECTION ( 'NONE',  ( -1.000000000000000000, 0.000000000000000000, 0.000000000000000000 ) ) ;
#305 = PLANE ( 'NONE',  #1054 ) ;
#306 = ADVANCED_FACE ( 'NONE', ( #987 ), #996, .F. ) ;
#307 = FACE_OUTER_BOUND ( 'NONE', #887, .T. ) ;
#308 = ORIENTED_EDGE ( 'NONE', *, *, #1051, .T. ) ;
#309 = VERTEX_POINT ( 'NONE', #622 ) ;
#310 = VECTOR ( 'NONE', #1398, 1000.000000000000000 ) ;
#311 = VECTOR ( 'NONE', #1910, 1000.000000000000000 ) ;
#312 = CIRCLE ( 'NONE', #1733, 1.549999999999997602 ) ;
#313 = DIRECTION ( 'NONE',  ( 1.000000000000000000, 0.000000000000000000, -0.000000000000000000 ) ) ;
#314 = VERTEX_POINT ( 'NONE', #787 ) ;
#315 = CARTESIAN_POINT ( 'NONE',  ( 36.82842712474619873, 30.82842712474619518, 3.000000000000000888 ) ) ;
#316 = DIRECTION ( 'NONE',  ( 0.000000000000000000, 0.000000000000000000, -1.000000000000000000 ) ) ;
#317 = CARTESIAN_POINT ( 'NONE',  ( 6.000000000000000888, 91.00000000000001421, 6.000000000000000000 ) ) ;
#318 = VERTEX_POINT ( 'NONE', #1 ) ;
#319 = ADVANCED_FACE ( 'NONE', ( #1633 ), #1310, .T. ) ;
#320 = VERTEX_POINT ( 'NONE', #1286 ) ;
#321 = DIRECTION ( 'NONE',  ( -1.734723475976807341E-16, 1.000000000000000000, 0.000000000000000000 ) ) ;
#322 = CIRCLE ( 'NONE', #98, 2.000000000000000000 ) ;
#323 = VECTOR ( 'NONE', #1566, 1000.000000000000000 ) ;
#324 = VECTOR ( 'NONE', #1886, 1000.000000000000000 ) ;
#325 = CARTESIAN_POINT ( 'NONE',  ( 12.00000000000000355, 63.00000000000001421, 6.000000000000000000 ) ) ;
#326 = DIRECTION ( 'NONE',  ( 0.000000000000000000, 0.000000000000000000, -1.000000000000000000 ) ) ;
#327 = CARTESIAN_POINT ( 'NONE',  ( 40.00000000000000711, 63.00000000000001421, 6.000000000000000000 ) ) ;
#328 = DIRECTION ( 'NONE',  ( 1.000000000000000000, 0.000000000000000000, 0.000000000000000000 ) ) ;
#329 = ORIENTED_EDGE ( 'NONE', *, *, #406, .F. ) ;
#330 = CARTESIAN_POINT ( 'NONE',  ( 15.00000000000000178, 29.00000000000000000, 0.000000000000000000 ) ) ;
#331 = EDGE_CURVE ( 'NONE', #1762, #1815, #2109, .T. ) ;
#332 = EDGE_CURVE ( 'NONE', #911, #813, #1787, .T. ) ;
#333 = DIRECTION ( 'NONE',  ( -0.000000000000000000, -0.000000000000000000, 1.000000000000000000 ) ) ;
#334 = LINE ( 'NONE', #359, #1407 ) ;
#335 = CYLINDRICAL_SURFACE ( 'NONE', #1019, 3.000000000000000000 ) ;
#336 = ORIENTED_EDGE ( 'NONE', *, *, #214, .F. ) ;
#337 = DIRECTION ( 'NONE',  ( 0.000000000000000000, -0.000000000000000000, 1.000000000000000000 ) ) ;
#338 = ORIENTED_EDGE ( 'NONE', *, *, #685, .T. ) ;
#339 = CARTESIAN_POINT ( 'NONE',  ( 15.00000000000000533, 7.000000000000000000, -7.000000000000000000 ) ) ;
#340 = EDGE_CURVE ( 'NONE', #862, #1261, #655, .T. ) ;
#341 = AXIS2_PLACEMENT_3D ( 'NONE', #1760, #946, #127 ) ;
#342 = VECTOR ( 'NONE', #1168, 1000.000000000000000 ) ;
#343 = DIRECTION ( 'NONE',  ( -0.000000000000000000, -0.000000000000000000, -1.000000000000000000 ) ) ;
#344 = AXIS2_PLACEMENT_3D ( 'NONE', #400, #232, #1069 ) ;
#345 = EDGE_CURVE ( 'NONE', #314, #391, #2004, .T. ) ;
#346 = ORIENTED_EDGE ( 'NONE', *, *, #1636, .F. ) ;
#347 = CARTESIAN_POINT ( 'NONE',  ( 31.00000000000000000, 31.00000000000000000, 0.000000000000000000 ) ) ;
#348 = CIRCLE ( 'NONE', #378, 1.550000000000002709 ) ;
#349 = FACE_OUTER_BOUND ( 'NONE', #1611, .T. ) ;
#350 = LINE ( 'NONE', #2042, #220 ) ;
#351 = ORIENTED_EDGE ( 'NONE', *, *, #1338, .F. ) ;
#352 = AXIS2_PLACEMENT_3D ( 'NONE', #1154, #1818, #1964 ) ;
#353 = CARTESIAN_POINT ( 'NONE',  ( 12.00000000000000000, 91.00000000000001421, 6.000000000000000000 ) ) ;
#354 = ORIENTED_EDGE ( 'NONE', *, *, #1498, .T. ) ;
#355 = DIRECTION ( 'NONE',  ( -1.000000000000000000, 0.000000000000000000, 0.000000000000000000 ) ) ;
#356 = ORIENTED_EDGE ( 'NONE', *, *, #742, .F. ) ;
#357 = FACE_OUTER_BOUND ( 'NONE', #1228, .T. ) ;
#358 = AXIS2_PLACEMENT_3D ( 'NONE', #1167, #825, #845 ) ;
#359 = CARTESIAN_POINT ( 'NONE',  ( 12.99999999999999289, 35.00000000000000000, 3.000000000000000000 ) ) ;
#360 = EDGE_CURVE ( 'NONE', #1285, #1349, #2108, .T. ) ;
#361 = DIRECTION ( 'NONE',  ( -1.000000000000000000, 0.000000000000000000, 0.000000000000000000 ) ) ;
#362 = CIRCLE ( 'NONE', #749, 1.549999999999997602 ) ;
#363 = DIRECTION ( 'NONE',  ( -0.000000000000000000, -0.000000000000000000, 1.000000000000000000 ) ) ;
#364 = DIRECTION ( 'NONE',  ( 0.000000000000000000, 0.000000000000000000, -1.000000000000000000 ) ) ;
#365 = DIRECTION ( 'NONE',  ( -1.224646799147353207E-16, 1.000000000000000000, 0.000000000000000000 ) ) ;
#366 = ORIENTED_EDGE ( 'NONE', *, *, #1308, .F. ) ;
#367 = CARTESIAN_POINT ( 'NONE',  ( 13.00000000000000533, 9.000000000000001776, 3.267949192431123251 ) ) ;
#368 = EDGE_CURVE ( 'NONE', #1240, #672, #1972, .T. ) ;
#369 = EDGE_LOOP ( 'NONE', ( #1072, #577, #26, #1883, #796, #1444, #1620 ) ) ;
#370 = EDGE_CURVE ( 'NONE', #314, #210, #1665, .T. ) ;
#371 = LINE ( 'NONE', #1880, #526 ) ;
#372 = ORIENTED_EDGE ( 'NONE', *, *, #715, .T. ) ;
#373 = CYLINDRICAL_SURFACE ( 'NONE', #1291, 5.000000000000000000 ) ;
#374 = ORIENTED_EDGE ( 'NONE', *, *, #1436, .T. ) ;
#375 = CIRCLE ( 'NONE', #243, 2.000000000000001776 ) ;
#376 = SURFACE_STYLE_USAGE ( .BOTH. , #728 ) ;
#377 = CIRCLE ( 'NONE', #1452, 2.000000000000000000 ) ;
#378 = AXIS2_PLACEMENT_3D ( 'NONE', #758, #1559, #601 ) ;
#379 = EDGE_CURVE ( 'NONE', #1138, #179, #1080, .T. ) ;
#380 = PLANE ( 'NONE',  #484 ) ;
#381 = CARTESIAN_POINT ( 'NONE',  ( 8.000000000000000000, 32.00000000000000000, 3.000000000000000000 ) ) ;
#382 = CARTESIAN_POINT ( 'NONE',  ( 9.000000000000005329, 63.00000000000001421, 3.000000000000000000 ) ) ;
#383 = VERTEX_POINT ( 'NONE', #295 ) ;
#384 = CARTESIAN_POINT ( 'NONE',  ( 6.000000000000004441, 63.00000000000001421, 6.000000000000000000 ) ) ;
#385 = LINE ( 'NONE', #2014, #1049 ) ;
#386 = EDGE_LOOP ( 'NONE', ( #1927, #1734, #1971, #1950 ) ) ;
#387 = DIRECTION ( 'NONE',  ( 0.000000000000000000, 0.000000000000000000, -1.000000000000000000 ) ) ;
#388 = DIRECTION ( 'NONE',  ( -1.000000000000000000, 0.000000000000000000, 0.000000000000000000 ) ) ;
#389 = AXIS2_PLACEMENT_3D ( 'NONE', #382, #735, #910 ) ;
#390 = LINE ( 'NONE', #40, #1735 ) ;
#391 = VERTEX_POINT ( 'NONE', #1624 ) ;
#392 = ADVANCED_FACE ( 'NONE', ( #1947 ), #135, .F. ) ;
#393 = CARTESIAN_POINT ( 'NONE',  ( 37.00000000000000711, 63.00000000000001421, 5.000000000000000000 ) ) ;
#394 = CARTESIAN_POINT ( 'NONE',  ( 5.000000000000000000, 95.00000000000000000, 0.000000000000000000 ) ) ;
#395 = ORIENTED_EDGE ( 'NONE', *, *, #1775, .T. ) ;
#396 = FACE_BOUND ( 'NONE', #1098, .T. ) ;
#397 =( NAMED_UNIT ( * ) PLANE_ANGLE_UNIT ( ) SI_UNIT ( $, .RADIAN. ) );
#398 = ORIENTED_EDGE ( 'NONE', *, *, #698, .F. ) ;
#399 = CARTESIAN_POINT ( 'NONE',  ( 40.00000000000000711, 91.00000000000001421, 6.000000000000000000 ) ) ;
#400 = CARTESIAN_POINT ( 'NONE',  ( 9.000000000000005329, 63.00000000000001421, 6.000000000000000000 ) ) ;
#401 = CARTESIAN_POINT ( 'NONE',  ( 31.00000000000000000, 7.000000000000000000, 0.000000000000000000 ) ) ;
#402 = CARTESIAN_POINT ( 'NONE',  ( 10.55000000000000249, 63.00000000000001421, 6.000000000000000000 ) ) ;
#403 = LINE ( 'NONE', #242, #1838 ) ;
#404 = ORIENTED_EDGE ( 'NONE', *, *, #1568, .F. ) ;
#405 = DIRECTION ( 'NONE',  ( -1.000000000000000000, -0.000000000000000000, -0.000000000000000000 ) ) ;
#406 = EDGE_CURVE ( 'NONE', #589, #736, #1185, .T. ) ;
#407 = UNCERTAINTY_MEASURE_WITH_UNIT (LENGTH_MEASURE( 1.000000000000000082E-05 ), #70, 'distance_accuracy_value', 'NONE');
#408 = APPLICATION_PROTOCOL_DEFINITION ( 'draft international standard', 'automotive_design', 1998, #699 ) ;
#409 = ORIENTED_EDGE ( 'NONE', *, *, #2045, .T. ) ;
#410 = DIRECTION ( 'NONE',  ( -0.000000000000000000, -0.000000000000000000, 1.000000000000000000 ) ) ;
#411 = AXIS2_PLACEMENT_3D ( 'NONE', #2104, #756, #1583 ) ;
#412 = EDGE_LOOP ( 'NONE', ( #1684, #1630 ) ) ;
#413 = VECTOR ( 'NONE', #2073, 1000.000000000000000 ) ;
#414 = CARTESIAN_POINT ( 'NONE',  ( 15.00000000000000178, 35.00000000000000000, 0.000000000000000000 ) ) ;
#415 = DIRECTION ( 'NONE',  ( 0.000000000000000000, 0.000000000000000000, 1.000000000000000000 ) ) ;
#416 = CARTESIAN_POINT ( 'NONE',  ( 38.55000000000001137, 91.00000000000001421, 6.000000000000000000 ) ) ;
#417 = LINE ( 'NONE', #1087, #1505 ) ;
#418 = VERTEX_POINT ( 'NONE', #1954 ) ;
#419 =( LENGTH_UNIT ( ) NAMED_UNIT ( * ) SI_UNIT ( .MILLI., .METRE. ) );
#420 = ORIENTED_EDGE ( 'NONE', *, *, #804, .T. ) ;
#421 = DIRECTION ( 'NONE',  ( -1.000000000000000000, 0.000000000000000000, 0.000000000000000000 ) ) ;
#422 = EDGE_CURVE ( 'NONE', #250, #654, #212, .T. ) ;
#423 = TOROIDAL_SURFACE ( 'NONE', #2044, 5.000000000000000000, 2.000000000000000000 ) ;
#424 = EDGE_CURVE ( 'NONE', #612, #470, #978, .T. ) ;
#425 = VECTOR ( 'NONE', #388, 1000.000000000000000 ) ;
#426 = EDGE_LOOP ( 'NONE', ( #602, #1513, #2114, #42 ) ) ;
#427 = CARTESIAN_POINT ( 'NONE',  ( 15.00000000000000533, 9.000000000000001776, 3.000000000000000000 ) ) ;
#428 = FACE_OUTER_BOUND ( 'NONE', #777, .T. ) ;
#429 = DIRECTION ( 'NONE',  ( 0.000000000000000000, 0.000000000000000000, -1.000000000000000000 ) ) ;
#430 = EDGE_LOOP ( 'NONE', ( #181, #1554, #867, #927 ) ) ;
#431 = VERTEX_POINT ( 'NONE', #7 ) ;
#432 = VECTOR ( 'NONE', #264, 1000.000000000000000 ) ;
#433 = CARTESIAN_POINT ( 'NONE',  ( 15.00000000000000533, 12.00000000000000000, 3.000000000000000000 ) ) ;
#434 = CARTESIAN_POINT ( 'NONE',  ( 33.00000000000000000, 9.732050807568880302, 4.000000000000000000 ) ) ;
#435 = ORIENTED_EDGE ( 'NONE', *, *, #1716, .F. ) ;
#436 = VERTEX_POINT ( 'NONE', #667 ) ;
#437 = EDGE_CURVE ( 'NONE', #1715, #640, #1330, .T. ) ;
#438 = ORIENTED_EDGE ( 'NONE', *, *, #1528, .T. ) ;
#439 = ADVANCED_FACE ( 'NONE', ( #1987 ), #197, .T. ) ;
#440 = VERTEX_POINT ( 'NONE', #2009 ) ;
#441 = ORIENTED_EDGE ( 'NONE', *, *, #1841, .T. ) ;
#442 = DIRECTION ( 'NONE',  ( 0.000000000000000000, 0.000000000000000000, -1.000000000000000000 ) ) ;
#443 = DIRECTION ( 'NONE',  ( -0.000000000000000000, 0.000000000000000000, 1.000000000000000000 ) ) ;
#444 = EDGE_LOOP ( 'NONE', ( #1711, #596, #1363, #952 ) ) ;
#445 = ORIENTED_EDGE ( 'NONE', *, *, #255, .F. ) ;
#446 = ORIENTED_EDGE ( 'NONE', *, *, #501, .T. ) ;
#447 = AXIS2_PLACEMENT_3D ( 'NONE', #908, #1622, #1753 ) ;
#448 = CARTESIAN_POINT ( 'NONE',  ( 12.99999999999999645, 12.00000000000000000, 3.000000000000000000 ) ) ;
#449 = ORIENTED_EDGE ( 'NONE', *, *, #1311, .F. ) ;
#450 = DIRECTION ( 'NONE',  ( 1.000000000000000000, 0.000000000000000000, 0.000000000000000000 ) ) ;
#451 = FACE_OUTER_BOUND ( 'NONE', #628, .T. ) ;
#452 = EDGE_CURVE ( 'NONE', #1138, #1815, #808, .T. ) ;
#453 = AXIS2_PLACEMENT_3D ( 'NONE', #1754, #576, #1572 ) ;
#454 = ORIENTED_EDGE ( 'NONE', *, *, #1096, .F. ) ;
#455 = DIRECTION ( 'NONE',  ( 1.734723475976807341E-16, -1.000000000000000000, 0.000000000000000000 ) ) ;
#456 = VERTEX_POINT ( 'NONE', #1851 ) ;
#457 = VERTEX_POINT ( 'NONE', #1207 ) ;
#458 = AXIS2_PLACEMENT_3D ( 'NONE', #1092, #240, #580 ) ;
#459 = ORIENTED_EDGE ( 'NONE', *, *, #593, .F. ) ;
#460 = FACE_OUTER_BOUND ( 'NONE', #1208, .T. ) ;
#461 = CARTESIAN_POINT ( 'NONE',  ( 37.00000000000000711, 91.00000000000001421, 6.000000000000000000 ) ) ;
#462 = AXIS2_PLACEMENT_3D ( 'NONE', #1158, #1347, #1791 ) ;
#463 = ADVANCED_FACE ( 'NONE', ( #531 ), #373, .T. ) ;
#464 = CARTESIAN_POINT ( 'NONE',  ( 37.00000000000000711, 91.00000000000001421, 7.500000000000000000 ) ) ;
#465 = EDGE_CURVE ( 'NONE', #436, #2084, #1198, .T. ) ;
#466 = ORIENTED_EDGE ( 'NONE', *, *, #1112, .T. ) ;
#467 = CIRCLE ( 'NONE', #2021, 5.000000000000000000 ) ;
#468 = CARTESIAN_POINT ( 'NONE',  ( 38.00000000000000711, 32.00000000000000000, 3.000000000000000000 ) ) ;
#469 = CARTESIAN_POINT ( 'NONE',  ( 38.55000000000001137, 63.00000000000001421, 7.500000000000000000 ) ) ;
#470 = VERTEX_POINT ( 'NONE', #185 ) ;
#471 = CARTESIAN_POINT ( 'NONE',  ( 13.00000000000000178, 33.00000000000000000, 5.000000000000000000 ) ) ;
#472 = EDGE_LOOP ( 'NONE', ( #1709, #1252, #420, #366 ) ) ;
#473 = ORIENTED_EDGE ( 'NONE', *, *, #1420, .F. ) ;
#474 = PRODUCT_RELATED_PRODUCT_CATEGORY ( 'part', '', ( #68 ) ) ;
#475 = CARTESIAN_POINT ( 'NONE',  ( 32.00000000000000000, 63.00000000000001421, 5.000000000000000000 ) ) ;
#476 = CARTESIAN_POINT ( 'NONE',  ( 0.000000000000000000, 5.000000000000000000, 3.000000000000000000 ) ) ;
#477 = ADVANCED_FACE ( 'NONE', ( #1873 ), #1187, .T. ) ;
#478 = FACE_OUTER_BOUND ( 'NONE', #759, .T. ) ;
#479 = EDGE_LOOP ( 'NONE', ( #104, #1521 ) ) ;
#480 = ORIENTED_EDGE ( 'NONE', *, *, #1682, .F. ) ;
#481 = CIRCLE ( 'NONE', #1934, 5.000000000000000000 ) ;
#482 = FACE_BOUND ( 'NONE', #479, .T. ) ;
#483 = VERTEX_POINT ( 'NONE', #516 ) ;
#484 = AXIS2_PLACEMENT_3D ( 'NONE', #215, #723, #225 ) ;
#485 = AXIS2_PLACEMENT_3D ( 'NONE', #393, #1086, #1063 ) ;
#486 = CARTESIAN_POINT ( 'NONE',  ( 13.00000000000000711, 2.255140518769850406E-15, 3.000000000000000000 ) ) ;
#487 = DIRECTION ( 'NONE',  ( 0.000000000000000000, 0.000000000000000000, 1.000000000000000000 ) ) ;
#488 = CYLINDRICAL_SURFACE ( 'NONE', #1846, 1.549999999999998490 ) ;
#489 = VERTEX_POINT ( 'NONE', #381 ) ;
#490 = EDGE_CURVE ( 'NONE', #512, #391, #1695, .T. ) ;
#491 = ORIENTED_EDGE ( 'NONE', *, *, #632, .T. ) ;
#492 = ADVANCED_FACE ( 'NONE', ( #54 ), #1677, .F. ) ;
#493 = VECTOR ( 'NONE', #2052, 1000.000000000000000 ) ;
#494 = VECTOR ( 'NONE', #1981, 1000.000000000000000 ) ;
#495 = DIRECTION ( 'NONE',  ( -1.000000000000000000, 0.000000000000000000, 0.000000000000000000 ) ) ;
#496 = CARTESIAN_POINT ( 'NONE',  ( 37.00000000000000711, 63.00000000000001421, 7.500000000000000000 ) ) ;
#497 = DIRECTION ( 'NONE',  ( 0.000000000000000000, 0.000000000000000000, 1.000000000000000000 ) ) ;
#498 = DIRECTION ( 'NONE',  ( -0.000000000000000000, -0.000000000000000000, -1.000000000000000000 ) ) ;
#499 = CARTESIAN_POINT ( 'NONE',  ( 12.99999999999999289, 33.00000000000000000, 3.000000000000000000 ) ) ;
#500 = EDGE_LOOP ( 'NONE', ( #6, #1657, #374, #164 ) ) ;
#501 = EDGE_CURVE ( 'NONE', #736, #568, #2022, .T. ) ;
#502 = VERTEX_POINT ( 'NONE', #1541 ) ;
#503 = ORIENTED_EDGE ( 'NONE', *, *, #1845, .F. ) ;
#504 = FACE_OUTER_BOUND ( 'NONE', #444, .T. ) ;
#505 = EDGE_CURVE ( 'NONE', #732, #1315, #1175, .T. ) ;
#506 = CARTESIAN_POINT ( 'NONE',  ( 12.99999999999999289, 29.00000000000000000, -7.000000000000000000 ) ) ;
#507 = ORIENTED_EDGE ( 'NONE', *, *, #1817, .T. ) ;
#508 = DIRECTION ( 'NONE',  ( 1.000000000000000000, 2.312964634635743943E-16, 0.000000000000000000 ) ) ;
#509 = DIRECTION ( 'NONE',  ( 0.000000000000000000, 0.000000000000000000, 1.000000000000000000 ) ) ;
#510 = DIRECTION ( 'NONE',  ( -1.000000000000000000, 0.000000000000000000, 0.000000000000000000 ) ) ;
#511 = CARTESIAN_POINT ( 'NONE',  ( 8.000000000000000000, 30.00000000000000000, 3.000000000000000000 ) ) ;
#512 = VERTEX_POINT ( 'NONE', #1020 ) ;
#513 = ADVANCED_FACE ( 'NONE', ( #544 ), #677, .T. ) ;
#514 = EDGE_CURVE ( 'NONE', #948, #318, #1794, .T. ) ;
#515 = VECTOR ( 'NONE', #1440, 1000.000000000000000 ) ;
#516 = CARTESIAN_POINT ( 'NONE',  ( 0.000000000000000000, 95.00000000000000000, 3.000000000000000000 ) ) ;
#517 = B_SPLINE_CURVE_WITH_KNOTS ( 'NONE', 3,
 ( #1203, #1043, #229, #895, #1853, #367 ),
 .UNSPECIFIED., .F., .F.,
 ( 4, 2, 4 ),
 ( 0.000000000000000000, 0.0005440244796321375489, 0.001088048959264275098 ),
 .UNSPECIFIED. ) ;
#518 = ORIENTED_EDGE ( 'NONE', *, *, #2130, .F. ) ;
#519 = FACE_OUTER_BOUND ( 'NONE', #1265, .T. ) ;
#520 = DIRECTION ( 'NONE',  ( -0.000000000000000000, -0.000000000000000000, 1.000000000000000000 ) ) ;
#521 = AXIS2_PLACEMENT_3D ( 'NONE', #75, #429, #1388 ) ;
#522 = DIRECTION ( 'NONE',  ( 1.000000000000000000, 0.000000000000000000, -0.000000000000000000 ) ) ;
#523 = CARTESIAN_POINT ( 'NONE',  ( 37.00000000000000711, 91.00000000000001421, 7.500000000000000000 ) ) ;
#524 = CARTESIAN_POINT ( 'NONE',  ( 15.00000000000000533, 10.00000000000000000, 5.000000000000000000 ) ) ;
#525 = LINE ( 'NONE', #1835, #97 ) ;
#526 = VECTOR ( 'NONE', #1035, 1000.000000000000000 ) ;
#527 = CARTESIAN_POINT ( 'NONE',  ( 9.000000000000005329, 63.00000000000001421, 6.000000000000000000 ) ) ;
#528 = CARTESIAN_POINT ( 'NONE',  ( 11.94999999999999574, 30.00000000000000000, 5.000000000000000000 ) ) ;
#529 = CYLINDRICAL_SURFACE ( 'NONE', #1701, 3.000000000000000000 ) ;
#530 = AXIS2_PLACEMENT_3D ( 'NONE', #1032, #1697, #881 ) ;
#531 = FACE_OUTER_BOUND ( 'NONE', #1412, .T. ) ;
#532 = ADVANCED_FACE ( 'NONE', ( #724 ), #2029, .T. ) ;
#533 = VERTEX_POINT ( 'NONE', #32 ) ;
#534 = CARTESIAN_POINT ( 'NONE',  ( 38.00000000000000711, 32.00000000000000000, 3.000000000000000000 ) ) ;
#535 = VECTOR ( 'NONE', #1178, 1000.000000000000000 ) ;
#536 = ADVANCED_FACE ( 'NONE', ( #688 ), #1042, .F. ) ;
#537 = CARTESIAN_POINT ( 'NONE',  ( 32.99999999999999289, 35.00000000000000000, 3.000000000000000000 ) ) ;
#538 = DIRECTION ( 'NONE',  ( -0.000000000000000000, -0.000000000000000000, -1.000000000000000000 ) ) ;
#539 = CARTESIAN_POINT ( 'NONE',  ( 9.000000000000005329, 63.00000000000001421, 5.000000000000000000 ) ) ;
#540 = VERTEX_POINT ( 'NONE', #1687 ) ;
#541 = CIRCLE ( 'NONE', #823, 2.000000000000000000 ) ;
#542 = DIRECTION ( 'NONE',  ( 0.000000000000000000, 0.000000000000000000, -1.000000000000000000 ) ) ;
#543 = FACE_OUTER_BOUND ( 'NONE', #74, .T. ) ;
#544 = FACE_OUTER_BOUND ( 'NONE', #564, .T. ) ;
#545 = ORIENTED_EDGE ( 'NONE', *, *, #1013, .T. ) ;
#546 = EDGE_CURVE ( 'NONE', #470, #1463, #1560, .T. ) ;
#547 = CARTESIAN_POINT ( 'NONE',  ( 40.00000000000000711, 63.00000000000001421, 6.000000000000000000 ) ) ;
#548 = ADVANCED_FACE ( 'NONE', ( #924 ), #258, .F. ) ;
#549 = CARTESIAN_POINT ( 'NONE',  ( 31.00000000000000000, 12.00000000000000000, 3.000000000000000000 ) ) ;
#550 = ORIENTED_EDGE ( 'NONE', *, *, #176, .F. ) ;
#551 = DIRECTION ( 'NONE',  ( -1.000000000000000000, 0.000000000000000000, 0.000000000000000000 ) ) ;
#552 = ORIENTED_EDGE ( 'NONE', *, *, #1550, .F. ) ;
#553 = AXIS2_PLACEMENT_3D ( 'NONE', #792, #1649, #328 ) ;
#554 = CYLINDRICAL_SURFACE ( 'NONE', #1089, 3.000000000000002665 ) ;
#555 = ORIENTED_EDGE ( 'NONE', *, *, #715, .F. ) ;
#556 = CIRCLE ( 'NONE', #1837, 1.549999999999997602 ) ;
#557 = CARTESIAN_POINT ( 'NONE',  ( 0.000000000000000000, 7.000000000000000000, 0.000000000000000000 ) ) ;
#558 = VECTOR ( 'NONE', #822, 1000.000000000000000 ) ;
#559 = EDGE_CURVE ( 'NONE', #1471, #106, #1101, .T. ) ;
#560 = ADVANCED_FACE ( 'NONE', ( #2049, #1411 ), #1250, .T. ) ;
#561 = ORIENTED_EDGE ( 'NONE', *, *, #1973, .T. ) ;
#562 = DIRECTION ( 'NONE',  ( 1.000000000000000000, 0.000000000000000000, 0.000000000000000000 ) ) ;
#563 = DIRECTION ( 'NONE',  ( 0.000000000000000000, 0.000000000000000000, 1.000000000000000000 ) ) ;
#564 = EDGE_LOOP ( 'NONE', ( #674, #750, #1856, #1162 ) ) ;
#565 = PRESENTATION_LAYER_ASSIGNMENT (  '', '', ( #1536 ) ) ;
#566 = CARTESIAN_POINT ( 'NONE',  ( 9.171572875253810153, 30.82842712474619518, 3.000000000000000000 ) ) ;
#567 = CARTESIAN_POINT ( 'NONE',  ( 41.00000000000000000, 5.000000000000000000, 0.000000000000000000 ) ) ;
#568 = VERTEX_POINT ( 'NONE', #416 ) ;
#569 = CYLINDRICAL_SURFACE ( 'NONE', #1747, 2.000000000000001776 ) ;
#570 = CIRCLE ( 'NONE', #1779, 5.000000000000000000 ) ;
#571 = CARTESIAN_POINT ( 'NONE',  ( 13.00000000000000533, 9.732050807568876749, 4.000000000000000000 ) ) ;
#572 = VECTOR ( 'NONE', #292, 1000.000000000000000 ) ;
#573 = FACE_OUTER_BOUND ( 'NONE', #1002, .T. ) ;
#574 = DIRECTION ( 'NONE',  ( 0.000000000000000000, -1.000000000000000000, 0.000000000000000000 ) ) ;
#575 = EDGE_CURVE ( 'NONE', #813, #1617, #1493, .T. ) ;
#576 = DIRECTION ( 'NONE',  ( 0.000000000000000000, 0.000000000000000000, -1.000000000000000000 ) ) ;
#577 = ORIENTED_EDGE ( 'NONE', *, *, #370, .T. ) ;
#578 = DIRECTION ( 'NONE',  ( -1.000000000000000000, 0.000000000000000000, 0.000000000000000000 ) ) ;
#579 = CARTESIAN_POINT ( 'NONE',  ( 12.99999999999999289, 29.00000000000000000, 3.000000000000000000 ) ) ;
#580 = DIRECTION ( 'NONE',  ( 1.000000000000000000, 0.000000000000000000, 0.000000000000000000 ) ) ;
#581 = VERTEX_POINT ( 'NONE', #1418 ) ;
#582 = DIRECTION ( 'NONE',  ( 0.000000000000000000, 0.000000000000000000, 1.000000000000000000 ) ) ;
#583 = ORIENTED_EDGE ( 'NONE', *, *, #360, .F. ) ;
#584 = CARTESIAN_POINT ( 'NONE',  ( 7.450000000000002842, 91.00000000000001421, 7.500000000000000000 ) ) ;
#585 = PLANE ( 'NONE',  #447 ) ;
#586 = DIRECTION ( 'NONE',  ( -1.000000000000000000, 0.000000000000000000, 0.000000000000000000 ) ) ;
#587 = CARTESIAN_POINT ( 'NONE',  ( 15.00000000000000533, 10.00000000000000000, 3.000000000000000000 ) ) ;
#588 = EDGE_CURVE ( 'NONE', #654, #933, #1007, .T. ) ;
#589 = VERTEX_POINT ( 'NONE', #1742 ) ;
#590 = CARTESIAN_POINT ( 'NONE',  ( 37.00000000000000711, 91.00000000000001421, 3.000000000000000000 ) ) ;
#591 = DIRECTION ( 'NONE',  ( 0.000000000000000000, 0.000000000000000000, 1.000000000000000000 ) ) ;
#592 = APPLICATION_PROTOCOL_DEFINITION ( 'draft international standard', 'automotive_design', 1998, #140 ) ;
#593 = EDGE_CURVE ( 'NONE', #1349, #1285, #1257, .T. ) ;
#594 = CARTESIAN_POINT ( 'NONE',  ( 41.00000000000000000, 100.0000000000000000, 3.000000000000000000 ) ) ;
#595 = AXIS2_PLACEMENT_3D ( 'NONE', #697, #1360, #2006 ) ;
#596 = ORIENTED_EDGE ( 'NONE', *, *, #2045, .F. ) ;
#597 = AXIS2_PLACEMENT_3D ( 'NONE', #183, #1133, #1472 ) ;
#598 = ORIENTED_EDGE ( 'NONE', *, *, #947, .F. ) ;
#599 = DIRECTION ( 'NONE',  ( -1.000000000000000000, -0.000000000000000000, -0.000000000000000000 ) ) ;
#600 = CARTESIAN_POINT ( 'NONE',  ( 5.000000000000000000, 100.0000000000000000, 3.000000000000000000 ) ) ;
#601 = DIRECTION ( 'NONE',  ( 1.000000000000000000, 0.000000000000000000, 0.000000000000000000 ) ) ;
#602 = ORIENTED_EDGE ( 'NONE', *, *, #1425, .F. ) ;
#603 = EDGE_LOOP ( 'NONE', ( #882, #286 ) ) ;
#604 = EDGE_CURVE ( 'NONE', #568, #838, #348, .T. ) ;
#605 = VECTOR ( 'NONE', #1267, 1000.000000000000000 ) ;
#606 = ORIENTED_EDGE ( 'NONE', *, *, #1457, .F. ) ;
#607 = CIRCLE ( 'NONE', #783, 2.000000000000001776 ) ;
#608 = ORIENTED_EDGE ( 'NONE', *, *, #1528, .F. ) ;
#609 = ORIENTED_EDGE ( 'NONE', *, *, #1433, .F. ) ;
#610 = DIRECTION ( 'NONE',  ( -1.000000000000000000, 0.000000000000000000, 0.000000000000000000 ) ) ;
#611 = FACE_OUTER_BOUND ( 'NONE', #1923, .T. ) ;
#612 = VERTEX_POINT ( 'NONE', #270 ) ;
#613 = DIRECTION ( 'NONE',  ( -1.000000000000000000, 0.000000000000000000, 0.000000000000000000 ) ) ;
#614 = DIRECTION ( 'NONE',  ( 1.000000000000000000, 0.000000000000000000, 0.000000000000000000 ) ) ;
#615 = ORIENTED_EDGE ( 'NONE', *, *, #1801, .F. ) ;
#616 = EDGE_LOOP ( 'NONE', ( #206, #1887, #839, #1401 ) ) ;
#617 = ADVANCED_FACE ( 'NONE', ( #1723 ), #1714, .F. ) ;
#618 = ORIENTED_EDGE ( 'NONE', *, *, #490, .T. ) ;
#619 = DIRECTION ( 'NONE',  ( 0.000000000000000000, 0.000000000000000000, -1.000000000000000000 ) ) ;
#620 = PLANE ( 'NONE',  #411 ) ;
#621 = ORIENTED_EDGE ( 'NONE', *, *, #2027, .T. ) ;
#622 = CARTESIAN_POINT ( 'NONE',  ( 38.55000000000001137, 63.00000000000001421, 6.000000000000000000 ) ) ;
#623 = ORIENTED_EDGE ( 'NONE', *, *, #1446, .F. ) ;
#624 = ORIENTED_EDGE ( 'NONE', *, *, #644, .T. ) ;
#625 = AXIS2_PLACEMENT_3D ( 'NONE', #794, #1593, #923 ) ;
#626 = EDGE_CURVE ( 'NONE', #1983, #440, #1289, .T. ) ;
#627 = DIRECTION ( 'NONE',  ( 0.000000000000000000, 0.000000000000000000, 1.000000000000000000 ) ) ;
#628 = EDGE_LOOP ( 'NONE', ( #960, #2065, #120, #266 ) ) ;
#629 = DIRECTION ( 'NONE',  ( -0.000000000000000000, -0.000000000000000000, 1.000000000000000000 ) ) ;
#630 = DIRECTION ( 'NONE',  ( 1.000000000000000000, 0.000000000000000000, 0.000000000000000000 ) ) ;
#631 = AXIS2_PLACEMENT_3D ( 'NONE', #891, #1732, #562 ) ;
#632 = EDGE_CURVE ( 'NONE', #1503, #1628, #312, .T. ) ;
#633 = AXIS2_PLACEMENT_3D ( 'NONE', #1651, #1676, #852 ) ;
#634 = ORIENTED_EDGE ( 'NONE', *, *, #465, .F. ) ;
#635 = DIRECTION ( 'NONE',  ( 0.000000000000000000, -0.000000000000000000, 1.000000000000000000 ) ) ;
#636 = CYLINDRICAL_SURFACE ( 'NONE', #19, 1.550000000000002709 ) ;
#637 = EDGE_LOOP ( 'NONE', ( #1788, #1879, #583, #128 ) ) ;
#638 = TOROIDAL_SURFACE ( 'NONE', #288, 5.000000000000000000, 2.000000000000000000 ) ;
#639 = EDGE_LOOP ( 'NONE', ( #251, #1579 ) ) ;
#640 = VERTEX_POINT ( 'NONE', #1893 ) ;
#641 = DIRECTION ( 'NONE',  ( -0.000000000000000000, -0.000000000000000000, 1.000000000000000000 ) ) ;
#642 = VECTOR ( 'NONE', #1821, 1000.000000000000000 ) ;
#643 = ORIENTED_EDGE ( 'NONE', *, *, #1789, .T. ) ;
#644 = EDGE_CURVE ( 'NONE', #1010, #456, #403, .T. ) ;
#645 = CARTESIAN_POINT ( 'NONE',  ( 11.94999999999999929, 8.000000000000000000, 5.000000000000000000 ) ) ;
#646 = ORIENTED_EDGE ( 'NONE', *, *, #345, .T. ) ;
#647 = AXIS2_PLACEMENT_3D ( 'NONE', #768, #928, #1074 ) ;
#648 = ORIENTED_EDGE ( 'NONE', *, *, #1713, .T. ) ;
#649 = LINE ( 'NONE', #187, #1782 ) ;
#650 = DIRECTION ( 'NONE',  ( 0.000000000000000000, 0.000000000000000000, -1.000000000000000000 ) ) ;
#651 = DIRECTION ( 'NONE',  ( 0.000000000000000000, 0.000000000000000000, 1.000000000000000000 ) ) ;
#652 = ORIENTED_EDGE ( 'NONE', *, *, #1013, .F. ) ;
#653 = CARTESIAN_POINT ( 'NONE',  ( 32.99999999999999289, 0.000000000000000000, 0.000000000000000000 ) ) ;
#654 = VERTEX_POINT ( 'NONE', #113 ) ;
#655 = LINE ( 'NONE', #148, #741 ) ;
#656 = ADVANCED_FACE ( 'NONE', ( #504 ), #1642, .F. ) ;
#657 = DIRECTION ( 'NONE',  ( 1.156482317317871725E-16, -1.000000000000000000, 0.000000000000000000 ) ) ;
#658 = DIRECTION ( 'NONE',  ( -1.000000000000000000, 0.000000000000000000, 0.000000000000000000 ) ) ;
#659 = DIRECTION ( 'NONE',  ( -0.000000000000000000, -0.000000000000000000, 1.000000000000000000 ) ) ;
#660 = DIRECTION ( 'NONE',  ( -1.000000000000000000, 0.000000000000000000, 0.000000000000000000 ) ) ;
#661 = EDGE_LOOP ( 'NONE', ( #114, #1181 ) ) ;
#662 = DIRECTION ( 'NONE',  ( 0.000000000000000000, 0.000000000000000000, -1.000000000000000000 ) ) ;
#663 = VECTOR ( 'NONE', #139, 1000.000000000000000 ) ;
#664 = ORIENTED_EDGE ( 'NONE', *, *, #1966, .F. ) ;
#665 = AXIS2_PLACEMENT_3D ( 'NONE', #1897, #1164, #1643 ) ;
#666 = AXIS2_PLACEMENT_3D ( 'NONE', #645, #1656, #2120 ) ;
#667 = CARTESIAN_POINT ( 'NONE',  ( 33.00000000000000000, 30.26794919243112147, 4.000000000000000000 ) ) ;
#668 = ORIENTED_EDGE ( 'NONE', *, *, #588, .F. ) ;
#669 = LINE ( 'NONE', #401, #310 ) ;
#670 = ADVANCED_FACE ( 'NONE', ( #1816, #155 ), #1962, .T. ) ;
#671 = DIRECTION ( 'NONE',  ( -0.000000000000000000, -0.000000000000000000, -1.000000000000000000 ) ) ;
#672 = VERTEX_POINT ( 'NONE', #330 ) ;
#673 = EDGE_CURVE ( 'NONE', #850, #816, #1996, .T. ) ;
#674 = ORIENTED_EDGE ( 'NONE', *, *, #2101, .F. ) ;
#675 = AXIS2_PLACEMENT_3D ( 'NONE', #826, #1969, #1780 ) ;
#676 = AXIS2_PLACEMENT_3D ( 'NONE', #962, #651, #1834 ) ;
#677 = CYLINDRICAL_SURFACE ( 'NONE', #282, 3.000000000000000000 ) ;
#678 = ORIENTED_EDGE ( 'NONE', *, *, #203, .T. ) ;
#679 = DIRECTION ( 'NONE',  ( -2.312964634635743943E-16, 1.000000000000000000, -0.000000000000000000 ) ) ;
#680 = FACE_OUTER_BOUND ( 'NONE', #1383, .T. ) ;
#681 = CARTESIAN_POINT ( 'NONE',  ( 33.00000000000000000, 10.00000000000000000, 3.000000000000000000 ) ) ;
#682 = DIRECTION ( 'NONE',  ( -1.000000000000000000, 0.000000000000000000, 0.000000000000000000 ) ) ;
#683 = ADVANCED_FACE ( 'NONE', ( #1663 ), #807, .T. ) ;
#684 = ORIENTED_EDGE ( 'NONE', *, *, #1757, .T. ) ;
#685 = EDGE_CURVE ( 'NONE', #1151, #540, #1482, .T. ) ;
#686 = ORIENTED_EDGE ( 'NONE', *, *, #1255, .T. ) ;
#687 = ORIENTED_EDGE ( 'NONE', *, *, #227, .F. ) ;
#688 = FACE_OUTER_BOUND ( 'NONE', #1275, .T. ) ;
#689 = ORIENTED_EDGE ( 'NONE', *, *, #685, .F. ) ;
#690 = CARTESIAN_POINT ( 'NONE',  ( 31.00000000000000000, 35.00000000000000000, 3.000000000000000000 ) ) ;
#691 = CARTESIAN_POINT ( 'NONE',  ( 9.000000000000001776, 91.00000000000001421, 6.000000000000000000 ) ) ;
#692 = CARTESIAN_POINT ( 'NONE',  ( 46.00000000000000000, 5.000000000000000000, 3.000000000000000000 ) ) ;
#693 = DIRECTION ( 'NONE',  ( -0.000000000000000000, -0.000000000000000000, -1.000000000000000000 ) ) ;
#694 = CARTESIAN_POINT ( 'NONE',  ( 9.000000000000001776, 91.00000000000001421, 5.000000000000000000 ) ) ;
#695 = CARTESIAN_POINT ( 'NONE',  ( 32.73205080756887497, 8.000000000000003553, 3.000000000000000000 ) ) ;
#696 = ORIENTED_EDGE ( 'NONE', *, *, #1550, .T. ) ;
#697 = CARTESIAN_POINT ( 'NONE',  ( 37.00000000000000711, 63.00000000000001421, 7.500000000000000000 ) ) ;
#698 = EDGE_CURVE ( 'NONE', #640, #533, #2111, .T. ) ;
#699 = APPLICATION_CONTEXT ( 'automotive_design' ) ;
#700 = AXIS2_PLACEMENT_3D ( 'NONE', #527, #254, #1878 ) ;
#701 = ADVANCED_FACE ( 'NONE', ( #169 ), #1839, .F. ) ;
#702 = VERTEX_POINT ( 'NONE', #1461 ) ;
#703 = AXIS2_PLACEMENT_3D ( 'NONE', #2046, #364, #1028 ) ;
#704 = ORIENTED_EDGE ( 'NONE', *, *, #2010, .F. ) ;
#705 = DIRECTION ( 'NONE',  ( 1.000000000000000000, 0.000000000000000000, 0.000000000000000000 ) ) ;
#706 = AXIS2_PLACEMENT_3D ( 'NONE', #1584, #745, #2057 ) ;
#707 = LINE ( 'NONE', #537, #342 ) ;
#708 = CARTESIAN_POINT ( 'NONE',  ( 37.00000000000000711, 63.00000000000001421, 3.000000000000000000 ) ) ;
#709 = EDGE_LOOP ( 'NONE', ( #2071, #218 ) ) ;
#710 = DIRECTION ( 'NONE',  ( -0.000000000000000000, -0.000000000000000000, 1.000000000000000000 ) ) ;
#711 = CARTESIAN_POINT ( 'NONE',  ( 46.00000000000000000, 5.000000000000000000, 3.000000000000000000 ) ) ;
#712 = CARTESIAN_POINT ( 'NONE',  ( 10.54999999999999893, 91.00000000000001421, 7.500000000000000000 ) ) ;
#713 = AXIS2_PLACEMENT_3D ( 'NONE', #178, #1139, #1322 ) ;
#714 = DIRECTION ( 'NONE',  ( 0.000000000000000000, -1.000000000000000000, 0.000000000000000000 ) ) ;
#715 = EDGE_CURVE ( 'NONE', #1492, #1259, #1456, .T. ) ;
#716 = ORIENTED_EDGE ( 'NONE', *, *, #379, .F. ) ;
#717 = LINE ( 'NONE', #1545, #535 ) ;
#718 = CIRCLE ( 'NONE', #1024, 1.550000000000002709 ) ;
#719 = LINE ( 'NONE', #1346, #123 ) ;
#720 = DIRECTION ( 'NONE',  ( 0.000000000000000000, 0.000000000000000000, -1.000000000000000000 ) ) ;
#721 = ORIENTED_EDGE ( 'NONE', *, *, #514, .F. ) ;
#722 = DIRECTION ( 'NONE',  ( -1.000000000000000000, 0.000000000000000000, 0.000000000000000000 ) ) ;
#723 = DIRECTION ( 'NONE',  ( -1.000000000000000000, -1.156482317317871971E-16, 0.000000000000000000 ) ) ;
#724 = FACE_OUTER_BOUND ( 'NONE', #500, .T. ) ;
#725 = LINE ( 'NONE', #1917, #324 ) ;
#726 = ORIENTED_EDGE ( 'NONE', *, *, #424, .T. ) ;
#727 = EDGE_CURVE ( 'NONE', #182, #1431, #1514, .T. ) ;
#728 = SURFACE_SIDE_STYLE ('',( #1210 ) ) ;
#729 = CARTESIAN_POINT ( 'NONE',  ( 10.00000000000000000, 30.00000000000000000, 5.000000000000000000 ) ) ;
#730 = ORIENTED_EDGE ( 'NONE', *, *, #109, .F. ) ;
#731 = EDGE_CURVE ( 'NONE', #418, #1595, #371, .T. ) ;
#732 = VERTEX_POINT ( 'NONE', #528 ) ;
#733 = CYLINDRICAL_SURFACE ( 'NONE', #595, 1.550000000000002709 ) ;
#734 = FACE_OUTER_BOUND ( 'NONE', #2017, .T. ) ;
#735 = DIRECTION ( 'NONE',  ( 0.000000000000000000, 0.000000000000000000, -1.000000000000000000 ) ) ;
#736 = VERTEX_POINT ( 'NONE', #1869 ) ;
#737 = VECTOR ( 'NONE', #1070, 1000.000000000000000 ) ;
#738 = CYLINDRICAL_SURFACE ( 'NONE', #1266, 2.000000000000000000 ) ;
#739 = EDGE_CURVE ( 'NONE', #1165, #1492, #390, .T. ) ;
#740 = DIRECTION ( 'NONE',  ( 0.000000000000000000, 0.000000000000000000, -1.000000000000000000 ) ) ;
#741 = VECTOR ( 'NONE', #811, 1000.000000000000000 ) ;
#742 = EDGE_CURVE ( 'NONE', #533, #640, #809, .T. ) ;
#743 = CARTESIAN_POINT ( 'NONE',  ( 5.000000000000000000, 0.000000000000000000, 0.000000000000000000 ) ) ;
#744 = LINE ( 'NONE', #2048, #737 ) ;
#745 = DIRECTION ( 'NONE',  ( 1.000000000000000000, 0.000000000000000000, 0.000000000000000000 ) ) ;
#746 = ORIENTED_EDGE ( 'NONE', *, *, #1279, .F. ) ;
#747 = DIRECTION ( 'NONE',  ( 0.000000000000000000, 0.000000000000000000, 1.000000000000000000 ) ) ;
#748 = DIRECTION ( 'NONE',  ( 1.000000000000000000, -0.000000000000000000, -0.000000000000000000 ) ) ;
#749 = AXIS2_PLACEMENT_3D ( 'NONE', #1081, #582, #1095 ) ;
#750 = ORIENTED_EDGE ( 'NONE', *, *, #1311, .T. ) ;
#751 = FACE_OUTER_BOUND ( 'NONE', #1836, .T. ) ;
#752 = AXIS2_PLACEMENT_3D ( 'NONE', #837, #1336, #510 ) ;
#753 = ADVANCED_FACE ( 'NONE', ( #1547 ), #733, .T. ) ;
#754 = AXIS2_PLACEMENT_3D ( 'NONE', #1414, #105, #387 ) ;
#755 = DIRECTION ( 'NONE',  ( 0.000000000000000000, 0.000000000000000000, -1.000000000000000000 ) ) ;
#756 = DIRECTION ( 'NONE',  ( -0.000000000000000000, 0.000000000000000000, 1.000000000000000000 ) ) ;
#757 = CARTESIAN_POINT ( 'NONE',  ( 10.55000000000000249, 63.00000000000001421, 7.500000000000000000 ) ) ;
#758 = CARTESIAN_POINT ( 'NONE',  ( 37.00000000000000711, 91.00000000000001421, 6.000000000000000000 ) ) ;
#759 = EDGE_LOOP ( 'NONE', ( #1641, #283, #1662, #198, #726, #968, #746, #1911 ) ) ;
#760 = DIRECTION ( 'NONE',  ( -0.000000000000000000, -0.000000000000000000, 1.000000000000000000 ) ) ;
#761 = ORIENTED_EDGE ( 'NONE', *, *, #1373, .F. ) ;
#762 = DIRECTION ( 'NONE',  ( -1.000000000000000000, 0.000000000000000000, 0.000000000000000000 ) ) ;
#763 = DIRECTION ( 'NONE',  ( -1.000000000000000000, 0.000000000000000000, 0.000000000000000000 ) ) ;
#764 = DIRECTION ( 'NONE',  ( 1.000000000000000000, 0.000000000000000000, 0.000000000000000000 ) ) ;
#765 = ADVANCED_FACE ( 'NONE', ( #872 ), #1073, .F. ) ;
#766 = DIRECTION ( 'NONE',  ( -0.000000000000000000, -0.000000000000000000, 1.000000000000000000 ) ) ;
#767 = EDGE_LOOP ( 'NONE', ( #224, #2075 ) ) ;
#768 = CARTESIAN_POINT ( 'NONE',  ( 0.000000000000000000, 0.000000000000000000, 0.000000000000000000 ) ) ;
#769 = LINE ( 'NONE', #579, #311 ) ;
#770 = CIRCLE ( 'NONE', #1253, 5.000000000000004441 ) ;
#771 = AXIS2_PLACEMENT_3D ( 'NONE', #1408, #1914, #763 ) ;
#772 = AXIS2_PLACEMENT_3D ( 'NONE', #885, #1039, #205 ) ;
#773 = VERTEX_POINT ( 'NONE', #711 ) ;
#774 = CARTESIAN_POINT ( 'NONE',  ( 41.00000000000000000, 5.000000000000000000, 3.000000000000000000 ) ) ;
#775 = FACE_OUTER_BOUND ( 'NONE', #1094, .T. ) ;
#776 = CARTESIAN_POINT ( 'NONE',  ( 31.00000000000000000, 10.00000000000000000, 3.000000000000000000 ) ) ;
#777 = EDGE_LOOP ( 'NONE', ( #1549, #1650, #91, #338 ) ) ;
#778 = ADVANCED_FACE ( 'NONE', ( #789 ), #1296, .T. ) ;
#779 = DIRECTION ( 'NONE',  ( 0.000000000000000000, 0.000000000000000000, 1.000000000000000000 ) ) ;
#780 = ORIENTED_EDGE ( 'NONE', *, *, #1075, .F. ) ;
#781 = CIRCLE ( 'NONE', #1977, 4.999999999999997335 ) ;
#782 = VERTEX_POINT ( 'NONE', #571 ) ;
#783 = AXIS2_PLACEMENT_3D ( 'NONE', #899, #1561, #90 ) ;
#784 = FACE_BOUND ( 'NONE', #639, .T. ) ;
#785 = CARTESIAN_POINT ( 'NONE',  ( 33.00000000000000000, 9.732050807568880302, 4.000000000000000000 ) ) ;
#786 = ORIENTED_EDGE ( 'NONE', *, *, #1929, .F. ) ;
#787 = CARTESIAN_POINT ( 'NONE',  ( 11.94999999999999929, 10.00000000000000888, 5.000000000000000000 ) ) ;
#788 = PLANE ( 'NONE',  #1230 ) ;
#789 = FACE_OUTER_BOUND ( 'NONE', #1380, .T. ) ;
#790 = EDGE_CURVE ( 'NONE', #250, #1606, #770, .T. ) ;
#791 = EDGE_CURVE ( 'NONE', #1577, #1165, #1332, .T. ) ;
#792 = CARTESIAN_POINT ( 'NONE',  ( 9.000000000000005329, 63.00000000000001421, 6.000000000000000000 ) ) ;
#793 = DIRECTION ( 'NONE',  ( 1.000000000000000000, 0.000000000000000000, 0.000000000000000000 ) ) ;
#794 = CARTESIAN_POINT ( 'NONE',  ( 31.00000000000000000, 33.00000000000000000, -7.000000000000000000 ) ) ;
#795 = ORIENTED_EDGE ( 'NONE', *, *, #969, .F. ) ;
#796 = ORIENTED_EDGE ( 'NONE', *, *, #2056, .T. ) ;
#797 = CARTESIAN_POINT ( 'NONE',  ( 33.00000000000000000, 0.000000000000000000, 5.000000000000000000 ) ) ;
#798 = VERTEX_POINT ( 'NONE', #1354 ) ;
#799 = LINE ( 'NONE', #999, #2119 ) ;
#800 = CARTESIAN_POINT ( 'NONE',  ( 0.000000000000000000, 0.000000000000000000, 3.000000000000000000 ) ) ;
#801 = CIRCLE ( 'NONE', #553, 2.999999999999999112 ) ;
#802 = DIRECTION ( 'NONE',  ( -1.000000000000000000, 0.000000000000000000, 0.000000000000000000 ) ) ;
#803 = CIRCLE ( 'NONE', #1118, 2.000000000000001776 ) ;
#804 = EDGE_CURVE ( 'NONE', #179, #93, #1868, .T. ) ;
#805 = ORIENTED_EDGE ( 'NONE', *, *, #152, .F. ) ;
#806 = EDGE_LOOP ( 'NONE', ( #1644, #1591, #1015, #1339, #1771, #664 ) ) ;
#807 = PLANE ( 'NONE',  #1604 ) ;
#808 = CIRCLE ( 'NONE', #1766, 2.000000000000000000 ) ;
#809 = CIRCLE ( 'NONE', #2007, 3.000000000000002665 ) ;
#810 = EDGE_LOOP ( 'NONE', ( #49, #1056, #116, #1501 ) ) ;
#811 = DIRECTION ( 'NONE',  ( -1.000000000000000000, -0.000000000000000000, -0.000000000000000000 ) ) ;
#812 = VERTEX_POINT ( 'NONE', #1988 ) ;
#813 = VERTEX_POINT ( 'NONE', #690 ) ;
#814 = CARTESIAN_POINT ( 'NONE',  ( 15.00000000000000533, 9.000000000000001776, 0.000000000000000000 ) ) ;
#815 = CARTESIAN_POINT ( 'NONE',  ( 14.00000000000000178, 91.00000000000001421, 5.000000000000000000 ) ) ;
#816 = VERTEX_POINT ( 'NONE', #173 ) ;
#817 = DIRECTION ( 'NONE',  ( -1.000000000000000000, 0.000000000000000000, 0.000000000000000000 ) ) ;
#818 = ORIENTED_EDGE ( 'NONE', *, *, #1395, .T. ) ;
#819 = VECTOR ( 'NONE', #275, 1000.000000000000000 ) ;
#820 = EDGE_CURVE ( 'NONE', #1631, #125, #868, .T. ) ;
#821 = EDGE_CURVE ( 'NONE', #1534, #816, #277, .T. ) ;
#822 = DIRECTION ( 'NONE',  ( -0.000000000000000000, -0.000000000000000000, -1.000000000000000000 ) ) ;
#823 = AXIS2_PLACEMENT_3D ( 'NONE', #94, #1234, #1890 ) ;
#824 = ORIENTED_EDGE ( 'NONE', *, *, #132, .F. ) ;
#825 = DIRECTION ( 'NONE',  ( -1.734723475976807341E-16, 1.000000000000000000, 0.000000000000000000 ) ) ;
#826 = CARTESIAN_POINT ( 'NONE',  ( 34.05000000000000426, 8.000000000000003553, 5.000000000000000000 ) ) ;
#827 = LINE ( 'NONE', #327, #1160 ) ;
#828 = ORIENTED_EDGE ( 'NONE', *, *, #1269, .T. ) ;
#829 = ORIENTED_EDGE ( 'NONE', *, *, #1789, .F. ) ;
#830 = DIRECTION ( 'NONE',  ( -1.000000000000000000, 0.000000000000000000, 0.000000000000000000 ) ) ;
#831 = EDGE_CURVE ( 'NONE', #848, #320, #375, .T. ) ;
#832 = DIRECTION ( 'NONE',  ( 0.000000000000000000, 0.000000000000000000, -1.000000000000000000 ) ) ;
#833 = ADVANCED_FACE ( 'NONE', ( #357 ), #233, .T. ) ;
#834 = EDGE_LOOP ( 'NONE', ( #828, #646, #2089, #192 ) ) ;
#835 = DIRECTION ( 'NONE',  ( 0.000000000000000000, 0.000000000000000000, -1.000000000000000000 ) ) ;
#836 = LINE ( 'NONE', #692, #1134 ) ;
#837 = CARTESIAN_POINT ( 'NONE',  ( 9.000000000000001776, 91.00000000000001421, 7.500000000000000000 ) ) ;
#838 = VERTEX_POINT ( 'NONE', #1518 ) ;
#839 = ORIENTED_EDGE ( 'NONE', *, *, #1757, .F. ) ;
#840 = AXIS2_PLACEMENT_3D ( 'NONE', #1027, #1984, #337 ) ;
#841 = VECTOR ( 'NONE', #1539, 1000.000000000000000 ) ;
#842 = AXIS2_PLACEMENT_3D ( 'NONE', #506, #714, #170 ) ;
#843 = DIRECTION ( 'NONE',  ( -0.000000000000000000, -0.000000000000000000, -1.000000000000000000 ) ) ;
#844 = CYLINDRICAL_SURFACE ( 'NONE', #115, 2.000000000000001776 ) ;
#845 = DIRECTION ( 'NONE',  ( -1.000000000000000000, -1.734723475976807587E-16, 0.000000000000000000 ) ) ;
#846 = EDGE_CURVE ( 'NONE', #431, #1337, #207, .T. ) ;
#847 = CARTESIAN_POINT ( 'NONE',  ( 9.000000000000005329, 63.00000000000001421, 7.500000000000000000 ) ) ;
#848 = VERTEX_POINT ( 'NONE', #165 ) ;
#849 = CIRCLE ( 'NONE', #1156, 1.550000000000002709 ) ;
#850 = VERTEX_POINT ( 'NONE', #1820 ) ;
#851 = AXIS2_PLACEMENT_3D ( 'NONE', #860, #1232, #1707 ) ;
#852 = DIRECTION ( 'NONE',  ( -1.000000000000000000, 0.000000000000000000, 0.000000000000000000 ) ) ;
#853 = AXIS2_PLACEMENT_3D ( 'NONE', #276, #710, #2019 ) ;
#854 = DIRECTION ( 'NONE',  ( -0.000000000000000000, -0.000000000000000000, -1.000000000000000000 ) ) ;
#855 = EDGE_LOOP ( 'NONE', ( #716, #1323, #795, #1751 ) ) ;
#856 = CARTESIAN_POINT ( 'NONE',  ( 9.000000000000001776, 91.00000000000001421, 7.500000000000000000 ) ) ;
#857 = DIRECTION ( 'NONE',  ( -1.000000000000000000, 0.000000000000000000, 0.000000000000000000 ) ) ;
#858 = DIRECTION ( 'NONE',  ( 1.000000000000000000, 0.000000000000000000, 0.000000000000000000 ) ) ;
#859 = AXIS2_PLACEMENT_3D ( 'NONE', #1280, #1831, #1487 ) ;
#860 = CARTESIAN_POINT ( 'NONE',  ( 13.00000000000000533, 8.000000000000000000, 5.000000000000000000 ) ) ;
#861 = CARTESIAN_POINT ( 'NONE',  ( 31.00000000000000000, 7.000000000000000000, 3.000000000000000000 ) ) ;
#862 = VERTEX_POINT ( 'NONE', #186 ) ;
#863 = EDGE_CURVE ( 'NONE', #1331, #21, #1422, .T. ) ;
#864 = ADVANCED_FACE ( 'NONE', ( #519 ), #844, .F. ) ;
#865 = LINE ( 'NONE', #1556, #1558 ) ;
#866 = CARTESIAN_POINT ( 'NONE',  ( 36.82842712474619873, 9.171572875253813706, 3.000000000000000888 ) ) ;
#867 = ORIENTED_EDGE ( 'NONE', *, *, #1636, .T. ) ;
#868 = LINE ( 'NONE', #1892, #1182 ) ;
#869 = DIRECTION ( 'NONE',  ( 0.000000000000000000, 0.000000000000000000, 1.000000000000000000 ) ) ;
#870 = CARTESIAN_POINT ( 'NONE',  ( 37.00000000000000711, 91.00000000000001421, 6.000000000000000000 ) ) ;
#871 = EDGE_CURVE ( 'NONE', #1282, #848, #669, .T. ) ;
#872 = FACE_OUTER_BOUND ( 'NONE', #1871, .T. ) ;
#873 = EDGE_CURVE ( 'NONE', #21, #1331, #1522, .T. ) ;
#874 = DIRECTION ( 'NONE',  ( 0.000000000000000000, 0.000000000000000000, -1.000000000000000000 ) ) ;
#875 = CIRCLE ( 'NONE', #1555, 3.000000000000000000 ) ;
#876 = DIRECTION ( 'NONE',  ( 0.000000000000000000, 0.000000000000000000, 1.000000000000000000 ) ) ;
#877 = CIRCLE ( 'NONE', #344, 1.549999999999997602 ) ;
#878 = VERTEX_POINT ( 'NONE', #534 ) ;
#879 = VECTOR ( 'NONE', #1128, 1000.000000000000000 ) ;
#880 = CARTESIAN_POINT ( 'NONE',  ( 37.00000000000000711, 63.00000000000001421, 6.000000000000000000 ) ) ;
#881 = DIRECTION ( 'NONE',  ( 0.000000000000000000, 0.000000000000000000, -1.000000000000000000 ) ) ;
#882 = ORIENTED_EDGE ( 'NONE', *, *, #1693, .T. ) ;
#883 = DIRECTION ( 'NONE',  ( -0.000000000000000000, -0.000000000000000000, -1.000000000000000000 ) ) ;
#884 = EDGE_CURVE ( 'NONE', #1240, #581, #744, .T. ) ;
#885 = CARTESIAN_POINT ( 'NONE',  ( 41.00000000000000000, 95.00000000000000000, 3.000000000000000000 ) ) ;
#886 = CARTESIAN_POINT ( 'NONE',  ( 0.000000000000000000, 0.000000000000000000, 5.000000000000000000 ) ) ;
#887 = EDGE_LOOP ( 'NONE', ( #1928, #1270, #1725, #1415 ) ) ;
#888 = EDGE_CURVE ( 'NONE', #457, #982, #144, .T. ) ;
#889 = CIRCLE ( 'NONE', #676, 3.000000000000002665 ) ;
#890 = ORIENTED_EDGE ( 'NONE', *, *, #739, .T. ) ;
#891 = CARTESIAN_POINT ( 'NONE',  ( 37.00000000000000711, 63.00000000000001421, 6.000000000000000000 ) ) ;
#892 = EDGE_CURVE ( 'NONE', #1481, #456, #1667, .T. ) ;
#893 = EDGE_LOOP ( 'NONE', ( #786, #503, #1130, #1931 ) ) ;
#894 = EDGE_CURVE ( 'NONE', #2084, #502, #268, .T. ) ;
#895 = CARTESIAN_POINT ( 'NONE',  ( 13.01906093455350799, 8.672142923964923256, 3.107955158244980254 ) ) ;
#896 = DIRECTION ( 'NONE',  ( -0.000000000000000000, -0.000000000000000000, -1.000000000000000000 ) ) ;
#897 = CARTESIAN_POINT ( 'NONE',  ( 9.000000000000001776, 91.00000000000001421, 6.000000000000000000 ) ) ;
#898 = DIRECTION ( 'NONE',  ( 0.000000000000000000, 0.000000000000000000, 1.000000000000000000 ) ) ;
#899 = CARTESIAN_POINT ( 'NONE',  ( 42.00000000000000711, 91.00000000000001421, 5.000000000000000000 ) ) ;
#900 = ORIENTED_EDGE ( 'NONE', *, *, #1655, .F. ) ;
#901 = CARTESIAN_POINT ( 'NONE',  ( 37.00000000000000711, 63.00000000000001421, 5.000000000000000000 ) ) ;
#902 = AXIS2_PLACEMENT_3D ( 'NONE', #475, #1483, #1143 ) ;
#903 = CARTESIAN_POINT ( 'NONE',  ( 36.00000000000000711, 32.00000000000000000, 3.000000000000000000 ) ) ;
#904 = EDGE_CURVE ( 'NONE', #1595, #5, #481, .T. ) ;
#905 = VECTOR ( 'NONE', #363, 1000.000000000000000 ) ;
#906 = ORIENTED_EDGE ( 'NONE', *, *, #227, .T. ) ;
#907 = FACE_BOUND ( 'NONE', #154, .T. ) ;
#908 = CARTESIAN_POINT ( 'NONE',  ( 34.04999999999999716, 34.99999999999999289, 4.000000000000000000 ) ) ;
#909 = DIRECTION ( 'NONE',  ( 1.000000000000000000, 0.000000000000000000, -0.000000000000000000 ) ) ;
#910 = DIRECTION ( 'NONE',  ( -1.000000000000000000, 0.000000000000000000, 0.000000000000000000 ) ) ;
#911 = VERTEX_POINT ( 'NONE', #1294 ) ;
#912 = AXIS2_PLACEMENT_3D ( 'NONE', #567, #1862, #209 ) ;
#913 = DIRECTION ( 'NONE',  ( 1.000000000000000000, 0.000000000000000000, 0.000000000000000000 ) ) ;
#914 = CARTESIAN_POINT ( 'NONE',  ( 0.000000000000000000, 0.000000000000000000, 3.000000000000000000 ) ) ;
#915 = VECTOR ( 'NONE', #1899, 1000.000000000000000 ) ;
#916 = VERTEX_POINT ( 'NONE', #1730 ) ;
#917 = DIRECTION ( 'NONE',  ( -1.000000000000000000, 0.000000000000000000, 0.000000000000000000 ) ) ;
#918 = ADVANCED_FACE ( 'NONE', ( #1417 ), #620, .T. ) ;
#919 = ORIENTED_EDGE ( 'NONE', *, *, #514, .T. ) ;
#920 = ADVANCED_FACE ( 'NONE', ( #1430 ), #108, .F. ) ;
#921 = CIRCLE ( 'NONE', #1653, 2.000000000000000000 ) ;
#922 = DIRECTION ( 'NONE',  ( -1.000000000000000000, 0.000000000000000000, 0.000000000000000000 ) ) ;
#923 = DIRECTION ( 'NONE',  ( -1.000000000000000000, 0.000000000000000000, 0.000000000000000000 ) ) ;
#924 = FACE_OUTER_BOUND ( 'NONE', #941, .T. ) ;
#925 = EDGE_LOOP ( 'NONE', ( #438, #1802 ) ) ;
#926 = DIRECTION ( 'NONE',  ( -3.469446951953614189E-16, 1.000000000000000000, 0.000000000000000000 ) ) ;
#927 = ORIENTED_EDGE ( 'NONE', *, *, #742, .T. ) ;
#928 = DIRECTION ( 'NONE',  ( 0.000000000000000000, 0.000000000000000000, -1.000000000000000000 ) ) ;
#929 = DIRECTION ( 'NONE',  ( 0.000000000000000000, 0.000000000000000000, 1.000000000000000000 ) ) ;
#930 = VERTEX_POINT ( 'NONE', #1249 ) ;
#931 = ORIENTED_EDGE ( 'NONE', *, *, #1666, .F. ) ;
#932 = ORIENTED_EDGE ( 'NONE', *, *, #559, .F. ) ;
#933 = VERTEX_POINT ( 'NONE', #2081 ) ;
#934 = CARTESIAN_POINT ( 'NONE',  ( 46.00000000000000000, 95.00000000000000000, 3.000000000000000000 ) ) ;
#935 = CYLINDRICAL_SURFACE ( 'NONE', #625, 2.000000000000001776 ) ;
#936 = EDGE_CURVE ( 'NONE', #309, #106, #1796, .T. ) ;
#937 = VERTEX_POINT ( 'NONE', #2094 ) ;
#938 = LINE ( 'NONE', #1598, #1951 ) ;
#939 = FACE_OUTER_BOUND ( 'NONE', #855, .T. ) ;
#940 = AXIS2_PLACEMENT_3D ( 'NONE', #1085, #1409, #1925 ) ;
#941 = EDGE_LOOP ( 'NONE', ( #404, #997, #1942, #435, #1957, #454 ) ) ;
#942 = CLOSED_SHELL ( 'NONE', ( #1985, #701, #2097, #765, #1955, #1945, #1009, #532, #1597, #41, #30, #513, #99, #683, #392, #1827, #2090, #617, #1082, #1881, #1484, #1894, #1524, #2036, #961, #778, #670, #319, #560, #1885, #1200, #833, #1211, #1855, #439, #753, #1594, #536, #1125, #12, #1281, #171, #463, #477, #1726, #950, #1738, #986, #918, #2, #119, #548, #1664, #2117, #1761, #1580, #2025, #1064, #975, #306, #492, #1692, #864, #2032, #920, #1321, #239, #656, #995 ) ) ;
#943 = AXIS2_PLACEMENT_3D ( 'NONE', #797, #313, #1450 ) ;
#944 = ORIENTED_EDGE ( 'NONE', *, *, #332, .F. ) ;
#945 = CARTESIAN_POINT ( 'NONE',  ( 41.00000000000000000, 0.000000000000000000, 0.000000000000000000 ) ) ;
#946 = DIRECTION ( 'NONE',  ( 0.000000000000000000, -1.000000000000000000, 0.000000000000000000 ) ) ;
#947 = EDGE_CURVE ( 'NONE', #1562, #1602, #1324, .T. ) ;
#948 = VERTEX_POINT ( 'NONE', #1933 ) ;
#949 = DIRECTION ( 'NONE',  ( 0.000000000000000000, 0.000000000000000000, 1.000000000000000000 ) ) ;
#950 = ADVANCED_FACE ( 'NONE', ( #451 ), #1741, .T. ) ;
#951 = AXIS2_PLACEMENT_3D ( 'NONE', #914, #614, #1114 ) ;
#952 = ORIENTED_EDGE ( 'NONE', *, *, #1866, .F. ) ;
#953 = CIRCLE ( 'NONE', #191, 2.000000000000000000 ) ;
#954 = LINE ( 'NONE', #1303, #2001 ) ;
#955 = ORIENTED_EDGE ( 'NONE', *, *, #1107, .F. ) ;
#956 = DIRECTION ( 'NONE',  ( -0.000000000000000000, -0.000000000000000000, 1.000000000000000000 ) ) ;
#957 = PLANE ( 'NONE',  #341 ) ;
#958 = VERTEX_POINT ( 'NONE', #600 ) ;
#959 = DIRECTION ( 'NONE',  ( -0.000000000000000000, -0.000000000000000000, 1.000000000000000000 ) ) ;
#960 = ORIENTED_EDGE ( 'NONE', *, *, #1269, .F. ) ;
#961 = ADVANCED_FACE ( 'NONE', ( #1263, #1274 ), #1915, .T. ) ;
#962 = CARTESIAN_POINT ( 'NONE',  ( 37.00000000000000711, 63.00000000000001421, 6.000000000000000000 ) ) ;
#963 = ORIENTED_EDGE ( 'NONE', *, *, #947, .T. ) ;
#964 = ORIENTED_EDGE ( 'NONE', *, *, #296, .T. ) ;
#965 = ORIENTED_EDGE ( 'NONE', *, *, #193, .T. ) ;
#966 = DIRECTION ( 'NONE',  ( 0.000000000000000000, -0.000000000000000000, 1.000000000000000000 ) ) ;
#967 = DIRECTION ( 'NONE',  ( 0.000000000000000000, 0.000000000000000000, 1.000000000000000000 ) ) ;
#968 = ORIENTED_EDGE ( 'NONE', *, *, #546, .T. ) ;
#969 = EDGE_CURVE ( 'NONE', #93, #1815, #875, .T. ) ;
#970 = VECTOR ( 'NONE', #627, 1000.000000000000000 ) ;
#971 = CARTESIAN_POINT ( 'NONE',  ( 31.00000000000000000, 31.00000000000000000, 3.000000000000000000 ) ) ;
#972 = AXIS2_PLACEMENT_3D ( 'NONE', #2020, #883, #196 ) ;
#973 = ORIENTED_EDGE ( 'NONE', *, *, #731, .F. ) ;
#974 = ORIENTED_EDGE ( 'NONE', *, *, #831, .T. ) ;
#975 = ADVANCED_FACE ( 'NONE', ( #428 ), #957, .F. ) ;
#976 = VECTOR ( 'NONE', #1052, 1000.000000000000000 ) ;
#977 = ORIENTED_EDGE ( 'NONE', *, *, #1351, .F. ) ;
#978 = LINE ( 'NONE', #486, #15 ) ;
#979 = ORIENTED_EDGE ( 'NONE', *, *, #1271, .T. ) ;
#980 = DIRECTION ( 'NONE',  ( 1.000000000000000000, 0.000000000000000000, -0.000000000000000000 ) ) ;
#981 = CARTESIAN_POINT ( 'NONE',  ( 13.00000000000000533, 10.00000000000000000, 5.000000000000000000 ) ) ;
#982 = VERTEX_POINT ( 'NONE', #1100 ) ;
#983 = MECHANICAL_DESIGN_GEOMETRIC_PRESENTATION_REPRESENTATION (  '', ( #1536 ), #1396 ) ;
#984 = ORIENTED_EDGE ( 'NONE', *, *, #1373, .T. ) ;
#985 = AXIS2_PLACEMENT_3D ( 'NONE', #57, #1497, #1344 ) ;
#986 = ADVANCED_FACE ( 'NONE', ( #775 ), #585, .F. ) ;
#987 = FACE_OUTER_BOUND ( 'NONE', #1688, .T. ) ;
#988 = DIRECTION ( 'NONE',  ( 0.000000000000000000, 0.000000000000000000, -1.000000000000000000 ) ) ;
#989 = PLANE ( 'NONE',  #1465 ) ;
#990 = DIRECTION ( 'NONE',  ( 0.000000000000000000, 0.000000000000000000, 1.000000000000000000 ) ) ;
#991 = ORIENTED_EDGE ( 'NONE', *, *, #1716, .T. ) ;
#992 = ORIENTED_EDGE ( 'NONE', *, *, #360, .T. ) ;
#993 = EDGE_LOOP ( 'NONE', ( #2102, #2030, #2035, #409 ) ) ;
#994 = CARTESIAN_POINT ( 'NONE',  ( 31.00000000000000000, 31.00000000000000000, 5.000000000000000000 ) ) ;
#995 = ADVANCED_FACE ( 'NONE', ( #257 ), #935, .F. ) ;
#996 = PLANE ( 'NONE',  #10 ) ;
#997 = ORIENTED_EDGE ( 'NONE', *, *, #644, .F. ) ;
#998 = DIRECTION ( 'NONE',  ( 1.000000000000000000, 0.000000000000000000, 0.000000000000000000 ) ) ;
#999 = CARTESIAN_POINT ( 'NONE',  ( 33.00000000000000000, 33.00000000000000000, 0.000000000000000000 ) ) ;
#1000 = DIRECTION ( 'NONE',  ( 0.000000000000000000, -1.000000000000000000, 0.000000000000000000 ) ) ;
#1001 = LINE ( 'NONE', #1469, #494 ) ;
#1002 = EDGE_LOOP ( 'NONE', ( #615, #606, #648, #398 ) ) ;
#1003 = AXIS2_PLACEMENT_3D ( 'NONE', #45, #1843, #998 ) ;
#1004 = ORIENTED_EDGE ( 'NONE', *, *, #1255, .F. ) ;
#1005 = DIRECTION ( 'NONE',  ( 0.000000000000000000, 0.000000000000000000, 1.000000000000000000 ) ) ;
#1006 = VECTOR ( 'NONE', #793, 1000.000000000000000 ) ;
#1007 = CIRCLE ( 'NONE', #485, 3.000000000000002665 ) ;
#1008 = CARTESIAN_POINT ( 'NONE',  ( 9.000000000000001776, 91.00000000000001421, 7.500000000000000000 ) ) ;
#1009 = ADVANCED_FACE ( 'NONE', ( #611 ), #1448, .T. ) ;
#1010 = VERTEX_POINT ( 'NONE', #2113 ) ;
#1011 = DIRECTION ( 'NONE',  ( -1.000000000000000000, 0.000000000000000000, 0.000000000000000000 ) ) ;
#1012 = DIRECTION ( 'NONE',  ( 1.000000000000000000, 0.000000000000000000, 0.000000000000000000 ) ) ;
#1013 = EDGE_CURVE ( 'NONE', #5, #1431, #2100, .T. ) ;
#1014 = CARTESIAN_POINT ( 'NONE',  ( 13.00000000000000178, 30.26794919243112147, 4.000000000000000000 ) ) ;
#1015 = ORIENTED_EDGE ( 'NONE', *, *, #1433, .T. ) ;
#1016 = CARTESIAN_POINT ( 'NONE',  ( 10.54999999999999893, 91.00000000000001421, 7.500000000000000000 ) ) ;
#1017 = AXIS2_PLACEMENT_3D ( 'NONE', #694, #1194, #1379 ) ;
#1018 = VECTOR ( 'NONE', #1392, 1000.000000000000000 ) ;
#1019 = AXIS2_PLACEMENT_3D ( 'NONE', #1991, #137, #24 ) ;
#1020 = CARTESIAN_POINT ( 'NONE',  ( 11.94999999999999574, 30.26794919243112147, 4.000000000000000000 ) ) ;
#1021 = ORIENTED_EDGE ( 'NONE', *, *, #904, .F. ) ;
#1022 = DIRECTION ( 'NONE',  ( -1.000000000000000000, 0.000000000000000000, 0.000000000000000000 ) ) ;
#1023 = CARTESIAN_POINT ( 'NONE',  ( 15.00000000000000533, 7.000000000000000000, 0.000000000000000000 ) ) ;
#1024 = AXIS2_PLACEMENT_3D ( 'NONE', #1681, #1669, #23 ) ;
#1025 = DIRECTION ( 'NONE',  ( 0.000000000000000000, 0.000000000000000000, 1.000000000000000000 ) ) ;
#1026 = EDGE_CURVE ( 'NONE', #1577, #383, #1490, .T. ) ;
#1027 = CARTESIAN_POINT ( 'NONE',  ( 12.99999999999999645, 12.00000000000000000, -7.000000000000000000 ) ) ;
#1028 = DIRECTION ( 'NONE',  ( -1.000000000000000000, 0.000000000000000000, 0.000000000000000000 ) ) ;
#1029 = DIRECTION ( 'NONE',  ( 0.000000000000000000, 0.000000000000000000, -1.000000000000000000 ) ) ;
#1030 = ORIENTED_EDGE ( 'NONE', *, *, #1866, .T. ) ;
#1031 = CARTESIAN_POINT ( 'NONE',  ( 8.000000000000003553, 8.000000000000000000, 3.000000000000000000 ) ) ;
#1032 = CARTESIAN_POINT ( 'NONE',  ( 33.00000000000000000, 32.00000000000000000, 5.000000000000000000 ) ) ;
#1033 = ORIENTED_EDGE ( 'NONE', *, *, #604, .T. ) ;
#1034 = EDGE_CURVE ( 'NONE', #798, #1762, #801, .T. ) ;
#1035 = DIRECTION ( 'NONE',  ( -0.000000000000000000, -0.000000000000000000, 1.000000000000000000 ) ) ;
#1036 = EDGE_CURVE ( 'NONE', #581, #1316, #16, .T. ) ;
#1037 = ORIENTED_EDGE ( 'NONE', *, *, #727, .T. ) ;
#1038 = AXIS2_PLACEMENT_3D ( 'NONE', #9, #1721, #1011 ) ;
#1039 = DIRECTION ( 'NONE',  ( 0.000000000000000000, 0.000000000000000000, -1.000000000000000000 ) ) ;
#1040 = CIRCLE ( 'NONE', #665, 2.000000000000000000 ) ;
#1041 = EDGE_LOOP ( 'NONE', ( #1435, #1441, #491, #480 ) ) ;
#1042 = TOROIDAL_SURFACE ( 'NONE', #521, 5.000000000000001776, 2.000000000000000000 ) ;
#1043 = CARTESIAN_POINT ( 'NONE',  ( 13.17601517611279149, 8.159234387207224160, 2.999999999999999556 ) ) ;
#1044 = DIRECTION ( 'NONE',  ( -1.000000000000000000, 0.000000000000000000, 0.000000000000000000 ) ) ;
#1045 = DIRECTION ( 'NONE',  ( 0.000000000000000000, 0.000000000000000000, -1.000000000000000000 ) ) ;
#1046 = LINE ( 'NONE', #557, #425 ) ;
#1047 = DIRECTION ( 'NONE',  ( -0.000000000000000000, -0.000000000000000000, 1.000000000000000000 ) ) ;
#1048 = EDGE_CURVE ( 'NONE', #278, #1854, #1930, .T. ) ;
#1049 = VECTOR ( 'NONE', #538, 1000.000000000000000 ) ;
#1050 = DIRECTION ( 'NONE',  ( 0.000000000000000000, 0.000000000000000000, 1.000000000000000000 ) ) ;
#1051 = EDGE_CURVE ( 'NONE', #125, #911, #1770, .T. ) ;
#1052 = DIRECTION ( 'NONE',  ( 1.156482317317871725E-16, -1.000000000000000000, 0.000000000000000000 ) ) ;
#1053 = EDGE_LOOP ( 'NONE', ( #1803, #2095, #1460, #624 ) ) ;
#1054 = AXIS2_PLACEMENT_3D ( 'NONE', #800, #1180, #1147 ) ;
#1055 = LINE ( 'NONE', #1014, #1808 ) ;
#1056 = ORIENTED_EDGE ( 'NONE', *, *, #1361, .T. ) ;
#1057 = CARTESIAN_POINT ( 'NONE',  ( 5.000000000000000000, 100.0000000000000000, 3.000000000000000000 ) ) ;
#1058 = CARTESIAN_POINT ( 'NONE',  ( 12.00000000000000000, 91.00000000000001421, 5.000000000000000000 ) ) ;
#1059 = EDGE_CURVE ( 'NONE', #1534, #672, #954, .T. ) ;
#1060 = ORIENTED_EDGE ( 'NONE', *, *, #1613, .T. ) ;
#1061 = DIRECTION ( 'NONE',  ( 0.000000000000000000, 0.000000000000000000, -1.000000000000000000 ) ) ;
#1062 = CARTESIAN_POINT ( 'NONE',  ( 13.00000000000000533, 9.000000000000001776, 3.267949192431123251 ) ) ;
#1063 = DIRECTION ( 'NONE',  ( -1.000000000000000000, 0.000000000000000000, 0.000000000000000000 ) ) ;
#1064 = ADVANCED_FACE ( 'NONE', ( #307 ), #1638, .F. ) ;
#1065 = DIRECTION ( 'NONE',  ( -1.000000000000000000, 0.000000000000000000, 0.000000000000000000 ) ) ;
#1066 = ORIENTED_EDGE ( 'NONE', *, *, #156, .T. ) ;
#1067 = VERTEX_POINT ( 'NONE', #353 ) ;
#1068 = LINE ( 'NONE', #903, #915 ) ;
#1069 = DIRECTION ( 'NONE',  ( 1.000000000000000000, 0.000000000000000000, 0.000000000000000000 ) ) ;
#1070 = DIRECTION ( 'NONE',  ( 0.000000000000000000, 1.000000000000000000, 0.000000000000000000 ) ) ;
#1071 = DIRECTION ( 'NONE',  ( 0.000000000000000000, 1.000000000000000000, 0.000000000000000000 ) ) ;
#1072 = ORIENTED_EDGE ( 'NONE', *, *, #345, .F. ) ;
#1073 = TOROIDAL_SURFACE ( 'NONE', #46, 5.000000000000001776, 2.000000000000000000 ) ;
#1074 = DIRECTION ( 'NONE',  ( -1.000000000000000000, 0.000000000000000000, -0.000000000000000000 ) ) ;
#1075 = EDGE_CURVE ( 'NONE', #21, #1963, #1673, .T. ) ;
#1076 = AXIS2_PLACEMENT_3D ( 'NONE', #774, #2054, #1592 ) ;
#1077 = CARTESIAN_POINT ( 'NONE',  ( 10.00000000000000533, 1.734723475976808278E-15, 5.000000000000000000 ) ) ;
#1078 = PLANE ( 'NONE',  #951 ) ;
#1079 = ORIENTED_EDGE ( 'NONE', *, *, #1749, .F. ) ;
#1080 = CIRCLE ( 'NONE', #1426, 5.000000000000000000 ) ;
#1081 = CARTESIAN_POINT ( 'NONE',  ( 9.000000000000005329, 63.00000000000001421, 7.500000000000000000 ) ) ;
#1082 = ADVANCED_FACE ( 'NONE', ( #62 ), #28, .F. ) ;
#1083 = ORIENTED_EDGE ( 'NONE', *, *, #1922, .F. ) ;
#1084 = CARTESIAN_POINT ( 'NONE',  ( 0.000000000000000000, 0.000000000000000000, 3.000000000000000000 ) ) ;
#1085 = CARTESIAN_POINT ( 'NONE',  ( 15.00000000000000533, 9.000000000000001776, -7.000000000000000000 ) ) ;
#1086 = DIRECTION ( 'NONE',  ( -0.000000000000000000, -0.000000000000000000, 1.000000000000000000 ) ) ;
#1087 = CARTESIAN_POINT ( 'NONE',  ( 13.00000000000000000, 4.510281037539698445E-15, 0.000000000000000000 ) ) ;
#1088 = ORIENTED_EDGE ( 'NONE', *, *, #1127, .T. ) ;
#1089 = AXIS2_PLACEMENT_3D ( 'NONE', #870, #2031, #48 ) ;
#1090 = CARTESIAN_POINT ( 'NONE',  ( 10.00000000000000000, 30.00000000000000000, 5.000000000000000000 ) ) ;
#1091 = PRODUCT_DEFINITION_CONTEXT ( 'detailed design', #699, 'design' ) ;
#1092 = CARTESIAN_POINT ( 'NONE',  ( 0.000000000000000000, 0.000000000000000000, 0.000000000000000000 ) ) ;
#1093 = AXIS2_PLACEMENT_3D ( 'NONE', #776, #1111, #586 ) ;
#1094 = EDGE_LOOP ( 'NONE', ( #1079, #466, #1935, #2110 ) ) ;
#1095 = DIRECTION ( 'NONE',  ( 1.000000000000000000, 0.000000000000000000, 0.000000000000000000 ) ) ;
#1096 = EDGE_CURVE ( 'NONE', #1244, #436, #1214, .T. ) ;
#1097 = AXIS2_PLACEMENT_3D ( 'NONE', #1478, #508, #3 ) ;
#1098 = EDGE_LOOP ( 'NONE', ( #1703, #64, #1451, #1776, #1986, #1842, #1706, #643 ) ) ;
#1099 = FACE_BOUND ( 'NONE', #298, .T. ) ;
#1100 = CARTESIAN_POINT ( 'NONE',  ( 32.00000000000000000, 91.00000000000001421, 3.000000000000000000 ) ) ;
#1101 = LINE ( 'NONE', #110, #2070 ) ;
#1102 = DIRECTION ( 'NONE',  ( -1.000000000000000000, 0.000000000000000000, 0.000000000000000000 ) ) ;
#1103 = EDGE_LOOP ( 'NONE', ( #2088, #1755, #618, #1829 ) ) ;
#1104 = CARTESIAN_POINT ( 'NONE',  ( 35.45000000000000284, 63.00000000000001421, 7.500000000000000000 ) ) ;
#1105 = DIRECTION ( 'NONE',  ( -1.000000000000000000, 0.000000000000000000, 0.000000000000000000 ) ) ;
#1106 = VERTEX_POINT ( 'NONE', #1468 ) ;
#1107 = EDGE_CURVE ( 'NONE', #862, #937, #781, .T. ) ;
#1108 = ORIENTED_EDGE ( 'NONE', *, *, #1814, .F. ) ;
#1109 = FACE_OUTER_BOUND ( 'NONE', #1567, .T. ) ;
#1110 = DIRECTION ( 'NONE',  ( -1.000000000000000000, 0.000000000000000000, 0.000000000000000000 ) ) ;
#1111 = DIRECTION ( 'NONE',  ( 0.000000000000000000, 0.000000000000000000, -1.000000000000000000 ) ) ;
#1112 = EDGE_CURVE ( 'NONE', #502, #1481, #1877, .T. ) ;
#1113 = ORIENTED_EDGE ( 'NONE', *, *, #1462, .T. ) ;
#1114 = DIRECTION ( 'NONE',  ( 0.000000000000000000, 0.000000000000000000, -1.000000000000000000 ) ) ;
#1115 = LINE ( 'NONE', #594, #432 ) ;
#1116 = AXIS2_PLACEMENT_3D ( 'NONE', #1364, #835, #1227 ) ;
#1117 = ORIENTED_EDGE ( 'NONE', *, *, #265, .T. ) ;
#1118 = AXIS2_PLACEMENT_3D ( 'NONE', #1759, #956, #922 ) ;
#1119 = AXIS2_PLACEMENT_3D ( 'NONE', #1008, #854, #1507 ) ;
#1120 = CARTESIAN_POINT ( 'NONE',  ( 0.000000000000000000, 8.000000000000000000, 3.000000000000000000 ) ) ;
#1121 = DIRECTION ( 'NONE',  ( -1.000000000000000000, -0.000000000000000000, -0.000000000000000000 ) ) ;
#1122 = EDGE_LOOP ( 'NONE', ( #979, #1224 ) ) ;
#1123 = LINE ( 'NONE', #1772, #1006 ) ;
#1124 = CARTESIAN_POINT ( 'NONE',  ( 9.000000000000005329, 63.00000000000001421, 5.000000000000000000 ) ) ;
#1125 = ADVANCED_FACE ( 'NONE', ( #1626 ), #638, .F. ) ;
#1126 = ORIENTED_EDGE ( 'NONE', *, *, #727, .F. ) ;
#1127 = EDGE_CURVE ( 'NONE', #1106, #1151, #322, .T. ) ;
#1128 = DIRECTION ( 'NONE',  ( -1.000000000000000000, 0.000000000000000000, 0.000000000000000000 ) ) ;
#1129 = CIRCLE ( 'NONE', #851, 2.000000000000000000 ) ;
#1130 = ORIENTED_EDGE ( 'NONE', *, *, #1174, .T. ) ;
#1131 = VECTOR ( 'NONE', #990, 1000.000000000000000 ) ;
#1132 = ORIENTED_EDGE ( 'NONE', *, *, #1127, .F. ) ;
#1133 = DIRECTION ( 'NONE',  ( 0.000000000000000000, 0.000000000000000000, 1.000000000000000000 ) ) ;
#1134 = VECTOR ( 'NONE', #316, 1000.000000000000000 ) ;
#1135 = DIRECTION ( 'NONE',  ( 0.000000000000000000, 0.000000000000000000, 1.000000000000000000 ) ) ;
#1136 = EDGE_CURVE ( 'NONE', #2043, #149, #1569, .T. ) ;
#1137 = CARTESIAN_POINT ( 'NONE',  ( 31.00000000000000000, 12.00000000000000000, 0.000000000000000000 ) ) ;
#1138 = VERTEX_POINT ( 'NONE', #208 ) ;
#1139 = DIRECTION ( 'NONE',  ( 0.000000000000000000, 0.000000000000000000, 1.000000000000000000 ) ) ;
#1140 = DIRECTION ( 'NONE',  ( -1.000000000000000000, 0.000000000000000000, 0.000000000000000000 ) ) ;
#1141 = VERTEX_POINT ( 'NONE', #1209 ) ;
#1142 = ORIENTED_EDGE ( 'NONE', *, *, #162, .T. ) ;
#1143 = DIRECTION ( 'NONE',  ( 0.000000000000000000, 0.000000000000000000, -1.000000000000000000 ) ) ;
#1144 = LINE ( 'NONE', #1477, #2105 ) ;
#1145 = EDGE_LOOP ( 'NONE', ( #1353, #2098, #955, #1813 ) ) ;
#1146 = DIRECTION ( 'NONE',  ( -0.000000000000000000, -0.000000000000000000, -1.000000000000000000 ) ) ;
#1147 = DIRECTION ( 'NONE',  ( -1.000000000000000000, 0.000000000000000000, -0.000000000000000000 ) ) ;
#1148 = EDGE_LOOP ( 'NONE', ( #550, #2131, #228, #944 ) ) ;
#1149 = AXIS2_PLACEMENT_3D ( 'NONE', #1679, #1999, #199 ) ;
#1150 = VECTOR ( 'NONE', #591, 1000.000000000000000 ) ;
#1151 = VERTEX_POINT ( 'NONE', #1023 ) ;
#1152 = VECTOR ( 'NONE', #1504, 1000.000000000000000 ) ;
#1153 = ORIENTED_EDGE ( 'NONE', *, *, #626, .F. ) ;
#1154 = CARTESIAN_POINT ( 'NONE',  ( 37.00000000000000711, 63.00000000000001421, 6.000000000000000000 ) ) ;
#1155 = DIRECTION ( 'NONE',  ( 1.000000000000000000, 0.000000000000000000, 0.000000000000000000 ) ) ;
#1156 = AXIS2_PLACEMENT_3D ( 'NONE', #880, #869, #1990 ) ;
#1157 = DIRECTION ( 'NONE',  ( -1.000000000000000000, 0.000000000000000000, 0.000000000000000000 ) ) ;
#1158 = CARTESIAN_POINT ( 'NONE',  ( 0.000000000000000000, 100.0000000000000000, 3.000000000000000000 ) ) ;
#1159 = ORIENTED_EDGE ( 'NONE', *, *, #1749, .T. ) ;
#1160 = VECTOR ( 'NONE', #1479, 1000.000000000000000 ) ;
#1161 = EDGE_CURVE ( 'NONE', #106, #309, #849, .T. ) ;
#1162 = ORIENTED_EDGE ( 'NONE', *, *, #1909, .F. ) ;
#1163 = CIRCLE ( 'NONE', #223, 2.000000000000000000 ) ;
#1164 = DIRECTION ( 'NONE',  ( -0.000000000000000000, -1.000000000000000000, -0.000000000000000000 ) ) ;
#1165 = VERTEX_POINT ( 'NONE', #681 ) ;
#1166 = DIRECTION ( 'NONE',  ( -1.000000000000000000, 0.000000000000000000, 0.000000000000000000 ) ) ;
#1167 = CARTESIAN_POINT ( 'NONE',  ( 8.000000000000005329, 1.387778780781446662E-15, 5.000000000000000000 ) ) ;
#1168 = DIRECTION ( 'NONE',  ( -0.000000000000000000, 1.000000000000000000, -0.000000000000000000 ) ) ;
#1169 = CYLINDRICAL_SURFACE ( 'NONE', #1403, 1.549999999999998490 ) ;
#1170 = FACE_OUTER_BOUND ( 'NONE', #1619, .T. ) ;
#1171 = ORIENTED_EDGE ( 'NONE', *, *, #1929, .T. ) ;
#1172 = EDGE_LOOP ( 'NONE', ( #272, #2076, #356, #60 ) ) ;
#1173 = DIRECTION ( 'NONE',  ( 0.000000000000000000, 0.000000000000000000, -1.000000000000000000 ) ) ;
#1174 = EDGE_CURVE ( 'NONE', #440, #654, #719, .T. ) ;
#1175 = LINE ( 'NONE', #20, #1221 ) ;
#1176 = EDGE_LOOP ( 'NONE', ( #1357, #55, #1421, #1438 ) ) ;
#1177 = CARTESIAN_POINT ( 'NONE',  ( 33.00000000000000000, 0.000000000000000000, 3.000000000000000000 ) ) ;
#1178 = DIRECTION ( 'NONE',  ( 1.000000000000000000, 0.000000000000000000, 0.000000000000000000 ) ) ;
#1179 = CARTESIAN_POINT ( 'NONE',  ( 46.00000000000000000, 0.000000000000000000, 0.000000000000000000 ) ) ;
#1180 = DIRECTION ( 'NONE',  ( 0.000000000000000000, 0.000000000000000000, -1.000000000000000000 ) ) ;
#1181 = ORIENTED_EDGE ( 'NONE', *, *, #2101, .T. ) ;
#1182 = VECTOR ( 'NONE', #88, 1000.000000000000000 ) ;
#1183 = VECTOR ( 'NONE', #629, 1000.000000000000000 ) ;
#1184 = ORIENTED_EDGE ( 'NONE', *, *, #53, .F. ) ;
#1185 = CIRCLE ( 'NONE', #1906, 1.550000000000002709 ) ;
#1186 = AXIS2_PLACEMENT_3D ( 'NONE', #1786, #662, #143 ) ;
#1187 = CYLINDRICAL_SURFACE ( 'NONE', #772, 4.999999999999997335 ) ;
#1188 = EDGE_CURVE ( 'NONE', #2115, #2125, #18, .T. ) ;
#1189 = ORIENTED_EDGE ( 'NONE', *, *, #340, .F. ) ;
#1190 = CARTESIAN_POINT ( 'NONE',  ( 31.00000000000000000, 10.00000000000000000, -7.000000000000000000 ) ) ;
#1191 = B_SPLINE_CURVE_WITH_KNOTS ( 'NONE', 3,
 ( #1767, #1900, #1739, #285, #1618, #1445 ),
 .UNSPECIFIED., .F., .F.,
 ( 4, 2, 4 ),
 ( 0.000000000000000000, 0.0005440244796321352721, 0.001088048959264270544 ),
 .UNSPECIFIED. ) ;
#1192 = CARTESIAN_POINT ( 'NONE',  ( 14.00000000000000178, 91.00000000000001421, 3.000000000000000000 ) ) ;
#1193 = CARTESIAN_POINT ( 'NONE',  ( 34.04999999999999716, 30.26794919243112147, 4.000000000000000000 ) ) ;
#1194 = DIRECTION ( 'NONE',  ( 0.000000000000000000, 0.000000000000000000, -1.000000000000000000 ) ) ;
#1195 = TOROIDAL_SURFACE ( 'NONE', #1017, 5.000000000000000000, 2.000000000000000000 ) ;
#1196 = DIRECTION ( 'NONE',  ( -0.000000000000000000, -0.000000000000000000, -1.000000000000000000 ) ) ;
#1197 = VECTOR ( 'NONE', #896, 1000.000000000000000 ) ;
#1198 = LINE ( 'NONE', #1218, #51 ) ;
#1199 = ORIENTED_EDGE ( 'NONE', *, *, #820, .T. ) ;
#1200 = ADVANCED_FACE ( 'NONE', ( #1377 ), #989, .T. ) ;
#1201 = CARTESIAN_POINT ( 'NONE',  ( 9.000000000000005329, 63.00000000000001421, 6.000000000000000000 ) ) ;
#1202 = AXIS2_PLACEMENT_3D ( 'NONE', #1467, #487, #1012 ) ;
#1203 = CARTESIAN_POINT ( 'NONE',  ( 13.26794919243112858, 8.000000000000000000, 3.000000000000000000 ) ) ;
#1204 = ORIENTED_EDGE ( 'NONE', *, *, #2074, .T. ) ;
#1205 = DIRECTION ( 'NONE',  ( -1.000000000000000000, 0.000000000000000000, 0.000000000000000000 ) ) ;
#1206 = FACE_BOUND ( 'NONE', #260, .T. ) ;
#1207 = CARTESIAN_POINT ( 'NONE',  ( 42.00000000000000711, 91.00000000000001421, 3.000000000000000000 ) ) ;
#1208 = EDGE_LOOP ( 'NONE', ( #829, #1858, #1233, #1745 ) ) ;
#1209 = CARTESIAN_POINT ( 'NONE',  ( 46.00000000000000000, 5.000000000000000000, 0.000000000000000000 ) ) ;
#1210 = SURFACE_STYLE_FILL_AREA ( #1717 ) ;
#1211 = ADVANCED_FACE ( 'NONE', ( #177 ), #47, .T. ) ;
#1212 = CARTESIAN_POINT ( 'NONE',  ( 6.000000000000000888, 91.00000000000001421, 6.000000000000000000 ) ) ;
#1213 = DIRECTION ( 'NONE',  ( 0.000000000000000000, -0.000000000000000000, 1.000000000000000000 ) ) ;
#1214 = LINE ( 'NONE', #1300, #1387 ) ;
#1215 = EDGE_CURVE ( 'NONE', #1696, #1617, #707, .T. ) ;
#1216 = CIRCLE ( 'NONE', #1488, 2.999999999999999112 ) ;
#1217 = AXIS2_PLACEMENT_3D ( 'NONE', #2055, #443, #630 ) ;
#1218 = CARTESIAN_POINT ( 'NONE',  ( 33.00000000000000000, 0.000000000000000000, 4.000000000000000000 ) ) ;
#1219 = AXIS2_PLACEMENT_3D ( 'NONE', #1084, #755, #1924 ) ;
#1220 = ORIENTED_EDGE ( 'NONE', *, *, #632, .F. ) ;
#1221 = VECTOR ( 'NONE', #1352, 1000.000000000000000 ) ;
#1222 = PRODUCT_DEFINITION_SHAPE ( 'NONE', 'NONE',  #1290 ) ;
#1223 = DIRECTION ( 'NONE',  ( 0.000000000000000000, 0.000000000000000000, -1.000000000000000000 ) ) ;
#1224 = ORIENTED_EDGE ( 'NONE', *, *, #109, .T. ) ;
#1225 = EDGE_CURVE ( 'NONE', #1762, #798, #1216, .T. ) ;
#1226 = CIRCLE ( 'NONE', #184, 5.000000000000004441 ) ;
#1227 = DIRECTION ( 'NONE',  ( -1.000000000000000000, 0.000000000000000000, 0.000000000000000000 ) ) ;
#1228 = EDGE_LOOP ( 'NONE', ( #151, #329, #1204, #696 ) ) ;
#1229 = DIRECTION ( 'NONE',  ( 0.000000000000000000, -1.000000000000000000, 0.000000000000000000 ) ) ;
#1230 = AXIS2_PLACEMENT_3D ( 'NONE', #886, #249, #1574 ) ;
#1231 = CARTESIAN_POINT ( 'NONE',  ( 15.00000000000000178, 33.00000000000000000, 5.000000000000000000 ) ) ;
#1232 = DIRECTION ( 'NONE',  ( -1.000000000000000000, -1.734723475976807341E-16, 0.000000000000000000 ) ) ;
#1233 = ORIENTED_EDGE ( 'NONE', *, *, #162, .F. ) ;
#1234 = DIRECTION ( 'NONE',  ( -0.000000000000000000, -1.000000000000000000, -0.000000000000000000 ) ) ;
#1235 = AXIS2_PLACEMENT_3D ( 'NONE', #590, #1423, #613 ) ;
#1236 = CARTESIAN_POINT ( 'NONE',  ( 37.00000000000000711, 63.00000000000001421, 3.000000000000000000 ) ) ;
#1237 = DIRECTION ( 'NONE',  ( 1.000000000000000000, 0.000000000000000000, 0.000000000000000000 ) ) ;
#1238 = CARTESIAN_POINT ( 'NONE',  ( 4.000000000000004441, 63.00000000000001421, 5.000000000000000000 ) ) ;
#1239 = CARTESIAN_POINT ( 'NONE',  ( 9.000000000000001776, 91.00000000000001421, 5.000000000000000000 ) ) ;
#1240 = VERTEX_POINT ( 'NONE', #37 ) ;
#1241 = FACE_OUTER_BOUND ( 'NONE', #194, .T. ) ;
#1242 = CARTESIAN_POINT ( 'NONE',  ( 33.00000000000000000, 9.000000000000001776, 3.000000000000000000 ) ) ;
#1243 = CYLINDRICAL_SURFACE ( 'NONE', #1609, 2.000000000000000000 ) ;
#1244 = VERTEX_POINT ( 'NONE', #1193 ) ;
#1245 = DIRECTION ( 'NONE',  ( 0.000000000000000000, 0.000000000000000000, -1.000000000000000000 ) ) ;
#1246 = ORIENTED_EDGE ( 'NONE', *, *, #152, .T. ) ;
#1247 = VERTEX_POINT ( 'NONE', #1956 ) ;
#1248 = DIRECTION ( 'NONE',  ( -1.000000000000000000, 0.000000000000000000, 0.000000000000000000 ) ) ;
#1249 = CARTESIAN_POINT ( 'NONE',  ( 0.000000000000000000, 95.00000000000000000, 0.000000000000000000 ) ) ;
#1250 = PLANE ( 'NONE',  #1393 ) ;
#1251 = DIRECTION ( 'NONE',  ( -2.312964634635743450E-16, 1.000000000000000000, -0.000000000000000000 ) ) ;
#1252 = ORIENTED_EDGE ( 'NONE', *, *, #1748, .F. ) ;
#1253 = AXIS2_PLACEMENT_3D ( 'NONE', #1236, #34, #1884 ) ;
#1254 = VECTOR ( 'NONE', #748, 1000.000000000000000 ) ;
#1255 = EDGE_CURVE ( 'NONE', #1492, #320, #1614, .T. ) ;
#1256 = CARTESIAN_POINT ( 'NONE',  ( 41.00000000000000000, 100.0000000000000000, 3.000000000000000000 ) ) ;
#1257 = CIRCLE ( 'NONE', #1329, 3.000000000000000000 ) ;
#1258 = LINE ( 'NONE', #1057, #1473 ) ;
#1259 = VERTEX_POINT ( 'NONE', #1137 ) ;
#1260 = AXIS2_PLACEMENT_3D ( 'NONE', #1941, #1783, #1427 ) ;
#1261 = VERTEX_POINT ( 'NONE', #301 ) ;
#1262 = DIRECTION ( 'NONE',  ( 0.000000000000000000, 0.000000000000000000, 1.000000000000000000 ) ) ;
#1263 = FACE_BOUND ( 'NONE', #111, .T. ) ;
#1264 = CARTESIAN_POINT ( 'NONE',  ( 0.000000000000000000, 0.000000000000000000, 3.000000000000000000 ) ) ;
#1265 = EDGE_LOOP ( 'NONE', ( #555, #2058, #1625, #351 ) ) ;
#1266 = AXIS2_PLACEMENT_3D ( 'NONE', #1356, #78, #720 ) ;
#1267 = DIRECTION ( 'NONE',  ( 0.000000000000000000, 0.000000000000000000, -1.000000000000000000 ) ) ;
#1268 = AXIS2_PLACEMENT_3D ( 'NONE', #36, #980, #326 ) ;
#1269 = EDGE_CURVE ( 'NONE', #732, #314, #1144, .T. ) ;
#1270 = ORIENTED_EDGE ( 'NONE', *, *, #1338, .T. ) ;
#1271 = EDGE_CURVE ( 'NONE', #1610, #1715, #1632, .T. ) ;
#1272 = EDGE_LOOP ( 'NONE', ( #1589, #621 ) ) ;
#1273 = CARTESIAN_POINT ( 'NONE',  ( 15.00000000000000178, 33.00000000000000000, 3.000000000000000000 ) ) ;
#1274 = FACE_OUTER_BOUND ( 'NONE', #1122, .T. ) ;
#1275 = EDGE_LOOP ( 'NONE', ( #824, #1857, #2051, #1391 ) ) ;
#1276 = ORIENTED_EDGE ( 'NONE', *, *, #138, .T. ) ;
#1277 = FACE_OUTER_BOUND ( 'NONE', #616, .T. ) ;
#1278 = CARTESIAN_POINT ( 'NONE',  ( 0.000000000000000000, 12.00000000000000000, 0.000000000000000000 ) ) ;
#1279 = EDGE_CURVE ( 'NONE', #1913, #1463, #2078, .T. ) ;
#1280 = CARTESIAN_POINT ( 'NONE',  ( 9.000000000000001776, 91.00000000000001421, 6.000000000000000000 ) ) ;
#1281 = ADVANCED_FACE ( 'NONE', ( #1863 ), #1882, .F. ) ;
#1282 = VERTEX_POINT ( 'NONE', #861 ) ;
#1283 = CARTESIAN_POINT ( 'NONE',  ( 0.000000000000000000, 0.000000000000000000, 4.000000000000000000 ) ) ;
#1284 = DIRECTION ( 'NONE',  ( -1.000000000000000000, 0.000000000000000000, 0.000000000000000000 ) ) ;
#1285 = VERTEX_POINT ( 'NONE', #1708 ) ;
#1286 = CARTESIAN_POINT ( 'NONE',  ( 33.00000000000000000, 9.000000000000001776, 0.000000000000000000 ) ) ;
#1287 = CIRCLE ( 'NONE', #1599, 2.000000000000001776 ) ;
#1288 = ORIENTED_EDGE ( 'NONE', *, *, #1702, .T. ) ;
#1289 = CIRCLE ( 'NONE', #631, 3.000000000000002665 ) ;
#1290 = PRODUCT_DEFINITION ( 'UNKNOWN', '', #1876, #1091 ) ;
#1291 = AXIS2_PLACEMENT_3D ( 'NONE', #217, #1029, #1840 ) ;
#1292 = ORIENTED_EDGE ( 'NONE', *, *, #1174, .F. ) ;
#1293 = LINE ( 'NONE', #584, #146 ) ;
#1294 = CARTESIAN_POINT ( 'NONE',  ( 31.00000000000000000, 35.00000000000000000, 0.000000000000000000 ) ) ;
#1295 = EDGE_CURVE ( 'NONE', #1854, #489, #1520, .T. ) ;
#1296 = CYLINDRICAL_SURFACE ( 'NONE', #700, 3.000000000000000000 ) ;
#1297 = CARTESIAN_POINT ( 'NONE',  ( 9.000000000000001776, 91.00000000000001421, 5.000000000000000000 ) ) ;
#1298 = AXIS2_PLACEMENT_3D ( 'NONE', #1810, #1437, #1822 ) ;
#1299 = ORIENTED_EDGE ( 'NONE', *, *, #156, .F. ) ;
#1300 = CARTESIAN_POINT ( 'NONE',  ( 34.04999999999999716, 30.26794919243112147, 4.000000000000000000 ) ) ;
#1301 = CARTESIAN_POINT ( 'NONE',  ( 37.00000000000000711, 63.00000000000001421, 7.500000000000000000 ) ) ;
#1302 = AXIS2_PLACEMENT_3D ( 'NONE', #11, #1645, #1155 ) ;
#1303 = CARTESIAN_POINT ( 'NONE',  ( 0.000000000000000000, 29.00000000000000000, 0.000000000000000000 ) ) ;
#1304 = ORIENTED_EDGE ( 'NONE', *, *, #1420, .T. ) ;
#1305 = ORIENTED_EDGE ( 'NONE', *, *, #1920, .F. ) ;
#1306 = CARTESIAN_POINT ( 'NONE',  ( 7.450000000000002842, 91.00000000000001421, 6.000000000000000000 ) ) ;
#1307 = VECTOR ( 'NONE', #1213, 1000.000000000000000 ) ;
#1308 = EDGE_CURVE ( 'NONE', #1815, #93, #1470, .T. ) ;
#1309 = CARTESIAN_POINT ( 'NONE',  ( 15.00000000000000178, 31.00000000000000000, -7.000000000000000000 ) ) ;
#1310 = CYLINDRICAL_SURFACE ( 'NONE', #352, 3.000000000000002665 ) ;
#1311 = EDGE_CURVE ( 'NONE', #1067, #1349, #525, .T. ) ;
#1312 = CARTESIAN_POINT ( 'NONE',  ( 5.000000000000000000, 5.000000000000000000, 0.000000000000000000 ) ) ;
#1313 = DIRECTION ( 'NONE',  ( -1.000000000000000000, 0.000000000000000000, 0.000000000000000000 ) ) ;
#1314 = FACE_OUTER_BOUND ( 'NONE', #1176, .T. ) ;
#1315 = VERTEX_POINT ( 'NONE', #729 ) ;
#1316 = VERTEX_POINT ( 'NONE', #499 ) ;
#1317 = CARTESIAN_POINT ( 'NONE',  ( 36.00000000000000711, 30.00000000000000711, 5.000000000000000000 ) ) ;
#1318 = VERTEX_POINT ( 'NONE', #695 ) ;
#1319 = CARTESIAN_POINT ( 'NONE',  ( 9.000000000000005329, 63.00000000000001421, 3.000000000000000000 ) ) ;
#1320 = PLANE ( 'NONE',  #261 ) ;
#1321 = ADVANCED_FACE ( 'NONE', ( #1170 ), #1824, .F. ) ;
#1322 = DIRECTION ( 'NONE',  ( 1.000000000000000000, 0.000000000000000000, 0.000000000000000000 ) ) ;
#1323 = ORIENTED_EDGE ( 'NONE', *, *, #452, .T. ) ;
#1324 = CIRCLE ( 'NONE', #8, 5.000000000000000000 ) ;
#1325 = DIRECTION ( 'NONE',  ( 0.000000000000000000, 0.000000000000000000, -1.000000000000000000 ) ) ;
#1326 = CIRCLE ( 'NONE', #2107, 3.000000000000002665 ) ;
#1327 = ORIENTED_EDGE ( 'NONE', *, *, #1538, .T. ) ;
#1328 = ORIENTED_EDGE ( 'NONE', *, *, #1048, .T. ) ;
#1329 = AXIS2_PLACEMENT_3D ( 'NONE', #1239, #766, #2069 ) ;
#1330 = LINE ( 'NONE', #1976, #1940 ) ;
#1331 = VERTEX_POINT ( 'NONE', #211 ) ;
#1332 = LINE ( 'NONE', #1177, #1965 ) ;
#1333 = CARTESIAN_POINT ( 'NONE',  ( 4.000000000000000888, 91.00000000000001421, 3.000000000000000000 ) ) ;
#1334 = CARTESIAN_POINT ( 'NONE',  ( 41.00000000000000000, 95.00000000000000000, 3.000000000000000000 ) ) ;
#1335 = AXIS2_PLACEMENT_3D ( 'NONE', #121, #949, #1919 ) ;
#1336 = DIRECTION ( 'NONE',  ( -0.000000000000000000, -0.000000000000000000, -1.000000000000000000 ) ) ;
#1337 = VERTEX_POINT ( 'NONE', #39 ) ;
#1338 = EDGE_CURVE ( 'NONE', #1259, #1913, #1685, .T. ) ;
#1339 = ORIENTED_EDGE ( 'NONE', *, *, #505, .F. ) ;
#1340 = EDGE_CURVE ( 'NONE', #848, #1151, #1046, .T. ) ;
#1341 = AXIS2_PLACEMENT_3D ( 'NONE', #1907, #1102, #563 ) ;
#1342 = ORIENTED_EDGE ( 'NONE', *, *, #1997, .F. ) ;
#1343 = CARTESIAN_POINT ( 'NONE',  ( 14.00000000000000533, 63.00000000000001421, 5.000000000000000000 ) ) ;
#1344 = DIRECTION ( 'NONE',  ( -1.000000000000000000, 0.000000000000000000, 0.000000000000000000 ) ) ;
#1345 = FACE_OUTER_BOUND ( 'NONE', #925, .T. ) ;
#1346 = CARTESIAN_POINT ( 'NONE',  ( 34.00000000000000000, 63.00000000000001421, 6.000000000000000000 ) ) ;
#1347 = DIRECTION ( 'NONE',  ( 0.000000000000000000, -1.000000000000000000, 0.000000000000000000 ) ) ;
#1348 = ORIENTED_EDGE ( 'NONE', *, *, #1538, .F. ) ;
#1349 = VERTEX_POINT ( 'NONE', #1058 ) ;
#1350 = DIRECTION ( 'NONE',  ( -1.000000000000000000, 0.000000000000000000, 0.000000000000000000 ) ) ;
#1351 = EDGE_CURVE ( 'NONE', #812, #1259, #122, .T. ) ;
#1352 = DIRECTION ( 'NONE',  ( -1.000000000000000000, 0.000000000000000000, 0.000000000000000000 ) ) ;
#1353 = ORIENTED_EDGE ( 'NONE', *, *, #1188, .F. ) ;
#1354 = CARTESIAN_POINT ( 'NONE',  ( 6.000000000000004441, 63.00000000000001421, 6.000000000000000000 ) ) ;
#1355 = CARTESIAN_POINT ( 'NONE',  ( 33.00000000000000000, 31.00000000000000000, 3.000000000000000000 ) ) ;
#1356 = CARTESIAN_POINT ( 'NONE',  ( 0.000000000000000000, 32.00000000000000000, 5.000000000000000000 ) ) ;
#1357 = ORIENTED_EDGE ( 'NONE', *, *, #1512, .F. ) ;
#1358 = DIRECTION ( 'NONE',  ( 0.000000000000000000, 0.000000000000000000, 1.000000000000000000 ) ) ;
#1359 = AXIS2_PLACEMENT_3D ( 'NONE', #1238, #1978, #22 ) ;
#1360 = DIRECTION ( 'NONE',  ( -0.000000000000000000, -0.000000000000000000, -1.000000000000000000 ) ) ;
#1361 = EDGE_CURVE ( 'NONE', #2125, #862, #1115, .T. ) ;
#1362 = CARTESIAN_POINT ( 'NONE',  ( 36.00000000000000711, 10.00000000000000711, 3.828427124746190291 ) ) ;
#1363 = ORIENTED_EDGE ( 'NONE', *, *, #1026, .F. ) ;
#1364 = CARTESIAN_POINT ( 'NONE',  ( 37.00000000000000711, 91.00000000000001421, 3.000000000000000000 ) ) ;
#1365 = CARTESIAN_POINT ( 'NONE',  ( 10.55000000000000249, 63.00000000000001421, 7.500000000000000000 ) ) ;
#1366 = ORIENTED_EDGE ( 'NONE', *, *, #1814, .T. ) ;
#1367 = EDGE_LOOP ( 'NONE', ( #1781, #1088, #1995, #974, #1004, #372, #977, #1993 ) ) ;
#1368 = COLOUR_RGB ( '',0.7921568627450980005, 0.8196078431372548767, 0.9333333333333333481 ) ;
#1369 = CARTESIAN_POINT ( 'NONE',  ( 41.00000000000000000, 0.000000000000000000, 3.000000000000000000 ) ) ;
#1370 = CARTESIAN_POINT ( 'NONE',  ( 9.000000000000005329, 63.00000000000001421, 6.000000000000000000 ) ) ;
#1371 = AXIS2_PLACEMENT_3D ( 'NONE', #1309, #230, #1865 ) ;
#1372 = CARTESIAN_POINT ( 'NONE',  ( 9.000000000000001776, 91.00000000000001421, 6.000000000000000000 ) ) ;
#1373 = EDGE_CURVE ( 'NONE', #702, #1318, #1191, .T. ) ;
#1374 = ORIENTED_EDGE ( 'NONE', *, *, #2091, .F. ) ;
#1375 = CARTESIAN_POINT ( 'NONE',  ( 15.00000000000000533, 10.00000000000000000, 0.000000000000000000 ) ) ;
#1376 = EDGE_CURVE ( 'NONE', #878, #1010, #1860, .T. ) ;
#1377 = FACE_OUTER_BOUND ( 'NONE', #767, .T. ) ;
#1378 = CIRCLE ( 'NONE', #1268, 2.000000000000000000 ) ;
#1379 = DIRECTION ( 'NONE',  ( -1.000000000000000000, 0.000000000000000000, 0.000000000000000000 ) ) ;
#1380 = EDGE_LOOP ( 'NONE', ( #1921, #1793, #1113, #2040 ) ) ;
#1381 = CARTESIAN_POINT ( 'NONE',  ( 6.000000000000004441, 63.00000000000001421, 5.000000000000000000 ) ) ;
#1382 = DIRECTION ( 'NONE',  ( 1.000000000000000000, 0.000000000000000000, -0.000000000000000000 ) ) ;
#1383 = EDGE_LOOP ( 'NONE', ( #1153, #1171, #1117, #1292 ) ) ;
#1384 = FACE_OUTER_BOUND ( 'NONE', #637, .T. ) ;
#1385 = EDGE_CURVE ( 'NONE', #1617, #850, #799, .T. ) ;
#1386 = CARTESIAN_POINT ( 'NONE',  ( 37.00000000000000711, 91.00000000000001421, 5.000000000000000000 ) ) ;
#1387 = VECTOR ( 'NONE', #1790, 1000.000000000000000 ) ;
#1388 = DIRECTION ( 'NONE',  ( -1.000000000000000000, 0.000000000000000000, 0.000000000000000000 ) ) ;
#1389 = CIRCLE ( 'NONE', #83, 2.000000000000000000 ) ;
#1390 = LINE ( 'NONE', #1400, #293 ) ;
#1391 = ORIENTED_EDGE ( 'NONE', *, *, #265, .F. ) ;
#1392 = DIRECTION ( 'NONE',  ( -0.000000000000000000, -0.000000000000000000, -1.000000000000000000 ) ) ;
#1393 = AXIS2_PLACEMENT_3D ( 'NONE', #248, #1905, #909 ) ;
#1394 = DIRECTION ( 'NONE',  ( 1.000000000000000000, 0.000000000000000000, 0.000000000000000000 ) ) ;
#1395 = EDGE_CURVE ( 'NONE', #1854, #210, #2077, .T. ) ;
#1396 =( GEOMETRIC_REPRESENTATION_CONTEXT ( 3 ) GLOBAL_UNCERTAINTY_ASSIGNED_CONTEXT ( ( #407 ) ) GLOBAL_UNIT_ASSIGNED_CONTEXT ( ( #70, #1601, #2086 ) ) REPRESENTATION_CONTEXT ( 'NONE', 'WORKASPACE' ) );
#1397 = DIRECTION ( 'NONE',  ( 1.000000000000000000, 0.000000000000000000, 0.000000000000000000 ) ) ;
#1398 = DIRECTION ( 'NONE',  ( -0.000000000000000000, -0.000000000000000000, -1.000000000000000000 ) ) ;
#1399 = DIRECTION ( 'NONE',  ( 0.000000000000000000, 0.000000000000000000, -1.000000000000000000 ) ) ;
#1400 = CARTESIAN_POINT ( 'NONE',  ( 34.04999999999999716, 34.99999999999999289, 4.000000000000000000 ) ) ;
#1401 = ORIENTED_EDGE ( 'NONE', *, *, #2091, .T. ) ;
#1402 = CARTESIAN_POINT ( 'NONE',  ( 36.00000000000000711, 0.000000000000000000, 5.000000000000000000 ) ) ;
#1403 = AXIS2_PLACEMENT_3D ( 'NONE', #161, #671, #1671 ) ;
#1404 = CARTESIAN_POINT ( 'NONE',  ( 13.26794919243112858, 8.000000000000000000, 3.000000000000000000 ) ) ;
#1405 = CARTESIAN_POINT ( 'NONE',  ( 46.00000000000000000, 95.00000000000000000, 3.000000000000000000 ) ) ;
#1406 = CYLINDRICAL_SURFACE ( 'NONE', #1540, 5.000000000000000000 ) ;
#1407 = VECTOR ( 'NONE', #1000, 1000.000000000000000 ) ;
#1408 = CARTESIAN_POINT ( 'NONE',  ( 42.00000000000000711, 63.00000000000001421, 5.000000000000000000 ) ) ;
#1409 = DIRECTION ( 'NONE',  ( 0.000000000000000000, 0.000000000000000000, 1.000000000000000000 ) ) ;
#1410 = EDGE_CURVE ( 'NONE', #1431, #773, #1506, .T. ) ;
#1411 = FACE_OUTER_BOUND ( 'NONE', #412, .T. ) ;
#1412 = EDGE_LOOP ( 'NONE', ( #1021, #973, #1348, #274 ) ) ;
#1413 = LINE ( 'NONE', #112, #1254 ) ;
#1414 = CARTESIAN_POINT ( 'NONE',  ( 38.00000000000000711, 0.000000000000000000, 5.000000000000000000 ) ) ;
#1415 = ORIENTED_EDGE ( 'NONE', *, *, #1959, .T. ) ;
#1416 = LINE ( 'NONE', #1729, #85 ) ;
#1417 = FACE_OUTER_BOUND ( 'NONE', #1874, .T. ) ;
#1418 = CARTESIAN_POINT ( 'NONE',  ( 12.99999999999999289, 33.00000000000000000, 0.000000000000000000 ) ) ;
#1419 = ORIENTED_EDGE ( 'NONE', *, *, #1161, .T. ) ;
#1420 = EDGE_CURVE ( 'NONE', #33, #182, #717, .T. ) ;
#1421 = ORIENTED_EDGE ( 'NONE', *, *, #1682, .T. ) ;
#1422 = CIRCLE ( 'NONE', #1003, 1.549999999999997602 ) ;
#1423 = DIRECTION ( 'NONE',  ( 0.000000000000000000, 0.000000000000000000, -1.000000000000000000 ) ) ;
#1424 = CARTESIAN_POINT ( 'NONE',  ( 0.000000000000000000, 95.00000000000000000, 3.000000000000000000 ) ) ;
#1425 = EDGE_CURVE ( 'NONE', #812, #1806, #921, .T. ) ;
#1426 = AXIS2_PLACEMENT_3D ( 'NONE', #1319, #832, #1777 ) ;
#1427 = DIRECTION ( 'NONE',  ( 1.000000000000000000, 0.000000000000000000, 0.000000000000000000 ) ) ;
#1428 = EDGE_LOOP ( 'NONE', ( #1299, #145, #1826, #141 ) ) ;
#1429 = CARTESIAN_POINT ( 'NONE',  ( 4.000000000000004441, 63.00000000000001421, 3.000000000000000000 ) ) ;
#1430 = FACE_OUTER_BOUND ( 'NONE', #1953, .T. ) ;
#1431 = VERTEX_POINT ( 'NONE', #2024 ) ;
#1432 = AXIS2_PLACEMENT_3D ( 'NONE', #524, #1025, #1394 ) ;
#1433 = EDGE_CURVE ( 'NONE', #489, #1315, #1564, .T. ) ;
#1434 = CARTESIAN_POINT ( 'NONE',  ( 35.45000000000000284, 91.00000000000001421, 7.500000000000000000 ) ) ;
#1435 = ORIENTED_EDGE ( 'NONE', *, *, #1136, .F. ) ;
#1436 = EDGE_CURVE ( 'NONE', #1963, #1523, #1648, .T. ) ;
#1437 = DIRECTION ( 'NONE',  ( 0.000000000000000000, 0.000000000000000000, 1.000000000000000000 ) ) ;
#1438 = ORIENTED_EDGE ( 'NONE', *, *, #53, .T. ) ;
#1439 = LINE ( 'NONE', #934, #1183 ) ;
#1440 = DIRECTION ( 'NONE',  ( 1.000000000000000000, -0.000000000000000000, -0.000000000000000000 ) ) ;
#1441 = ORIENTED_EDGE ( 'NONE', *, *, #1512, .T. ) ;
#1442 = CARTESIAN_POINT ( 'NONE',  ( 31.00000000000000000, 35.00000000000000000, 3.000000000000000000 ) ) ;
#1443 = LINE ( 'NONE', #1576, #493 ) ;
#1444 = ORIENTED_EDGE ( 'NONE', *, *, #1973, .F. ) ;
#1445 = CARTESIAN_POINT ( 'NONE',  ( 32.73205080756887497, 8.000000000000003553, 3.000000000000000000 ) ) ;
#1446 = EDGE_CURVE ( 'NONE', #948, #1318, #1746, .T. ) ;
#1447 = CYLINDRICAL_SURFACE ( 'NONE', #50, 2.000000000000000000 ) ;
#1448 = CYLINDRICAL_SURFACE ( 'NONE', #1832, 1.550000000000002709 ) ;
#1449 = ORIENTED_EDGE ( 'NONE', *, *, #1036, .T. ) ;
#1450 = DIRECTION ( 'NONE',  ( -0.000000000000000000, 0.000000000000000000, -1.000000000000000000 ) ) ;
#1451 = ORIENTED_EDGE ( 'NONE', *, *, #1059, .F. ) ;
#1452 = AXIS2_PLACEMENT_3D ( 'NONE', #427, #1607, #610 ) ;
#1453 = FACE_OUTER_BOUND ( 'NONE', #1908, .T. ) ;
#1454 = ORIENTED_EDGE ( 'NONE', *, *, #894, .T. ) ;
#1455 = VECTOR ( 'NONE', #1495, 1000.000000000000000 ) ;
#1456 = CIRCLE ( 'NONE', #1563, 2.000000000000001776 ) ;
#1457 = EDGE_CURVE ( 'NONE', #982, #457, #2126, .T. ) ;
#1458 = CARTESIAN_POINT ( 'NONE',  ( 0.000000000000000000, 35.00000000000000000, 0.000000000000000000 ) ) ;
#1459 = ORIENTED_EDGE ( 'NONE', *, *, #1542, .F. ) ;
#1460 = ORIENTED_EDGE ( 'NONE', *, *, #1475, .F. ) ;
#1461 = CARTESIAN_POINT ( 'NONE',  ( 33.00000000000000000, 9.000000000000001776, 3.267949192431121475 ) ) ;
#1462 = EDGE_CURVE ( 'NONE', #798, #93, #262, .T. ) ;
#1463 = VERTEX_POINT ( 'NONE', #433 ) ;
#1464 = FACE_OUTER_BOUND ( 'NONE', #1053, .T. ) ;
#1465 = AXIS2_PLACEMENT_3D ( 'NONE', #1659, #497, #188 ) ;
#1466 = DIRECTION ( 'NONE',  ( 1.000000000000000000, 0.000000000000000000, 0.000000000000000000 ) ) ;
#1467 = CARTESIAN_POINT ( 'NONE',  ( 9.000000000000001776, 91.00000000000001421, 6.000000000000000000 ) ) ;
#1468 = CARTESIAN_POINT ( 'NONE',  ( 12.99999999999999645, 9.000000000000001776, 0.000000000000000000 ) ) ;
#1469 = CARTESIAN_POINT ( 'NONE',  ( 38.00000000000000711, 0.000000000000000000, 3.000000000000000000 ) ) ;
#1470 = CIRCLE ( 'NONE', #1946, 3.000000000000000000 ) ;
#1471 = VERTEX_POINT ( 'NONE', #1104 ) ;
#1472 = DIRECTION ( 'NONE',  ( 1.000000000000000000, 0.000000000000000000, -0.000000000000000000 ) ) ;
#1473 = VECTOR ( 'NONE', #410, 1000.000000000000000 ) ;
#1474 = ORIENTED_EDGE ( 'NONE', *, *, #575, .T. ) ;
#1475 = EDGE_CURVE ( 'NONE', #1010, #318, #2041, .T. ) ;
#1476 = CARTESIAN_POINT ( 'NONE',  ( 13.00000000000000711, 2.255140518769850406E-15, 4.000000000000000000 ) ) ;
#1477 = CARTESIAN_POINT ( 'NONE',  ( 11.94999999999999574, 34.99999999999999289, 5.000000000000000000 ) ) ;
#1478 = CARTESIAN_POINT ( 'NONE',  ( 34.04999999999999716, 32.00000000000000000, 5.000000000000000000 ) ) ;
#1479 = DIRECTION ( 'NONE',  ( -0.000000000000000000, -0.000000000000000000, -1.000000000000000000 ) ) ;
#1480 = ORIENTED_EDGE ( 'NONE', *, *, #1376, .T. ) ;
#1481 = VERTEX_POINT ( 'NONE', #1888 ) ;
#1482 = LINE ( 'NONE', #339, #246 ) ;
#1483 = DIRECTION ( 'NONE',  ( -0.000000000000000000, -1.000000000000000000, -0.000000000000000000 ) ) ;
#1484 = ADVANCED_FACE ( 'NONE', ( #396, #238, #1241 ), #1896, .T. ) ;
#1485 = EDGE_LOOP ( 'NONE', ( #289, #84 ) ) ;
#1486 = CARTESIAN_POINT ( 'NONE',  ( 34.05000000000000426, 7.875644580934708942E-15, 5.000000000000000000 ) ) ;
#1487 = DIRECTION ( 'NONE',  ( 1.000000000000000000, 0.000000000000000000, -0.000000000000000000 ) ) ;
#1488 = AXIS2_PLACEMENT_3D ( 'NONE', #1201, #1670, #858 ) ;
#1489 = DIRECTION ( 'NONE',  ( -1.224646799147353207E-16, 1.000000000000000000, 0.000000000000000000 ) ) ;
#1490 = CIRCLE ( 'NONE', #1728, 2.000000000000001776 ) ;
#1491 = AXIS2_PLACEMENT_3D ( 'NONE', #2008, #1050, #1237 ) ;
#1492 = VERTEX_POINT ( 'NONE', #1587 ) ;
#1493 = CIRCLE ( 'NONE', #453, 2.000000000000001776 ) ;
#1494 = EDGE_LOOP ( 'NONE', ( #395, #507, #96, #1750, #2079, #1449, #1699, #1526, #168, #561, #294 ) ) ;
#1495 = DIRECTION ( 'NONE',  ( -0.000000000000000000, -0.000000000000000000, -1.000000000000000000 ) ) ;
#1496 = DIRECTION ( 'NONE',  ( -0.000000000000000000, -0.000000000000000000, 1.000000000000000000 ) ) ;
#1497 = DIRECTION ( 'NONE',  ( -0.000000000000000000, -0.000000000000000000, 1.000000000000000000 ) ) ;
#1498 = EDGE_CURVE ( 'NONE', #813, #1631, #938, .T. ) ;
#1499 = CYLINDRICAL_SURFACE ( 'NONE', #358, 2.000000000000000000 ) ;
#1500 = DIRECTION ( 'NONE',  ( -0.000000000000000000, -0.000000000000000000, -1.000000000000000000 ) ) ;
#1501 = ORIENTED_EDGE ( 'NONE', *, *, #1666, .T. ) ;
#1502 = EDGE_CURVE ( 'NONE', #1913, #1165, #2016, .T. ) ;
#1503 = VERTEX_POINT ( 'NONE', #402 ) ;
#1504 = DIRECTION ( 'NONE',  ( 0.000000000000000000, -1.000000000000000000, 0.000000000000000000 ) ) ;
#1505 = VECTOR ( 'NONE', #926, 1000.000000000000000 ) ;
#1506 = CIRCLE ( 'NONE', #985, 4.999999999999997335 ) ;
#1507 = DIRECTION ( 'NONE',  ( -1.000000000000000000, 0.000000000000000000, 0.000000000000000000 ) ) ;
#1508 = VERTEX_POINT ( 'NONE', #1062 ) ;
#1509 = CARTESIAN_POINT ( 'NONE',  ( 42.00000000000000711, 63.00000000000001421, 3.000000000000000000 ) ) ;
#1510 = DIRECTION ( 'NONE',  ( -0.000000000000000000, -0.000000000000000000, -1.000000000000000000 ) ) ;
#1511 = EDGE_LOOP ( 'NONE', ( #818, #445, #609, #1530 ) ) ;
#1512 = EDGE_CURVE ( 'NONE', #2043, #1503, #1722, .T. ) ;
#1513 = ORIENTED_EDGE ( 'NONE', *, *, #1959, .F. ) ;
#1514 = LINE ( 'NONE', #1369, #905 ) ;
#1515 = FACE_OUTER_BOUND ( 'NONE', #834, .T. ) ;
#1516 = CARTESIAN_POINT ( 'NONE',  ( 38.55000000000001137, 91.00000000000001421, 7.500000000000000000 ) ) ;
#1517 = ORIENTED_EDGE ( 'NONE', *, *, #1498, .F. ) ;
#1518 = CARTESIAN_POINT ( 'NONE',  ( 35.45000000000000284, 91.00000000000001421, 6.000000000000000000 ) ) ;
#1519 = FACE_OUTER_BOUND ( 'NONE', #426, .T. ) ;
#1520 = LINE ( 'NONE', #511, #157 ) ;
#1521 = ORIENTED_EDGE ( 'NONE', *, *, #1436, .F. ) ;
#1522 = CIRCLE ( 'NONE', #1596, 1.549999999999997602 ) ;
#1523 = VERTEX_POINT ( 'NONE', #1306 ) ;
#1524 = ADVANCED_FACE ( 'NONE', ( #482, #2099 ), #2127, .T. ) ;
#1525 = AXIS2_PLACEMENT_3D ( 'NONE', #1386, #874, #2028 ) ;
#1526 = ORIENTED_EDGE ( 'NONE', *, *, #846, .T. ) ;
#1527 = AXIS2_PLACEMENT_3D ( 'NONE', #994, #1173, #1350 ) ;
#1528 = EDGE_CURVE ( 'NONE', #1471, #916, #718, .T. ) ;
#1529 = CARTESIAN_POINT ( 'NONE',  ( 11.94999999999999574, 34.99999999999999289, 4.000000000000000000 ) ) ;
#1530 = ORIENTED_EDGE ( 'NONE', *, *, #1295, .F. ) ;
#1531 = CARTESIAN_POINT ( 'NONE',  ( 10.00000000000000711, 10.00000000000000000, 3.828427124746190291 ) ) ;
#1532 = DIRECTION ( 'NONE',  ( 1.000000000000000000, 0.000000000000000000, -0.000000000000000000 ) ) ;
#1533 = LINE ( 'NONE', #1434, #323 ) ;
#1534 = VERTEX_POINT ( 'NONE', #1968 ) ;
#1535 = DIRECTION ( 'NONE',  ( -0.000000000000000000, -0.000000000000000000, -1.000000000000000000 ) ) ;
#1536 = STYLED_ITEM ( 'NONE', ( #221 ), #2062 ) ;
#1537 = DIRECTION ( 'NONE',  ( -0.000000000000000000, -0.000000000000000000, -1.000000000000000000 ) ) ;
#1538 = EDGE_CURVE ( 'NONE', #33, #418, #467, .T. ) ;
#1539 = DIRECTION ( 'NONE',  ( 1.000000000000000000, -0.000000000000000000, -0.000000000000000000 ) ) ;
#1540 = AXIS2_PLACEMENT_3D ( 'NONE', #2053, #1245, #917 ) ;
#1541 = CARTESIAN_POINT ( 'NONE',  ( 34.05000000000000426, 9.732050807568885631, 4.000000000000000000 ) ) ;
#1542 = EDGE_CURVE ( 'NONE', #1686, #1067, #1916, .T. ) ;
#1543 = CARTESIAN_POINT ( 'NONE',  ( 12.00000000000000355, 63.00000000000001421, 6.000000000000000000 ) ) ;
#1544 = ORIENTED_EDGE ( 'NONE', *, *, #284, .F. ) ;
#1545 = CARTESIAN_POINT ( 'NONE',  ( 0.000000000000000000, 0.000000000000000000, 0.000000000000000000 ) ) ;
#1546 = AXIS2_PLACEMENT_3D ( 'NONE', #190, #202, #1992 ) ;
#1547 = FACE_OUTER_BOUND ( 'NONE', #1605, .T. ) ;
#1548 = LINE ( 'NONE', #126, #2068 ) ;
#1549 = ORIENTED_EDGE ( 'NONE', *, *, #214, .T. ) ;
#1550 = EDGE_CURVE ( 'NONE', #838, #568, #297, .T. ) ;
#1551 = LINE ( 'NONE', #1847, #253 ) ;
#1552 = CARTESIAN_POINT ( 'NONE',  ( 32.99999999999999289, 32.00000000000000000, 3.000000000000000000 ) ) ;
#1553 = EDGE_CURVE ( 'NONE', #612, #1240, #649, .T. ) ;
#1554 = ORIENTED_EDGE ( 'NONE', *, *, #1271, .F. ) ;
#1555 = AXIS2_PLACEMENT_3D ( 'NONE', #1124, #291, #1110 ) ;
#1556 = CARTESIAN_POINT ( 'NONE',  ( 0.000000000000000000, 0.000000000000000000, 0.000000000000000000 ) ) ;
#1557 = CARTESIAN_POINT ( 'NONE',  ( 31.00000000000000000, 9.000000000000001776, 0.000000000000000000 ) ) ;
#1558 = VECTOR ( 'NONE', #1849, 1000.000000000000000 ) ;
#1559 = DIRECTION ( 'NONE',  ( 0.000000000000000000, 0.000000000000000000, 1.000000000000000000 ) ) ;
#1560 = CIRCLE ( 'NONE', #180, 2.000000000000000000 ) ;
#1561 = DIRECTION ( 'NONE',  ( -1.224646799147353207E-16, 1.000000000000000000, 0.000000000000000000 ) ) ;
#1562 = VERTEX_POINT ( 'NONE', #1333 ) ;
#1563 = AXIS2_PLACEMENT_3D ( 'NONE', #2116, #641, #830 ) ;
#1564 =( BOUNDED_CURVE ( )  B_SPLINE_CURVE ( 3, ( #2000, #566, #2085, #1090 ),
 .UNSPECIFIED., .F., .F. ) 
 B_SPLINE_CURVE_WITH_KNOTS ( ( 4, 4 ),
 ( 1.570796326794896558, 3.141592653589793116 ),
 .UNSPECIFIED. ) 
 CURVE ( )  GEOMETRIC_REPRESENTATION_ITEM ( )  RATIONAL_B_SPLINE_CURVE ( ( 1.000000000000000000, 0.8047378541243649375, 0.8047378541243649375, 1.000000000000000000 ) ) 
 REPRESENTATION_ITEM ( '' )  );
#1565 = DIRECTION ( 'NONE',  ( -1.000000000000000000, 0.000000000000000000, 0.000000000000000000 ) ) ;
#1566 = DIRECTION ( 'NONE',  ( -0.000000000000000000, -0.000000000000000000, -1.000000000000000000 ) ) ;
#1567 = EDGE_LOOP ( 'NONE', ( #1975, #1126, #704, #44 ) ) ;
#1568 = EDGE_CURVE ( 'NONE', #456, #1244, #61, .T. ) ;
#1569 = CIRCLE ( 'NONE', #1298, 1.549999999999997602 ) ;
#1570 = DIRECTION ( 'NONE',  ( -0.000000000000000000, -0.000000000000000000, -1.000000000000000000 ) ) ;
#1571 = DIRECTION ( 'NONE',  ( -1.000000000000000000, 0.000000000000000000, 0.000000000000000000 ) ) ;
#1572 = DIRECTION ( 'NONE',  ( -1.000000000000000000, 0.000000000000000000, 0.000000000000000000 ) ) ;
#1573 = VECTOR ( 'NONE', #2122, 1000.000000000000000 ) ;
#1574 = DIRECTION ( 'NONE',  ( 1.000000000000000000, 0.000000000000000000, 0.000000000000000000 ) ) ;
#1575 = ORIENTED_EDGE ( 'NONE', *, *, #1613, .F. ) ;
#1576 = CARTESIAN_POINT ( 'NONE',  ( 15.00000000000000178, 29.00000000000000000, -7.000000000000000000 ) ) ;
#1577 = VERTEX_POINT ( 'NONE', #1355 ) ;
#1578 = VECTOR ( 'NONE', #740, 1000.000000000000000 ) ;
#1579 = ORIENTED_EDGE ( 'NONE', *, *, #379, .T. ) ;
#1580 = ADVANCED_FACE ( 'NONE', ( #1958 ), #1499, .F. ) ;
#1581 = EDGE_LOOP ( 'NONE', ( #302, #598, #964, #459 ) ) ;
#1582 = PLANE ( 'NONE',  #1219 ) ;
#1583 = DIRECTION ( 'NONE',  ( 1.000000000000000000, 0.000000000000000000, 0.000000000000000000 ) ) ;
#1584 = CARTESIAN_POINT ( 'NONE',  ( 0.000000000000000000, 32.00000000000000000, 5.000000000000000000 ) ) ;
#1585 = CARTESIAN_POINT ( 'NONE',  ( 15.00000000000000178, 33.00000000000000000, 0.000000000000000000 ) ) ;
#1586 = EDGE_LOOP ( 'NONE', ( #449, #1459, #136, #992 ) ) ;
#1587 = CARTESIAN_POINT ( 'NONE',  ( 33.00000000000000000, 10.00000000000000000, 0.000000000000000000 ) ) ;
#1588 = LINE ( 'NONE', #1077, #413 ) ;
#1589 = ORIENTED_EDGE ( 'NONE', *, *, #790, .T. ) ;
#1590 = ORIENTED_EDGE ( 'NONE', *, *, #831, .F. ) ;
#1591 = ORIENTED_EDGE ( 'NONE', *, *, #269, .F. ) ;
#1592 = DIRECTION ( 'NONE',  ( -1.000000000000000000, 0.000000000000000000, 0.000000000000000000 ) ) ;
#1593 = DIRECTION ( 'NONE',  ( 0.000000000000000000, 0.000000000000000000, -1.000000000000000000 ) ) ;
#1594 = ADVANCED_FACE ( 'NONE', ( #1345 ), #1320, .T. ) ;
#1595 = VERTEX_POINT ( 'NONE', #476 ) ;
#1596 = AXIS2_PLACEMENT_3D ( 'NONE', #856, #2013, #705 ) ;
#1597 = ADVANCED_FACE ( 'NONE', ( #680 ), #1690, .T. ) ;
#1598 = CARTESIAN_POINT ( 'NONE',  ( 12.99999999999999289, 35.00000000000000000, 3.000000000000000000 ) ) ;
#1599 = AXIS2_PLACEMENT_3D ( 'NONE', #1943, #619, #256 ) ;
#1600 = DIRECTION ( 'NONE',  ( 0.000000000000000000, -1.000000000000000000, 0.000000000000000000 ) ) ;
#1601 =( NAMED_UNIT ( * ) PLANE_ANGLE_UNIT ( ) SI_UNIT ( $, .RADIAN. ) );
#1602 = VERTEX_POINT ( 'NONE', #1192 ) ;
#1603 = EDGE_LOOP ( 'NONE', ( #1304, #1037, #652, #1288 ) ) ;
#1604 = AXIS2_PLACEMENT_3D ( 'NONE', #1805, #2129, #321 ) ;
#1605 = EDGE_LOOP ( 'NONE', ( #1867, #608, #1901, #1419 ) ) ;
#1606 = VERTEX_POINT ( 'NONE', #1509 ) ;
#1607 = DIRECTION ( 'NONE',  ( 0.000000000000000000, 0.000000000000000000, -1.000000000000000000 ) ) ;
#1608 = DIRECTION ( 'NONE',  ( 1.000000000000000000, 0.000000000000000000, -0.000000000000000000 ) ) ;
#1609 = AXIS2_PLACEMENT_3D ( 'NONE', #1615, #1105, #779 ) ;
#1610 = VERTEX_POINT ( 'NONE', #1809 ) ;
#1611 = EDGE_LOOP ( 'NONE', ( #1480, #1768, #721, #1305 ) ) ;
#1612 = CARTESIAN_POINT ( 'NONE',  ( 32.00000000000000000, 63.00000000000001421, 3.000000000000000000 ) ) ;
#1613 = EDGE_CURVE ( 'NONE', #702, #2084, #1378, .T. ) ;
#1614 = LINE ( 'NONE', #273, #1833 ) ;
#1615 = CARTESIAN_POINT ( 'NONE',  ( 0.000000000000000000, 8.000000000000003553, 5.000000000000000000 ) ) ;
#1616 = VECTOR ( 'NONE', #498, 1000.000000000000000 ) ;
#1617 = VERTEX_POINT ( 'NONE', #1798 ) ;
#1618 = CARTESIAN_POINT ( 'NONE',  ( 32.82400281373279682, 8.159265546533786662, 3.000000000000000000 ) ) ;
#1619 = EDGE_LOOP ( 'NONE', ( #1898, #1785, #1825, #518 ) ) ;
#1620 = ORIENTED_EDGE ( 'NONE', *, *, #81, .F. ) ;
#1621 = CYLINDRICAL_SURFACE ( 'NONE', #1076, 4.999999999999997335 ) ;
#1622 = DIRECTION ( 'NONE',  ( 1.000000000000000000, 2.312964634635743943E-16, 0.000000000000000000 ) ) ;
#1623 = CARTESIAN_POINT ( 'NONE',  ( 36.00000000000000711, 30.00000000000000355, 3.828427124746190291 ) ) ;
#1624 = CARTESIAN_POINT ( 'NONE',  ( 11.94999999999999929, 9.732050807568885631, 4.000000000000000000 ) ) ;
#1625 = ORIENTED_EDGE ( 'NONE', *, *, #1502, .F. ) ;
#1626 = FACE_OUTER_BOUND ( 'NONE', #472, .T. ) ;
#1627 = FACE_OUTER_BOUND ( 'NONE', #810, .T. ) ;
#1628 = VERTEX_POINT ( 'NONE', #175 ) ;
#1629 = ORIENTED_EDGE ( 'NONE', *, *, #1778, .F. ) ;
#1630 = ORIENTED_EDGE ( 'NONE', *, *, #626, .T. ) ;
#1631 = VERTEX_POINT ( 'NONE', #1989 ) ;
#1632 = CIRCLE ( 'NONE', #1260, 3.000000000000002665 ) ;
#1633 = FACE_OUTER_BOUND ( 'NONE', #893, .T. ) ;
#1634 = AXIS2_PLACEMENT_3D ( 'NONE', #347, #1496, #1166 ) ;
#1635 = FACE_OUTER_BOUND ( 'NONE', #1800, .T. ) ;
#1636 = EDGE_CURVE ( 'NONE', #1610, #533, #1844, .T. ) ;
#1637 = VECTOR ( 'NONE', #635, 1000.000000000000000 ) ;
#1638 = PLANE ( 'NONE',  #840 ) ;
#1639 = EDGE_CURVE ( 'NONE', #773, #1141, #836, .T. ) ;
#1640 = ORIENTED_EDGE ( 'NONE', *, *, #269, .T. ) ;
#1641 = ORIENTED_EDGE ( 'NONE', *, *, #791, .F. ) ;
#1642 = CYLINDRICAL_SURFACE ( 'NONE', #1527, 2.000000000000001776 ) ;
#1643 = DIRECTION ( 'NONE',  ( 0.000000000000000000, 0.000000000000000000, -1.000000000000000000 ) ) ;
#1644 = ORIENTED_EDGE ( 'NONE', *, *, #846, .F. ) ;
#1645 = DIRECTION ( 'NONE',  ( 0.000000000000000000, 0.000000000000000000, 1.000000000000000000 ) ) ;
#1646 = CARTESIAN_POINT ( 'NONE',  ( 41.00000000000000000, 95.00000000000000000, 0.000000000000000000 ) ) ;
#1647 = CARTESIAN_POINT ( 'NONE',  ( 12.00000000000000355, 63.00000000000001421, 5.000000000000000000 ) ) ;
#1648 = CIRCLE ( 'NONE', #1850, 1.549999999999997602 ) ;
#1649 = DIRECTION ( 'NONE',  ( 0.000000000000000000, 0.000000000000000000, 1.000000000000000000 ) ) ;
#1650 = ORIENTED_EDGE ( 'NONE', *, *, #871, .T. ) ;
#1651 = CARTESIAN_POINT ( 'NONE',  ( 37.00000000000000711, 91.00000000000001421, 5.000000000000000000 ) ) ;
#1652 = EDGE_CURVE ( 'NONE', #1141, #937, #159, .T. ) ;
#1653 = AXIS2_PLACEMENT_3D ( 'NONE', #1375, #520, #1680 ) ;
#1654 = ORIENTED_EDGE ( 'NONE', *, *, #673, .T. ) ;
#1655 = EDGE_CURVE ( 'NONE', #1316, #431, #334, .T. ) ;
#1656 = DIRECTION ( 'NONE',  ( -1.000000000000000000, -1.156482317317871971E-16, -0.000000000000000000 ) ) ;
#1657 = ORIENTED_EDGE ( 'NONE', *, *, #1075, .T. ) ;
#1658 = DIRECTION ( 'NONE',  ( -0.000000000000000000, -0.000000000000000000, -1.000000000000000000 ) ) ;
#1659 = CARTESIAN_POINT ( 'NONE',  ( 9.000000000000001776, 91.00000000000001421, 7.500000000000000000 ) ) ;
#1660 = LINE ( 'NONE', #167, #2083 ) ;
#1661 = ORIENTED_EDGE ( 'NONE', *, *, #465, .T. ) ;
#1662 = ORIENTED_EDGE ( 'NONE', *, *, #281, .F. ) ;
#1663 = FACE_OUTER_BOUND ( 'NONE', #1494, .T. ) ;
#1664 = ADVANCED_FACE ( 'NONE', ( #349 ), #1737, .F. ) ;
#1665 = LINE ( 'NONE', #163, #879 ) ;
#1666 = EDGE_CURVE ( 'NONE', #1261, #958, #1258, .T. ) ;
#1667 = LINE ( 'NONE', #1486, #1936 ) ;
#1668 = CARTESIAN_POINT ( 'NONE',  ( 10.00000000000000355, 10.00000000000000000, 5.000000000000000000 ) ) ;
#1669 = DIRECTION ( 'NONE',  ( 0.000000000000000000, 0.000000000000000000, 1.000000000000000000 ) ) ;
#1670 = DIRECTION ( 'NONE',  ( 0.000000000000000000, 0.000000000000000000, 1.000000000000000000 ) ) ;
#1671 = DIRECTION ( 'NONE',  ( -1.000000000000000000, 0.000000000000000000, 0.000000000000000000 ) ) ;
#1672 = ORIENTED_EDGE ( 'NONE', *, *, #1215, .F. ) ;
#1673 = LINE ( 'NONE', #1016, #2064 ) ;
#1674 = CIRCLE ( 'NONE', #703, 2.000000000000000000 ) ;
#1675 = EDGE_LOOP ( 'NONE', ( #686, #2063, #1060, #634, #1784, #2005, #29, #1654, #1030, #1998, #890 ) ) ;
#1676 = DIRECTION ( 'NONE',  ( -0.000000000000000000, -0.000000000000000000, 1.000000000000000000 ) ) ;
#1677 = PLANE ( 'NONE',  #842 ) ;
#1678 = ORIENTED_EDGE ( 'NONE', *, *, #904, .T. ) ;
#1679 = CARTESIAN_POINT ( 'NONE',  ( 13.00000000000000178, 32.00000000000000000, 5.000000000000000000 ) ) ;
#1680 = DIRECTION ( 'NONE',  ( -1.000000000000000000, 0.000000000000000000, 0.000000000000000000 ) ) ;
#1681 = CARTESIAN_POINT ( 'NONE',  ( 37.00000000000000711, 63.00000000000001421, 7.500000000000000000 ) ) ;
#1682 = EDGE_CURVE ( 'NONE', #149, #1628, #1719, .T. ) ;
#1683 = DIRECTION ( 'NONE',  ( -1.000000000000000000, -0.000000000000000000, -0.000000000000000000 ) ) ;
#1684 = ORIENTED_EDGE ( 'NONE', *, *, #1845, .T. ) ;
#1685 = LINE ( 'NONE', #549, #1307 ) ;
#1686 = VERTEX_POINT ( 'NONE', #1212 ) ;
#1687 = CARTESIAN_POINT ( 'NONE',  ( 15.00000000000000533, 7.000000000000000000, 3.000000000000000000 ) ) ;
#1688 = EDGE_LOOP ( 'NONE', ( #354, #1199, #308, #2106 ) ) ;
#1689 = DIRECTION ( 'NONE',  ( -0.000000000000000000, -0.000000000000000000, 1.000000000000000000 ) ) ;
#1690 = CYLINDRICAL_SURFACE ( 'NONE', #195, 3.000000000000002665 ) ;
#1691 = FACE_OUTER_BOUND ( 'NONE', #806, .T. ) ;
#1692 = ADVANCED_FACE ( 'NONE', ( #1864 ), #569, .F. ) ;
#1693 = EDGE_CURVE ( 'NONE', #149, #2043, #362, .T. ) ;
#1694 = LINE ( 'NONE', #204, #841 ) ;
#1695 = LINE ( 'NONE', #1529, #976 ) ;
#1696 = VERTEX_POINT ( 'NONE', #1552 ) ;
#1697 = DIRECTION ( 'NONE',  ( 1.000000000000000000, 0.000000000000000000, -0.000000000000000000 ) ) ;
#1698 = DIRECTION ( 'NONE',  ( -0.000000000000000000, -0.000000000000000000, 1.000000000000000000 ) ) ;
#1699 = ORIENTED_EDGE ( 'NONE', *, *, #1655, .T. ) ;
#1700 = AXIS2_PLACEMENT_3D ( 'NONE', #1903, #415, #764 ) ;
#1701 = AXIS2_PLACEMENT_3D ( 'NONE', #1370, #1196, #1891 ) ;
#1702 = EDGE_CURVE ( 'NONE', #5, #33, #80, .T. ) ;
#1703 = ORIENTED_EDGE ( 'NONE', *, *, #884, .F. ) ;
#1704 = AXIS2_PLACEMENT_3D ( 'NONE', #1807, #333, #1938 ) ;
#1705 = CARTESIAN_POINT ( 'NONE',  ( 38.00000000000000711, 8.000000000000003553, 3.000000000000000000 ) ) ;
#1706 = ORIENTED_EDGE ( 'NONE', *, *, #1051, .F. ) ;
#1707 = DIRECTION ( 'NONE',  ( 0.000000000000000000, 1.000000000000000000, 8.673617379884035472E-16 ) ) ;
#1708 = CARTESIAN_POINT ( 'NONE',  ( 6.000000000000000888, 91.00000000000001421, 5.000000000000000000 ) ) ;
#1709 = ORIENTED_EDGE ( 'NONE', *, *, #452, .F. ) ;
#1710 = CIRCLE ( 'NONE', #530, 2.000000000000000000 ) ;
#1711 = ORIENTED_EDGE ( 'NONE', *, *, #821, .F. ) ;
#1712 = CIRCLE ( 'NONE', #713, 1.550000000000002709 ) ;
#1713 = EDGE_CURVE ( 'NONE', #982, #533, #541, .T. ) ;
#1714 = PLANE ( 'NONE',  #87 ) ;
#1715 = VERTEX_POINT ( 'NONE', #399 ) ;
#1716 = EDGE_CURVE ( 'NONE', #1696, #878, #1068, .T. ) ;
#1717 = FILL_AREA_STYLE ('',( #59 ) ) ;
#1718 = ORIENTED_EDGE ( 'NONE', *, *, #66, .T. ) ;
#1719 = LINE ( 'NONE', #241, #1197 ) ;
#1720 = FACE_OUTER_BOUND ( 'NONE', #386, .T. ) ;
#1721 = DIRECTION ( 'NONE',  ( -0.000000000000000000, -0.000000000000000000, -1.000000000000000000 ) ) ;
#1722 = LINE ( 'NONE', #757, #572 ) ;
#1723 = FACE_OUTER_BOUND ( 'NONE', #1603, .T. ) ;
#1724 = DIRECTION ( 'NONE',  ( -0.000000000000000000, -0.000000000000000000, 1.000000000000000000 ) ) ;
#1725 = ORIENTED_EDGE ( 'NONE', *, *, #1279, .T. ) ;
#1726 = ADVANCED_FACE ( 'NONE', ( #751 ), #1406, .T. ) ;
#1727 = PRODUCT_CONTEXT ( 'NONE', #140, 'mechanical' ) ;
#1728 = AXIS2_PLACEMENT_3D ( 'NONE', #971, #1325, #817 ) ;
#1729 = CARTESIAN_POINT ( 'NONE',  ( 46.00000000000000000, 0.000000000000000000, 3.000000000000000000 ) ) ;
#1730 = CARTESIAN_POINT ( 'NONE',  ( 38.55000000000001137, 63.00000000000001421, 7.500000000000000000 ) ) ;
#1731 = TOROIDAL_SURFACE ( 'NONE', #1525, 5.000000000000001776, 2.000000000000000000 ) ;
#1732 = DIRECTION ( 'NONE',  ( 0.000000000000000000, 0.000000000000000000, 1.000000000000000000 ) ) ;
#1733 = AXIS2_PLACEMENT_3D ( 'NONE', #235, #898, #89 ) ;
#1734 = ORIENTED_EDGE ( 'NONE', *, *, #331, .T. ) ;
#1735 = VECTOR ( 'NONE', #1537, 1000.000000000000000 ) ;
#1736 = DIRECTION ( 'NONE',  ( -1.000000000000000000, 0.000000000000000000, 0.000000000000000000 ) ) ;
#1737 = CYLINDRICAL_SURFACE ( 'NONE', #754, 2.000000000000000000 ) ;
#1738 = ADVANCED_FACE ( 'NONE', ( #1464 ), #788, .T. ) ;
#1739 = CARTESIAN_POINT ( 'NONE',  ( 32.98094003203707558, 8.672148840293548488, 3.107957246833373599 ) ) ;
#1740 = DIRECTION ( 'NONE',  ( -1.000000000000000000, 0.000000000000000000, 0.000000000000000000 ) ) ;
#1741 = PLANE ( 'NONE',  #1217 ) ;
#1742 = CARTESIAN_POINT ( 'NONE',  ( 35.45000000000000284, 91.00000000000001421, 7.500000000000000000 ) ) ;
#1743 = VECTOR ( 'NONE', #578, 1000.000000000000000 ) ;
#1744 = DIRECTION ( 'NONE',  ( 0.000000000000000000, 0.000000000000000000, -1.000000000000000000 ) ) ;
#1745 = ORIENTED_EDGE ( 'NONE', *, *, #1036, .F. ) ;
#1746 = LINE ( 'NONE', #77, #1743 ) ;
#1747 = AXIS2_PLACEMENT_3D ( 'NONE', #2033, #1045, #421 ) ;
#1748 = EDGE_CURVE ( 'NONE', #179, #1138, #25, .T. ) ;
#1749 = EDGE_CURVE ( 'NONE', #502, #1244, #1390, .T. ) ;
#1750 = ORIENTED_EDGE ( 'NONE', *, *, #1553, .T. ) ;
#1751 = ORIENTED_EDGE ( 'NONE', *, *, #804, .F. ) ;
#1752 = DIRECTION ( 'NONE',  ( 1.000000000000000000, 0.000000000000000000, 0.000000000000000000 ) ) ;
#1753 = DIRECTION ( 'NONE',  ( -2.312964634635743943E-16, 1.000000000000000000, 0.000000000000000000 ) ) ;
#1754 = CARTESIAN_POINT ( 'NONE',  ( 31.00000000000000000, 33.00000000000000000, 3.000000000000000000 ) ) ;
#1755 = ORIENTED_EDGE ( 'NONE', *, *, #1966, .T. ) ;
#1756 = ORIENTED_EDGE ( 'NONE', *, *, #604, .F. ) ;
#1757 = EDGE_CURVE ( 'NONE', #483, #1595, #725, .T. ) ;
#1758 = ORIENTED_EDGE ( 'NONE', *, *, #1457, .T. ) ;
#1759 = CARTESIAN_POINT ( 'NONE',  ( 31.00000000000000000, 33.00000000000000000, 0.000000000000000000 ) ) ;
#1760 = CARTESIAN_POINT ( 'NONE',  ( 12.99999999999999822, 7.000000000000000000, -7.000000000000000000 ) ) ;
#1761 = ADVANCED_FACE ( 'NONE', ( #259 ), #2039, .F. ) ;
#1762 = VERTEX_POINT ( 'NONE', #1543 ) ;
#1763 = VECTOR ( 'NONE', #287, 1000.000000000000000 ) ;
#1764 = CIRCLE ( 'NONE', #1491, 1.550000000000002709 ) ;
#1765 = LINE ( 'NONE', #1424, #605 ) ;
#1766 = AXIS2_PLACEMENT_3D ( 'NONE', #1343, #365, #551 ) ;
#1767 = CARTESIAN_POINT ( 'NONE',  ( 33.00000000000000000, 9.000000000000001776, 3.267949192431121475 ) ) ;
#1768 = ORIENTED_EDGE ( 'NONE', *, *, #1475, .T. ) ;
#1769 = VECTOR ( 'NONE', #1121, 1000.000000000000000 ) ;
#1770 = LINE ( 'NONE', #1458, #1763 ) ;
#1771 = ORIENTED_EDGE ( 'NONE', *, *, #1804, .F. ) ;
#1772 = CARTESIAN_POINT ( 'NONE',  ( 12.99999999999999822, 7.000000000000000000, 3.000000000000000000 ) ) ;
#1773 = DIRECTION ( 'NONE',  ( 0.000000000000000000, 0.000000000000000000, -1.000000000000000000 ) ) ;
#1774 =( GEOMETRIC_REPRESENTATION_CONTEXT ( 3 ) GLOBAL_UNCERTAINTY_ASSIGNED_CONTEXT ( ( #2121 ) ) GLOBAL_UNIT_ASSIGNED_CONTEXT ( ( #419, #397, #2061 ) ) REPRESENTATION_CONTEXT ( 'NONE', 'WORKASPACE' ) );
#1775 = EDGE_CURVE ( 'NONE', #1106, #1806, #417, .T. ) ;
#1776 = ORIENTED_EDGE ( 'NONE', *, *, #821, .T. ) ;
#1777 = DIRECTION ( 'NONE',  ( -1.000000000000000000, 0.000000000000000000, 0.000000000000000000 ) ) ;
#1778 = EDGE_CURVE ( 'NONE', #930, #1261, #570, .T. ) ;
#1779 = AXIS2_PLACEMENT_3D ( 'NONE', #394, #1744, #1065 ) ;
#1780 = DIRECTION ( 'NONE',  ( 0.000000000000000000, 1.000000000000000000, 0.000000000000000000 ) ) ;
#1781 = ORIENTED_EDGE ( 'NONE', *, *, #1775, .F. ) ;
#1782 = VECTOR ( 'NONE', #1658, 1000.000000000000000 ) ;
#1783 = DIRECTION ( 'NONE',  ( 0.000000000000000000, 0.000000000000000000, 1.000000000000000000 ) ) ;
#1784 = ORIENTED_EDGE ( 'NONE', *, *, #2059, .T. ) ;
#1785 = ORIENTED_EDGE ( 'NONE', *, *, #1553, .F. ) ;
#1786 = CARTESIAN_POINT ( 'NONE',  ( 37.00000000000000711, 91.00000000000001421, 5.000000000000000000 ) ) ;
#1787 = LINE ( 'NONE', #1442, #1637 ) ;
#1788 = ORIENTED_EDGE ( 'NONE', *, *, #203, .F. ) ;
#1789 = EDGE_CURVE ( 'NONE', #125, #581, #953, .T. ) ;
#1790 = DIRECTION ( 'NONE',  ( -1.000000000000000000, -0.000000000000000000, -0.000000000000000000 ) ) ;
#1791 = DIRECTION ( 'NONE',  ( 0.000000000000000000, -0.000000000000000000, -1.000000000000000000 ) ) ;
#1792 = ORIENTED_EDGE ( 'NONE', *, *, #27, .T. ) ;
#1793 = ORIENTED_EDGE ( 'NONE', *, *, #1034, .F. ) ;
#1794 =( BOUNDED_CURVE ( )  B_SPLINE_CURVE ( 3, ( #1705, #866, #1362, #65 ),
 .UNSPECIFIED., .F., .F. ) 
 B_SPLINE_CURVE_WITH_KNOTS ( ( 4, 4 ),
 ( 1.570796326794896558, 3.141592653589793116 ),
 .UNSPECIFIED. ) 
 CURVE ( )  GEOMETRIC_REPRESENTATION_ITEM ( )  RATIONAL_B_SPLINE_CURVE ( ( 1.000000000000000000, 0.8047378541243649375, 0.8047378541243649375, 1.000000000000000000 ) ) 
 REPRESENTATION_ITEM ( '' )  );
#1795 = DIRECTION ( 'NONE',  ( -0.000000000000000000, 1.000000000000000000, 0.000000000000000000 ) ) ;
#1796 = CIRCLE ( 'NONE', #1700, 1.550000000000002709 ) ;
#1797 = CIRCLE ( 'NONE', #771, 2.000000000000001776 ) ;
#1798 = CARTESIAN_POINT ( 'NONE',  ( 32.99999999999999289, 33.00000000000000000, 3.000000000000000000 ) ) ;
#1799 = LINE ( 'NONE', #469, #1616 ) ;
#1800 = EDGE_LOOP ( 'NONE', ( #780, #1819, #965, #1718 ) ) ;
#1801 = EDGE_CURVE ( 'NONE', #457, #640, #607, .T. ) ;
#1802 = ORIENTED_EDGE ( 'NONE', *, *, #1922, .T. ) ;
#1803 = ORIENTED_EDGE ( 'NONE', *, *, #892, .F. ) ;
#1804 = EDGE_CURVE ( 'NONE', #512, #732, #2047, .T. ) ;
#1805 = CARTESIAN_POINT ( 'NONE',  ( 13.00000000000000711, 2.255140518769850406E-15, 5.000000000000000000 ) ) ;
#1806 = VERTEX_POINT ( 'NONE', #271 ) ;
#1807 = CARTESIAN_POINT ( 'NONE',  ( 15.00000000000000178, 31.00000000000000000, 0.000000000000000000 ) ) ;
#1808 = VECTOR ( 'NONE', #1683, 1000.000000000000000 ) ;
#1809 = CARTESIAN_POINT ( 'NONE',  ( 34.00000000000000000, 91.00000000000001421, 6.000000000000000000 ) ) ;
#1810 = CARTESIAN_POINT ( 'NONE',  ( 9.000000000000005329, 63.00000000000001421, 7.500000000000000000 ) ) ;
#1811 = CARTESIAN_POINT ( 'NONE',  ( 31.00000000000000000, 12.00000000000000000, 3.000000000000000000 ) ) ;
#1812 = AXIS2_PLACEMENT_3D ( 'NONE', #2050, #2087, #131 ) ;
#1813 = ORIENTED_EDGE ( 'NONE', *, *, #1361, .F. ) ;
#1814 = EDGE_CURVE ( 'NONE', #958, #483, #1982, .T. ) ;
#1815 = VERTEX_POINT ( 'NONE', #1647 ) ;
#1816 = FACE_BOUND ( 'NONE', #142, .T. ) ;
#1817 = EDGE_CURVE ( 'NONE', #1806, #470, #2124, .T. ) ;
#1818 = DIRECTION ( 'NONE',  ( -0.000000000000000000, -0.000000000000000000, -1.000000000000000000 ) ) ;
#1819 = ORIENTED_EDGE ( 'NONE', *, *, #863, .F. ) ;
#1820 = CARTESIAN_POINT ( 'NONE',  ( 32.99999999999999289, 33.00000000000000000, 0.000000000000000000 ) ) ;
#1821 = DIRECTION ( 'NONE',  ( 0.000000000000000000, 1.000000000000000000, 0.000000000000000000 ) ) ;
#1822 = DIRECTION ( 'NONE',  ( 1.000000000000000000, 0.000000000000000000, 0.000000000000000000 ) ) ;
#1823 = CYLINDRICAL_SURFACE ( 'NONE', #752, 1.549999999999998490 ) ;
#1824 = CYLINDRICAL_SURFACE ( 'NONE', #1371, 2.000000000000000000 ) ;
#1825 = ORIENTED_EDGE ( 'NONE', *, *, #69, .F. ) ;
#1826 = ORIENTED_EDGE ( 'NONE', *, *, #1652, .T. ) ;
#1827 = ADVANCED_FACE ( 'NONE', ( #478 ), #305, .F. ) ;
#1828 = DIRECTION ( 'NONE',  ( 0.000000000000000000, -1.000000000000000000, 0.000000000000000000 ) ) ;
#1829 = ORIENTED_EDGE ( 'NONE', *, *, #81, .T. ) ;
#1830 = DIRECTION ( 'NONE',  ( -1.000000000000000000, 0.000000000000000000, 0.000000000000000000 ) ) ;
#1831 = DIRECTION ( 'NONE',  ( 0.000000000000000000, 0.000000000000000000, 1.000000000000000000 ) ) ;
#1832 = AXIS2_PLACEMENT_3D ( 'NONE', #1944, #247, #1571 ) ;
#1833 = VECTOR ( 'NONE', #1600, 1000.000000000000000 ) ;
#1834 = DIRECTION ( 'NONE',  ( 1.000000000000000000, 0.000000000000000000, 0.000000000000000000 ) ) ;
#1835 = CARTESIAN_POINT ( 'NONE',  ( 12.00000000000000000, 91.00000000000001421, 6.000000000000000000 ) ) ;
#1836 = EDGE_LOOP ( 'NONE', ( #1108, #931, #1629, #1374 ) ) ;
#1837 = AXIS2_PLACEMENT_3D ( 'NONE', #897, #86, #1397 ) ;
#1838 = VECTOR ( 'NONE', #762, 1000.000000000000000 ) ;
#1839 = TOROIDAL_SURFACE ( 'NONE', #1186, 5.000000000000001776, 2.000000000000000000 ) ;
#1840 = DIRECTION ( 'NONE',  ( -1.000000000000000000, 0.000000000000000000, 0.000000000000000000 ) ) ;
#1841 = EDGE_CURVE ( 'NONE', #916, #309, #1799, .T. ) ;
#1842 = ORIENTED_EDGE ( 'NONE', *, *, #176, .T. ) ;
#1843 = DIRECTION ( 'NONE',  ( 0.000000000000000000, 0.000000000000000000, 1.000000000000000000 ) ) ;
#1844 = LINE ( 'NONE', #166, #1573 ) ;
#1845 = EDGE_CURVE ( 'NONE', #440, #1983, #889, .T. ) ;
#1846 = AXIS2_PLACEMENT_3D ( 'NONE', #847, #1500, #682 ) ;
#1847 = CARTESIAN_POINT ( 'NONE',  ( 13.00000000000000533, 9.000000000000001776, 5.000000000000000000 ) ) ;
#1848 = CARTESIAN_POINT ( 'NONE',  ( 37.00000000000000711, 91.00000000000001421, 5.000000000000000000 ) ) ;
#1849 = DIRECTION ( 'NONE',  ( -0.000000000000000000, -1.000000000000000000, -0.000000000000000000 ) ) ;
#1850 = AXIS2_PLACEMENT_3D ( 'NONE', #691, #747, #2072 ) ;
#1851 = CARTESIAN_POINT ( 'NONE',  ( 34.04999999999999716, 30.00000000000000711, 5.000000000000000000 ) ) ;
#1852 = ORIENTED_EDGE ( 'NONE', *, *, #888, .T. ) ;
#1853 = CARTESIAN_POINT ( 'NONE',  ( 13.00000000000000711, 8.840734453466215115, 3.175997186267210282 ) ) ;
#1854 = VERTEX_POINT ( 'NONE', #13 ) ;
#1855 = ADVANCED_FACE ( 'NONE', ( #1314 ), #1169, .T. ) ;
#1856 = ORIENTED_EDGE ( 'NONE', *, *, #593, .T. ) ;
#1857 = ORIENTED_EDGE ( 'NONE', *, *, #790, .F. ) ;
#1858 = ORIENTED_EDGE ( 'NONE', *, *, #820, .F. ) ;
#1859 = EDGE_LOOP ( 'NONE', ( #72, #1792 ) ) ;
#1860 =( BOUNDED_CURVE ( )  B_SPLINE_CURVE ( 3, ( #468, #315, #1623, #1317 ),
 .UNSPECIFIED., .F., .F. ) 
 B_SPLINE_CURVE_WITH_KNOTS ( ( 4, 4 ),
 ( 1.570796326794896558, 3.141592653589793116 ),
 .UNSPECIFIED. ) 
 CURVE ( )  GEOMETRIC_REPRESENTATION_ITEM ( )  RATIONAL_B_SPLINE_CURVE ( ( 1.000000000000000000, 0.8047378541243649375, 0.8047378541243649375, 1.000000000000000000 ) ) 
 REPRESENTATION_ITEM ( '' )  );
#1861 = DIRECTION ( 'NONE',  ( -0.000000000000000000, -0.000000000000000000, 1.000000000000000000 ) ) ;
#1862 = DIRECTION ( 'NONE',  ( 0.000000000000000000, 0.000000000000000000, -1.000000000000000000 ) ) ;
#1863 = FACE_OUTER_BOUND ( 'NONE', #1581, .T. ) ;
#1864 = FACE_OUTER_BOUND ( 'NONE', #1895, .T. ) ;
#1865 = DIRECTION ( 'NONE',  ( 1.000000000000000000, 0.000000000000000000, 0.000000000000000000 ) ) ;
#1866 = EDGE_CURVE ( 'NONE', #816, #1577, #1660, .T. ) ;
#1867 = ORIENTED_EDGE ( 'NONE', *, *, #1841, .F. ) ;
#1868 = CIRCLE ( 'NONE', #1359, 2.000000000000000000 ) ;
#1869 = CARTESIAN_POINT ( 'NONE',  ( 38.55000000000001137, 91.00000000000001421, 7.500000000000000000 ) ) ;
#1870 = VECTOR ( 'NONE', #455, 1000.000000000000000 ) ;
#1871 = EDGE_LOOP ( 'NONE', ( #231, #1961, #668, #76 ) ) ;
#1872 = AXIS2_PLACEMENT_3D ( 'NONE', #1297, #959, #495 ) ;
#1873 = FACE_OUTER_BOUND ( 'NONE', #1145, .T. ) ;
#1874 = EDGE_LOOP ( 'NONE', ( #1159, #14, #1661, #1454 ) ) ;
#1875 = CARTESIAN_POINT ( 'NONE',  ( 10.54999999999999893, 91.00000000000001421, 6.000000000000000000 ) ) ;
#1876 = PRODUCT_DEFINITION_FORMATION_WITH_SPECIFIED_SOURCE ( 'ANY', '', #68, .NOT_KNOWN. ) ;
#1877 = CIRCLE ( 'NONE', #675, 2.000000000000000000 ) ;
#1878 = DIRECTION ( 'NONE',  ( -1.000000000000000000, 0.000000000000000000, 0.000000000000000000 ) ) ;
#1879 = ORIENTED_EDGE ( 'NONE', *, *, #1912, .T. ) ;
#1880 = CARTESIAN_POINT ( 'NONE',  ( 0.000000000000000000, 5.000000000000000000, 3.000000000000000000 ) ) ;
#1881 = ADVANCED_FACE ( 'NONE', ( #1627 ), #2112, .F. ) ;
#1882 = TOROIDAL_SURFACE ( 'NONE', #1546, 5.000000000000000000, 2.000000000000000000 ) ;
#1883 = ORIENTED_EDGE ( 'NONE', *, *, #1048, .F. ) ;
#1884 = DIRECTION ( 'NONE',  ( -1.000000000000000000, 0.000000000000000000, 0.000000000000000000 ) ) ;
#1885 = ADVANCED_FACE ( 'NONE', ( #1635 ), #1823, .T. ) ;
#1886 = DIRECTION ( 'NONE',  ( -0.000000000000000000, -1.000000000000000000, -0.000000000000000000 ) ) ;
#1887 = ORIENTED_EDGE ( 'NONE', *, *, #731, .T. ) ;
#1888 = CARTESIAN_POINT ( 'NONE',  ( 34.04999999999999716, 10.00000000000000355, 5.000000000000000000 ) ) ;
#1889 = FACE_OUTER_BOUND ( 'NONE', #17, .T. ) ;
#1890 = DIRECTION ( 'NONE',  ( 0.000000000000000000, 0.000000000000000000, -1.000000000000000000 ) ) ;
#1891 = DIRECTION ( 'NONE',  ( -1.000000000000000000, 0.000000000000000000, 0.000000000000000000 ) ) ;
#1892 = CARTESIAN_POINT ( 'NONE',  ( 15.00000000000000178, 35.00000000000000000, -7.000000000000000000 ) ) ;
#1893 = CARTESIAN_POINT ( 'NONE',  ( 40.00000000000000711, 91.00000000000001421, 5.000000000000000000 ) ) ;
#1894 = ADVANCED_FACE ( 'NONE', ( #150 ), #335, .T. ) ;
#1895 = EDGE_LOOP ( 'NONE', ( #1590, #1918, #687, #761, #1544 ) ) ;
#1896 = PLANE ( 'NONE',  #647 ) ;
#1897 = CARTESIAN_POINT ( 'NONE',  ( 4.000000000000000888, 91.00000000000001421, 5.000000000000000000 ) ) ;
#1898 = ORIENTED_EDGE ( 'NONE', *, *, #368, .F. ) ;
#1899 = DIRECTION ( 'NONE',  ( 1.000000000000000000, -0.000000000000000000, -0.000000000000000000 ) ) ;
#1900 = CARTESIAN_POINT ( 'NONE',  ( 33.00000000000001421, 8.840765612792777617, 3.176015176112785721 ) ) ;
#1901 = ORIENTED_EDGE ( 'NONE', *, *, #559, .T. ) ;
#1902 = LINE ( 'NONE', #2103, #244 ) ;
#1903 = CARTESIAN_POINT ( 'NONE',  ( 37.00000000000000711, 63.00000000000001421, 6.000000000000000000 ) ) ;
#1904 = AXIS2_PLACEMENT_3D ( 'NONE', #901, #760, #1565 ) ;
#1905 = DIRECTION ( 'NONE',  ( 0.000000000000000000, 0.000000000000000000, 1.000000000000000000 ) ) ;
#1906 = AXIS2_PLACEMENT_3D ( 'NONE', #464, #1135, #1466 ) ;
#1907 = CARTESIAN_POINT ( 'NONE',  ( 0.000000000000000000, 8.000000000000000000, 5.000000000000000000 ) ) ;
#1908 = EDGE_LOOP ( 'NONE', ( #1083, #441, #63, #932 ) ) ;
#1909 = EDGE_CURVE ( 'NONE', #1686, #1285, #1960, .T. ) ;
#1910 = DIRECTION ( 'NONE',  ( 1.000000000000000000, 0.000000000000000000, 0.000000000000000000 ) ) ;
#1911 = ORIENTED_EDGE ( 'NONE', *, *, #1502, .T. ) ;
#1912 = EDGE_CURVE ( 'NONE', #1602, #1349, #1163, .T. ) ;
#1913 = VERTEX_POINT ( 'NONE', #1811 ) ;
#1914 = DIRECTION ( 'NONE',  ( -1.224646799147353207E-16, 1.000000000000000000, 0.000000000000000000 ) ) ;
#1915 = PLANE ( 'NONE',  #82 ) ;
#1916 = CIRCLE ( 'NONE', #1202, 2.999999999999999112 ) ;
#1917 = CARTESIAN_POINT ( 'NONE',  ( 0.000000000000000000, 0.000000000000000000, 3.000000000000000000 ) ) ;
#1918 = ORIENTED_EDGE ( 'NONE', *, *, #871, .F. ) ;
#1919 = DIRECTION ( 'NONE',  ( 1.000000000000000000, 0.000000000000000000, 0.000000000000000000 ) ) ;
#1920 = EDGE_CURVE ( 'NONE', #878, #948, #1001, .T. ) ;
#1921 = ORIENTED_EDGE ( 'NONE', *, *, #331, .F. ) ;
#1922 = EDGE_CURVE ( 'NONE', #916, #1471, #1712, .T. ) ;
#1923 = EDGE_LOOP ( 'NONE', ( #2023, #446, #1033, #237 ) ) ;
#1924 = DIRECTION ( 'NONE',  ( -1.000000000000000000, 0.000000000000000000, -0.000000000000000000 ) ) ;
#1925 = DIRECTION ( 'NONE',  ( 1.000000000000000000, 0.000000000000000000, 0.000000000000000000 ) ) ;
#1926 = ORIENTED_EDGE ( 'NONE', *, *, #698, .T. ) ;
#1927 = ORIENTED_EDGE ( 'NONE', *, *, #1225, .F. ) ;
#1928 = ORIENTED_EDGE ( 'NONE', *, *, #1351, .T. ) ;
#1929 = EDGE_CURVE ( 'NONE', #1983, #933, #827, .T. ) ;
#1930 = LINE ( 'NONE', #1120, #172 ) ;
#1931 = ORIENTED_EDGE ( 'NONE', *, *, #588, .T. ) ;
#1932 = DIRECTION ( 'NONE',  ( -0.000000000000000000, 0.000000000000000000, 1.000000000000000000 ) ) ;
#1933 = CARTESIAN_POINT ( 'NONE',  ( 38.00000000000000711, 8.000000000000003553, 3.000000000000000000 ) ) ;
#1934 = AXIS2_PLACEMENT_3D ( 'NONE', #134, #118, #280 ) ;
#1935 = ORIENTED_EDGE ( 'NONE', *, *, #892, .T. ) ;
#1936 = VECTOR ( 'NONE', #679, 1000.000000000000000 ) ;
#1937 = AXIS2_PLACEMENT_3D ( 'NONE', #133, #442, #245 ) ;
#1938 = DIRECTION ( 'NONE',  ( -1.000000000000000000, 0.000000000000000000, 0.000000000000000000 ) ) ;
#1939 = ORIENTED_EDGE ( 'NONE', *, *, #1410, .T. ) ;
#1940 = VECTOR ( 'NONE', #843, 1000.000000000000000 ) ;
#1941 = CARTESIAN_POINT ( 'NONE',  ( 37.00000000000000711, 91.00000000000001421, 6.000000000000000000 ) ) ;
#1942 = ORIENTED_EDGE ( 'NONE', *, *, #1376, .F. ) ;
#1943 = CARTESIAN_POINT ( 'NONE',  ( 31.00000000000000000, 9.000000000000001776, 3.000000000000000000 ) ) ;
#1944 = CARTESIAN_POINT ( 'NONE',  ( 37.00000000000000711, 91.00000000000001421, 7.500000000000000000 ) ) ;
#1945 = ADVANCED_FACE ( 'NONE', ( #1970 ), #488, .T. ) ;
#1946 = AXIS2_PLACEMENT_3D ( 'NONE', #539, #1698, #1044 ) ;
#1947 = FACE_OUTER_BOUND ( 'NONE', #1675, .T. ) ;
#1948 = VECTOR ( 'NONE', #4, 1000.000000000000000 ) ;
#1949 = DIRECTION ( 'NONE',  ( -0.000000000000000000, -0.000000000000000000, -1.000000000000000000 ) ) ;
#1950 = ORIENTED_EDGE ( 'NONE', *, *, #1462, .F. ) ;
#1951 = VECTOR ( 'NONE', #405, 1000.000000000000000 ) ;
#1952 = ORIENTED_EDGE ( 'NONE', *, *, #1778, .T. ) ;
#1953 = EDGE_LOOP ( 'NONE', ( #1132, #1342, #2128, #805, #689 ) ) ;
#1954 = CARTESIAN_POINT ( 'NONE',  ( 0.000000000000000000, 5.000000000000000000, 0.000000000000000000 ) ) ;
#1955 = ADVANCED_FACE ( 'NONE', ( #1453 ), #636, .T. ) ;
#1956 = CARTESIAN_POINT ( 'NONE',  ( 15.00000000000000178, 29.00000000000000000, 3.000000000000000000 ) ) ;
#1957 = ORIENTED_EDGE ( 'NONE', *, *, #2059, .F. ) ;
#1958 = FACE_OUTER_BOUND ( 'NONE', #1511, .T. ) ;
#1959 = EDGE_CURVE ( 'NONE', #1463, #812, #350, .T. ) ;
#1960 = LINE ( 'NONE', #317, #1948 ) ;
#1961 = ORIENTED_EDGE ( 'NONE', *, *, #132, .T. ) ;
#1962 = PLANE ( 'NONE',  #597 ) ;
#1963 = VERTEX_POINT ( 'NONE', #1875 ) ;
#1964 = DIRECTION ( 'NONE',  ( -1.000000000000000000, 0.000000000000000000, 0.000000000000000000 ) ) ;
#1965 = VECTOR ( 'NONE', #574, 1000.000000000000000 ) ;
#1966 = EDGE_CURVE ( 'NONE', #1337, #512, #1055, .T. ) ;
#1967 = CIRCLE ( 'NONE', #1904, 3.000000000000002665 ) ;
#1968 = CARTESIAN_POINT ( 'NONE',  ( 31.00000000000000000, 29.00000000000000000, 0.000000000000000000 ) ) ;
#1969 = DIRECTION ( 'NONE',  ( 1.000000000000000000, 2.312964634635743943E-16, 0.000000000000000000 ) ) ;
#1970 = FACE_OUTER_BOUND ( 'NONE', #1041, .T. ) ;
#1971 = ORIENTED_EDGE ( 'NONE', *, *, #1308, .T. ) ;
#1972 = CIRCLE ( 'NONE', #1704, 2.000000000000000000 ) ;
#1973 = EDGE_CURVE ( 'NONE', #782, #1508, #1129, .T. ) ;
#1974 = CARTESIAN_POINT ( 'NONE',  ( 0.000000000000000000, 0.000000000000000000, 3.000000000000000000 ) ) ;
#1975 = ORIENTED_EDGE ( 'NONE', *, *, #1410, .F. ) ;
#1976 = CARTESIAN_POINT ( 'NONE',  ( 40.00000000000000711, 91.00000000000001421, 6.000000000000000000 ) ) ;
#1977 = AXIS2_PLACEMENT_3D ( 'NONE', #1646, #160, #304 ) ;
#1978 = DIRECTION ( 'NONE',  ( -0.000000000000000000, -1.000000000000000000, -0.000000000000000000 ) ) ;
#1979 = DIRECTION ( 'NONE',  ( 0.000000000000000000, 0.000000000000000000, 1.000000000000000000 ) ) ;
#1980 = DIRECTION ( 'NONE',  ( -1.000000000000000000, 0.000000000000000000, 0.000000000000000000 ) ) ;
#1981 = DIRECTION ( 'NONE',  ( 0.000000000000000000, -1.000000000000000000, 0.000000000000000000 ) ) ;
#1982 = CIRCLE ( 'NONE', #853, 5.000000000000000000 ) ;
#1983 = VERTEX_POINT ( 'NONE', #547 ) ;
#1984 = DIRECTION ( 'NONE',  ( -0.000000000000000000, 1.000000000000000000, 0.000000000000000000 ) ) ;
#1985 = ADVANCED_FACE ( 'NONE', ( #1384 ), #1195, .F. ) ;
#1986 = ORIENTED_EDGE ( 'NONE', *, *, #673, .F. ) ;
#1987 = FACE_OUTER_BOUND ( 'NONE', #603, .T. ) ;
#1988 = CARTESIAN_POINT ( 'NONE',  ( 15.00000000000000533, 12.00000000000000000, 0.000000000000000000 ) ) ;
#1989 = CARTESIAN_POINT ( 'NONE',  ( 15.00000000000000178, 35.00000000000000000, 3.000000000000000000 ) ) ;
#1990 = DIRECTION ( 'NONE',  ( 1.000000000000000000, 0.000000000000000000, 0.000000000000000000 ) ) ;
#1991 = CARTESIAN_POINT ( 'NONE',  ( 9.000000000000001776, 91.00000000000001421, 6.000000000000000000 ) ) ;
#1992 = DIRECTION ( 'NONE',  ( -1.000000000000000000, 0.000000000000000000, 0.000000000000000000 ) ) ;
#1993 = ORIENTED_EDGE ( 'NONE', *, *, #1425, .T. ) ;
#1994 = CARTESIAN_POINT ( 'NONE',  ( 46.00000000000000000, 0.000000000000000000, 3.000000000000000000 ) ) ;
#1995 = ORIENTED_EDGE ( 'NONE', *, *, #1340, .F. ) ;
#1996 = LINE ( 'NONE', #653, #1152 ) ;
#1997 = EDGE_CURVE ( 'NONE', #1508, #1106, #1551, .T. ) ;
#1998 = ORIENTED_EDGE ( 'NONE', *, *, #791, .T. ) ;
#1999 = DIRECTION ( 'NONE',  ( -1.000000000000000000, -1.734723475976807341E-16, 0.000000000000000000 ) ) ;
#2000 = CARTESIAN_POINT ( 'NONE',  ( 8.000000000000000000, 32.00000000000000000, 3.000000000000000000 ) ) ;
#2001 = VECTOR ( 'NONE', #1140, 1000.000000000000000 ) ;
#2002 = CYLINDRICAL_SURFACE ( 'NONE', #1432, 2.000000000000000000 ) ;
#2003 = AXIS2_PLACEMENT_3D ( 'NONE', #1283, #1932, #1752 ) ;
#2004 = CIRCLE ( 'NONE', #666, 2.000000000000000000 ) ;
#2005 = ORIENTED_EDGE ( 'NONE', *, *, #1215, .T. ) ;
#2006 = DIRECTION ( 'NONE',  ( -1.000000000000000000, 0.000000000000000000, 0.000000000000000000 ) ) ;
#2007 = AXIS2_PLACEMENT_3D ( 'NONE', #1848, #1047, #73 ) ;
#2008 = CARTESIAN_POINT ( 'NONE',  ( 37.00000000000000711, 91.00000000000001421, 7.500000000000000000 ) ) ;
#2009 = CARTESIAN_POINT ( 'NONE',  ( 34.00000000000000000, 63.00000000000001421, 6.000000000000000000 ) ) ;
#2010 = EDGE_CURVE ( 'NONE', #1141, #182, #58, .T. ) ;
#2011 = AXIS2_PLACEMENT_3D ( 'NONE', #523, #509, #1532 ) ;
#2012 = ORIENTED_EDGE ( 'NONE', *, *, #56, .F. ) ;
#2013 = DIRECTION ( 'NONE',  ( 0.000000000000000000, 0.000000000000000000, 1.000000000000000000 ) ) ;
#2014 = CARTESIAN_POINT ( 'NONE',  ( 31.00000000000000000, 29.00000000000000000, 0.000000000000000000 ) ) ;
#2015 = ORIENTED_EDGE ( 'NONE', *, *, #1107, .T. ) ;
#2016 = CIRCLE ( 'NONE', #1093, 2.000000000000001776 ) ;
#2017 = EDGE_LOOP ( 'NONE', ( #730, #2082, #1926, #346 ) ) ;
#2018 = CARTESIAN_POINT ( 'NONE',  ( 37.00000000000000711, 63.00000000000001421, 5.000000000000000000 ) ) ;
#2019 = DIRECTION ( 'NONE',  ( -1.000000000000000000, 0.000000000000000000, 0.000000000000000000 ) ) ;
#2020 = CARTESIAN_POINT ( 'NONE',  ( 37.00000000000000711, 91.00000000000001421, 6.000000000000000000 ) ) ;
#2021 = AXIS2_PLACEMENT_3D ( 'NONE', #1312, #988, #857 ) ;
#2022 = LINE ( 'NONE', #1516, #1455 ) ;
#2023 = ORIENTED_EDGE ( 'NONE', *, *, #27, .F. ) ;
#2024 = CARTESIAN_POINT ( 'NONE',  ( 41.00000000000000000, 0.000000000000000000, 3.000000000000000000 ) ) ;
#2025 = ADVANCED_FACE ( 'NONE', ( #1691 ), #738, .F. ) ;
#2026 = DIRECTION ( 'NONE',  ( -1.000000000000000000, 0.000000000000000000, 0.000000000000000000 ) ) ;
#2027 = EDGE_CURVE ( 'NONE', #1606, #250, #1226, .T. ) ;
#2028 = DIRECTION ( 'NONE',  ( -1.000000000000000000, 0.000000000000000000, 0.000000000000000000 ) ) ;
#2029 = CYLINDRICAL_SURFACE ( 'NONE', #1119, 1.549999999999998490 ) ;
#2030 = ORIENTED_EDGE ( 'NONE', *, *, #2130, .T. ) ;
#2031 = DIRECTION ( 'NONE',  ( -0.000000000000000000, -0.000000000000000000, -1.000000000000000000 ) ) ;
#2032 = ADVANCED_FACE ( 'NONE', ( #1519 ), #2002, .F. ) ;
#2033 = CARTESIAN_POINT ( 'NONE',  ( 31.00000000000000000, 9.000000000000001776, 5.000000000000000000 ) ) ;
#2034 = AXIS2_PLACEMENT_3D ( 'NONE', #1994, #722, #1358 ) ;
#2035 = ORIENTED_EDGE ( 'NONE', *, *, #281, .T. ) ;
#2036 = ADVANCED_FACE ( 'NONE', ( #201 ), #554, .T. ) ;
#2037 = CYLINDRICAL_SURFACE ( 'NONE', #972, 3.000000000000002665 ) ;
#2038 = DIRECTION ( 'NONE',  ( -0.000000000000000000, -0.000000000000000000, -1.000000000000000000 ) ) ;
#2039 = CYLINDRICAL_SURFACE ( 'NONE', #1341, 2.000000000000000000 ) ;
#2040 = ORIENTED_EDGE ( 'NONE', *, *, #969, .T. ) ;
#2041 = LINE ( 'NONE', #1402, #31 ) ;
#2042 = CARTESIAN_POINT ( 'NONE',  ( 15.00000000000000533, 12.00000000000000000, -7.000000000000000000 ) ) ;
#2043 = VERTEX_POINT ( 'NONE', #1365 ) ;
#2044 = AXIS2_PLACEMENT_3D ( 'NONE', #130, #92, #1736 ) ;
#2045 = EDGE_CURVE ( 'NONE', #383, #1534, #385, .T. ) ;
#2046 = CARTESIAN_POINT ( 'NONE',  ( 15.00000000000000178, 31.00000000000000000, 3.000000000000000000 ) ) ;
#2047 = CIRCLE ( 'NONE', #1812, 2.000000000000001776 ) ;
#2048 = CARTESIAN_POINT ( 'NONE',  ( 12.99999999999999289, 0.000000000000000000, -0.000000000000000000 ) ) ;
#2049 = FACE_BOUND ( 'NONE', #709, .T. ) ;
#2050 = CARTESIAN_POINT ( 'NONE',  ( 11.94999999999999574, 32.00000000000000000, 5.000000000000000000 ) ) ;
#2051 = ORIENTED_EDGE ( 'NONE', *, *, #422, .T. ) ;
#2052 = DIRECTION ( 'NONE',  ( 0.000000000000000000, 0.000000000000000000, 1.000000000000000000 ) ) ;
#2053 = CARTESIAN_POINT ( 'NONE',  ( 5.000000000000000000, 95.00000000000000000, 3.000000000000000000 ) ) ;
#2054 = DIRECTION ( 'NONE',  ( 0.000000000000000000, 0.000000000000000000, -1.000000000000000000 ) ) ;
#2055 = CARTESIAN_POINT ( 'NONE',  ( 0.000000000000000000, 0.000000000000000000, 5.000000000000000000 ) ) ;
#2056 = EDGE_CURVE ( 'NONE', #278, #1508, #517, .T. ) ;
#2057 = DIRECTION ( 'NONE',  ( 0.000000000000000000, 0.000000000000000000, -1.000000000000000000 ) ) ;
#2058 = ORIENTED_EDGE ( 'NONE', *, *, #739, .F. ) ;
#2059 = EDGE_CURVE ( 'NONE', #436, #1696, #1710, .T. ) ;
#2060 = LINE ( 'NONE', #1242, #1150 ) ;
#2061 =( NAMED_UNIT ( * ) SI_UNIT ( $, .STERADIAN. ) SOLID_ANGLE_UNIT ( ) );
#2062 = MANIFOLD_SOLID_BREP ( 'ﾌｨﾚｯﾄ4', #942 ) ;
#2063 = ORIENTED_EDGE ( 'NONE', *, *, #284, .T. ) ;
#2064 = VECTOR ( 'NONE', #1535, 1000.000000000000000 ) ;
#2065 = ORIENTED_EDGE ( 'NONE', *, *, #505, .T. ) ;
#2066 = FACE_BOUND ( 'NONE', #1272, .T. ) ;
#2067 = CARTESIAN_POINT ( 'NONE',  ( 9.000000000000001776, 91.00000000000001421, 3.000000000000000000 ) ) ;
#2068 = VECTOR ( 'NONE', #1740, 1000.000000000000000 ) ;
#2069 = DIRECTION ( 'NONE',  ( -1.000000000000000000, 0.000000000000000000, 0.000000000000000000 ) ) ;
#2070 = VECTOR ( 'NONE', #2038, 1000.000000000000000 ) ;
#2071 = ORIENTED_EDGE ( 'NONE', *, *, #1161, .F. ) ;
#2072 = DIRECTION ( 'NONE',  ( 1.000000000000000000, 0.000000000000000000, 0.000000000000000000 ) ) ;
#2073 = DIRECTION ( 'NONE',  ( 1.734723475976807341E-16, -1.000000000000000000, 0.000000000000000000 ) ) ;
#2074 = EDGE_CURVE ( 'NONE', #589, #838, #1533, .T. ) ;
#2075 = ORIENTED_EDGE ( 'NONE', *, *, #873, .T. ) ;
#2076 = ORIENTED_EDGE ( 'NONE', *, *, #1801, .T. ) ;
#2077 =( BOUNDED_CURVE ( )  B_SPLINE_CURVE ( 3, ( #1031, #219, #1531, #1668 ),
 .UNSPECIFIED., .F., .F. ) 
 B_SPLINE_CURVE_WITH_KNOTS ( ( 4, 4 ),
 ( 4.712388980384689674, 6.283185307179586232 ),
 .UNSPECIFIED. ) 
 CURVE ( )  GEOMETRIC_REPRESENTATION_ITEM ( )  RATIONAL_B_SPLINE_CURVE ( ( 1.000000000000000000, 0.8047378541243649375, 0.8047378541243649375, 1.000000000000000000 ) ) 
 REPRESENTATION_ITEM ( '' )  );
#2078 = LINE ( 'NONE', #448, #1769 ) ;
#2079 = ORIENTED_EDGE ( 'NONE', *, *, #884, .T. ) ;
#2080 = CARTESIAN_POINT ( 'NONE',  ( 37.00000000000000711, 91.00000000000001421, 6.000000000000000000 ) ) ;
#2081 = CARTESIAN_POINT ( 'NONE',  ( 40.00000000000000711, 63.00000000000001421, 5.000000000000000000 ) ) ;
#2082 = ORIENTED_EDGE ( 'NONE', *, *, #437, .T. ) ;
#2083 = VECTOR ( 'NONE', #967, 1000.000000000000000 ) ;
#2084 = VERTEX_POINT ( 'NONE', #434 ) ;
#2085 = CARTESIAN_POINT ( 'NONE',  ( 10.00000000000000000, 30.00000000000000000, 3.828427124746190291 ) ) ;
#2086 =( NAMED_UNIT ( * ) SI_UNIT ( $, .STERADIAN. ) SOLID_ANGLE_UNIT ( ) );
#2087 = DIRECTION ( 'NONE',  ( -1.000000000000000000, -1.156482317317871971E-16, -0.000000000000000000 ) ) ;
#2088 = ORIENTED_EDGE ( 'NONE', *, *, #303, .F. ) ;
#2089 = ORIENTED_EDGE ( 'NONE', *, *, #490, .F. ) ;
#2090 = ADVANCED_FACE ( 'NONE', ( #1277 ), #1078, .F. ) ;
#2091 = EDGE_CURVE ( 'NONE', #483, #930, #1765, .T. ) ;
#2092 = ORIENTED_EDGE ( 'NONE', *, *, #1112, .F. ) ;
#2093 = CARTESIAN_POINT ( 'NONE',  ( 10.00000000000000355, 10.00000000000000000, 5.000000000000000000 ) ) ;
#2094 = CARTESIAN_POINT ( 'NONE',  ( 46.00000000000000000, 95.00000000000000000, 0.000000000000000000 ) ) ;
#2095 = ORIENTED_EDGE ( 'NONE', *, *, #216, .F. ) ;
#2096 = LINE ( 'NONE', #1476, #1870 ) ;
#2097 = ADVANCED_FACE ( 'NONE', ( #939 ), #423, .F. ) ;
#2098 = ORIENTED_EDGE ( 'NONE', *, *, #129, .F. ) ;
#2099 = FACE_OUTER_BOUND ( 'NONE', #661, .T. ) ;
#2100 = LINE ( 'NONE', #1974, #663 ) ;
#2101 = EDGE_CURVE ( 'NONE', #1067, #1686, #95, .T. ) ;
#2102 = ORIENTED_EDGE ( 'NONE', *, *, #1059, .T. ) ;
#2103 = CARTESIAN_POINT ( 'NONE',  ( 0.000000000000000000, 100.0000000000000000, 3.000000000000000000 ) ) ;
#2104 = CARTESIAN_POINT ( 'NONE',  ( 0.000000000000000000, 0.000000000000000000, 4.000000000000000000 ) ) ;
#2105 = VECTOR ( 'NONE', #657, 1000.000000000000000 ) ;
#2106 = ORIENTED_EDGE ( 'NONE', *, *, #332, .T. ) ;
#2107 = AXIS2_PLACEMENT_3D ( 'NONE', #2080, #1262, #450 ) ;
#2108 = CIRCLE ( 'NONE', #1872, 3.000000000000000000 ) ;
#2109 = LINE ( 'NONE', #325, #558 ) ;
#2110 = ORIENTED_EDGE ( 'NONE', *, *, #1568, .T. ) ;
#2111 = CIRCLE ( 'NONE', #633, 3.000000000000002665 ) ;
#2112 = PLANE ( 'NONE',  #462 ) ;
#2113 = CARTESIAN_POINT ( 'NONE',  ( 36.00000000000000711, 30.00000000000000711, 5.000000000000000000 ) ) ;
#2114 = ORIENTED_EDGE ( 'NONE', *, *, #546, .F. ) ;
#2115 = VERTEX_POINT ( 'NONE', #1405 ) ;
#2116 = CARTESIAN_POINT ( 'NONE',  ( 31.00000000000000000, 10.00000000000000000, 0.000000000000000000 ) ) ;
#2117 = ADVANCED_FACE ( 'NONE', ( #1889 ), #1243, .F. ) ;
#2118 = AXIS2_PLACEMENT_3D ( 'NONE', #1334, #1861, #1980 ) ;
#2119 = VECTOR ( 'NONE', #35, 1000.000000000000000 ) ;
#2120 = DIRECTION ( 'NONE',  ( 0.000000000000000000, -1.000000000000000000, 0.000000000000000000 ) ) ;
#2121 = UNCERTAINTY_MEASURE_WITH_UNIT (LENGTH_MEASURE( 1.000000000000000082E-05 ), #419, 'distance_accuracy_value', 'NONE');
#2122 = DIRECTION ( 'NONE',  ( -0.000000000000000000, -0.000000000000000000, -1.000000000000000000 ) ) ;
#2123 = CARTESIAN_POINT ( 'NONE',  ( 9.000000000000005329, 63.00000000000001421, 5.000000000000000000 ) ) ;
#2124 = LINE ( 'NONE', #981, #1131 ) ;
#2125 = VERTEX_POINT ( 'NONE', #1256 ) ;
#2126 = CIRCLE ( 'NONE', #1235, 5.000000000000004441 ) ;
#2127 = PLANE ( 'NONE',  #859 ) ;
#2128 = ORIENTED_EDGE ( 'NONE', *, *, #2056, .F. ) ;
#2129 = DIRECTION ( 'NONE',  ( 1.000000000000000000, 1.734723475976807341E-16, -0.000000000000000000 ) ) ;
#2130 = EDGE_CURVE ( 'NONE', #672, #1247, #1443, .T. ) ;
#2131 = ORIENTED_EDGE ( 'NONE', *, *, #1385, .F. ) ;
ENDSEC;
END-ISO-10303-21;
